raw_affiliation,institution_country_code
"American Association of Colleges of Osteopathic Medicine, Bethesda, MD, USA",US
"USF Rainha D. Amélia, Porto, Portugal",PT
"Discipline of General Practice, NUI Galway, Galway, UK",GB
"Lee Kong Chian School of Medicine, Singapore, Singapore",SG
"South Eastern Private Hospital, Melbourne, Australia",AU
"Academic Centre for Human Behaviour and Movement, Faculty of Behavioural and Movement Sciences, LEARN!, VU University Amsterdam, De Boelelaan 1105, 1081 HV, Amsterdam, The Netherlands. t.van.lankveld@vu.nl | VUmc School of Medical Sciences Amsterdam, LEARN!, VU University Medical Center, Amsterdam, The Netherlands. t.van.lankveld@vu.nl | Academic Centre for Human Behaviour and Movement, Faculty of Behavioural and Movement Sciences, LEARN!, VU University Amsterdam, De Boelelaan 1105, 1081 HV, Amsterdam, The Netherlands",NL
"Academic Centre for Human Behaviour and Movement, Faculty of Behavioural and Movement Sciences, LEARN!, VU University Amsterdam, De Boelelaan 1105, 1081 HV, Amsterdam, The Netherlands",NL
"Work Psychology Group, 27 Brunel Parkway, Pride Park, Derby, DE24 8HR, UK",GB
"Plymouth University Peninsula School of Medicine, Plymouth, UK",GB
"Temerty Faculty of Medicine, Toronto, Canada",CA
"Group Education, National Healthcare Group, Singapore, Singapore",SG
"Ornge Transport Medicine, Base Hospital and Clinical Affairs, Mississauga, ON, Canada",CA
"Department of Family Medicine and Community Health, University of Wisconsin School of Medicine and Public Health, Madison, WI, USA",US
"Netherlands Centre for Post-Academic Education in Pharmacy, Bilthoven, The Netherlands. s.schouten@paofarmacie.nl | Utrecht Institute of Pharmaceutical Sciences, Utrecht University, Utrecht, The Netherlands. s.schouten@paofarmacie.nl | Netherlands Centre for Post-Academic Education in Pharmacy, Bilthoven, The Netherlands",NL
"Belleville General Hospital, 265 Dundas Street East, Belleville, ON, K8N 5A9, Canada",CA
"Occupational Psychology, Department of Neuroscience, Psychology and Behaviour, University of Leicester, Leicester, LE1 7RH, UK. fcc9@le.ac.uk | Work Psychology Group, 27 Brunel Parkway, Pride Park, Derby, DE24 8HR, UK. fcc9@le.ac.uk | Work Psychology Group, 27 Brunel Parkway, Pride Park, Derby, DE24 8HR, UK",GB
"The Medical Library at the Yong Loo Lin School of Medicine, Singapore, Singapore",SG
"Edinburgh Medical School, Chancellor's Building, Little France Crescent, Edinburgh, EH16 4SB, UK",GB
"Undergraduate Medical Education, Cumming School of Medicine, Calgary, AB, Canada",CA
"Greater Houston Endocrinology, PLLC, Houston, TX, 77089, USA",US
"New South Wales Regional Health Partners, Newcastle, Australia",AU
"Department of Medical Education, Faculty of Medicine, University of Kelaniya, Kelaniya, Taiwan",TW
"Center for Medical Education, Graduate School of Medicine, Nagoya University, Nagoya, China",CN
"Medical Faculty, Göttingen University, Göttingen, Germany",DE
"Department of Pediatrics, North Central Bronx Hospital, Bronx, NY, USA",US
"Independent service user educator researcher, Toronto, ON, Canada",CA
"Tropical Medical Training, Townsville, QLD, Australia",AU
"General Practice Training Valley to Coast, Mayfield, NSW, Australia",AU
"Department of Medicine & Office of Research and Development in Medical Education, University of California at San Francisco School of Medicine, San Francisco, CA, USA",US
"MIELI, Mental Health Finland, Helsinki, Finland",FI
"Contrail Consulting Services, Toronto, Canada",CA
"Medical Device Management and Training, Schindeller 11, 97218, Gerbrunn, Germany",DE
"Department of General Practice, Erasmus Medical Center Rotterdam, Rotterdam, The Netherlands",NL
"VvAA, Orteliuslaan 750, 3528 BB, Utrecht, The Netherlands",NL
"Institute of Medical Education Research Rotterdam (iMERR), Erasmus Medical Center Rotterdam, Rotterdam, The Netherlands",NL
"Monash College, Melbourne, Australia",AU
"Universidad Nacional, Bogotá, Colombia",CO
"Contrail Consulting Services, Toronto, ON, Canada",CA
"Department Educational Science, Institute of Educational Psychology, Franckeplatz 1, 06099, Halle (Saale), Germany. michel.knigge@gmail.com | Human Sciences Faculty, University of Potsdam, Karl-Liebknecht-Str. 24-25, Building 31, 14476, Potsdam, Germany. michel.knigge@gmail.com | Department Educational Science, Institute of Educational Psychology, Franckeplatz 1, 06099, Halle (Saale), Germany",DE
", Ottawa, Canada | Ottawa, Canada",CA
"The Canadian Society of Respiratory Therapists, Saint John, NB, Canada",CA
"Independent Researcher, Utrecht, The Netherlands",NL
"Institute for Innovations in Medical Education, NYU Grossman School of Medicine, New York, USA",US
"Peninsula Medical School, Plymouth University, Plymouth, UK",GB
"PSYVEL, Straatweg 94, 3051 BL, Rotterdam, The Netherlands",NL
"Department of General Practice, Erasmus Medical Center, Dr. Molewaterplein 40, 3015 GD, Rtterdam, The Netherlands",NL
"GPEx Ltd., 132 Greenhill Road, Unley, South Australia, 5061, Australia",AU
"Dermatologie am Rhein, Blumenrain 20, 4051, Basel, Switzerland",CH
"International Council for Veterinary Assessment, Bismarck, ND, USA",US
"DEFACTUM, Evald Krogs Gade 16A, 8000, Aarhus C, Denmark",DK
"Department of General Practice, and Amsterdam Public Health research institute, Amsterdam UMC, Amsterdam, The Netherlands",NL
"Sophie Davis School of Biomedical Education, New York, NY, USA",US
"AQA Education's Centre for Education Research and Practice (CERP, AQA Education), Stag Hill House, Guildford, Surrey, GU2 7XJ, UK. nstringer@aqa.org.uk | AQA Education's Centre for Education Research and Practice (CERP, AQA Education), Stag Hill House, Guildford, Surrey, GU2 7XJ, UK",GB
"AQA Education's Centre for Education Research and Practice, Surrey, UK",GB
"Faculty Office, Sci",
Community Health,AU
Biomedical Sciences,AU
"Pediatric surgery, Department of general surgery, Faculty of Medicine, Jordan University, Irbid, Jordan",JO
"Bionuclear Medicine of Teresina, Rua Desembargador Pires de Castro, 489, 64001-390, Teresina, PI, Brazil",BR
"Center of Development of Medical Education, Avenida Dr Arnaldo, 455, 1 andar, sala 1210, 01246903, São Paulo, Brazil. patriciatempski@hotmail.com | Center of Development of Medical Education, School of Medicine of Univrsity of São Paulo, Av. Dr. Arnaldo, 455, Sala 2349, 01246-903, São Paulo, SP, Brazil. patriciatempski@hotmail.com | Center of Development of Medical Education, Avenida Dr Arnaldo, 455, 1 andar, sala 1210, 01246903, São Paulo, Brazil",BR
"Fimmic Oy, Helsinki, Finland",FI
"Clinical Playground, LLC, Madison, WI, USA",US
"SigmaStats(r) Consulting, LLC. Charleston, SC, USA",US
"Nursing Department, Fatima College of Health Sciences, Abu Dhabi, UAE",AE
"Department of Nursing, Fatima College of Health Sciences, Al Ain, UAE",AE
"Department of Nursing, Fatima College of Health Sciences, Al Dhafra, UAE",AE
"Research in Education Department, VUmc School of Medical Sciences (In affiliation with LEARN! Research Institute for Learning and Education, VU University, Amsterdam, The Netherlands), P.O. Box 7057, 1007 MB, Amsterdam, The Netherlands | Research in Education Department, VUmc School of Medical Sciences (In affiliation with LEARN! Research Institute for Learning and Education, VU University, Amsterdam, The Netherlands), Amsterdam, The Netherlands",NL
"Invento: Creative Solutions for Health, Wellness & Education Corp, Vancouver, BC, Canada",CA
"Environmental Health Sciences, Yale Center on Climate Change and Health, Yale School of Public Health, New Haven, CT, USA",US
"Nuffield Department of Primary Care Health Sciences, Radcliffe Primary Care Building, Radcliffe Observatory Quarter, Woodstock Rd, Oxford, OX2 6GG, England",GB
"Medical Statistics, Nuffield Department of Primary Care Health Sciences, Radcliffe Primary Care Building, Radcliffe Observatory Quarter, Woodstock Rd, Oxford, OX2 6GG, England",GB
"Consulting Company Justeva, Aldersrovej 23 D, 8200, Aarhus N, Denmark",DK
"3M Health Information Systems Division, Salt Lake City, USA",US
"Chief Science Officer, SixSeed Partners, Washington, D.C, USA",US
"Practice Drs./NL Albertus Arends, Heidelberg, Germany",DE
"Department of Women's Health, Research Institute for Women's Health, University Hospital Tuebingen, Calwerstrasse 7, D-72076, Tuebingen, Germany | Department of Women's Health, University Hospital Tuebingen, Calwerstrasse 7, D-72076, Tuebingen, Germany | Medical Faculty Tuebingen, Dean's Office for Students' Affairs, Geissweg 5/1, D-72076, Tuebingen, Germany",DE
"DRK Clinic Center Berlin, Hospital for Psychosomatic Medicine and Psychotherapy, Spandauer Damm 130, D-14050, Berlin, Germany",DE
"Department of Psychosomatic Medicine and Psychotherapy, University Hospital Tuebingen, Internal Medicine, Osianderstrasse 5, D-72076, Tuebingen, Germany | Medical Faculty Tuebingen, Dean's Office for Students' Affairs, Geissweg 5/1, D-72076, Tuebingen, Germany",DE
"Department of Psychosomatic Medicine and Psychotherapy, University Hospital Tuebingen, Internal Medicine, Osianderstrasse 5, D-72076, Tuebingen, Germany",DE
"Medical Faculty Tuebingen, Dean's Office for Students' Affairs, Geissweg 5/1, D-72076, Tuebingen, Germany",DE
"Flinders Medical School, Adelaide, Australia",AU
"Research and training Department, Amanuel mental specialized hospital, Addis Ababa, Ethiopia",ET
"Faculty of Health Science, Youth and Community Studies, Holmesglen Institute and Healthscope Hospitals, Holmesglen, Melbourne, Australia",AU
"Faculty of Business Informatics, University of Utrecht, Utrecht, The Netherlands",NL
"CMH Institute of Medical Science (CIMS), Multan, Pakistan",PK
"Harvard Graduate School of Education, Cambridge, USA",US
"Elevate Health, Utrecht, The Netherlands",NL
"Department of Public and Occupational Health, Amsterdam Public Health Research Institute, VU University Medical Center, Amsterdam, The Netherlands",NL
"Centre for Positive Psychology and Health, RCSI, Dublin, Ireland",IE
"He Wang Lan digital ST CO.LTD, Hefei, China",CN
"Institute of Family Medicine, University Medical Centre Schleswig-Holstein, Ratzeburger Allee 160, Lübeck, 23562, Germany",DE
"Department of Medical Education, School of Medicine, California University of Science & Medicine, Colton, California, USA",US
"The Master Surgeon Trust, Birmingham, Worcestershire, UK",GB
"Department of Medical Education, School of Medical Sciences, University Sains Malaysia, Health campus, Kelantan, Kota Bahru, Malaysia",MY
"School of Social Sciences, Education and Social Work, Queen's University Belfast, 6 College Park, Belfast, Northern Ireland | School of Social Sciences, Education and Social Work, Queen’s University Belfast, 6 College Park, Belfast, Northern Ireland",GB
"German Leprosy and TB Relief Association Enugu, Enugu, Nigeria",NG
"Physiotherapist, Private practitioner, Pistoia, Italy",IT
"Sheikh Saud bin Saqr Al Qasimi Foundation for Policy Research, P.O. Box 12050, Ras Al Khaimah, United Arab Emirates",AE
"Enka High School, Istanbul, Türkiye",TR
"Georgian-American Family Medicine Clinic ""Medical House"", Tbilisi, Georgia",GE
"ProNurse Project, Cowater International, Dhaka, Bangladesh",BD
"Department University Hospital of Wuerzburg, Center of Mental Health, Department of Child and Adolescent Psychiatry, Psychosomatics and Psychotherapy, Fuechsleinstraße 15, 97080, Wuerzburg, Germany",DE
"Eberhard-Karls University, Competence Centre for University Teaching in Medicine, Baden-Wuerttemberg, Elfriede-Aulhorn-Str. 10, D-72076, Tuebingen, Germany",DE
"Department of Internal Medicine VI (Psychosomatic medicine), University Hospital Tübingen, Osianderstr. 5, 72076, Tübingen, Germany",DE
"Hong Kong College of Emergency Medicine, Hong Kong, China",CN
"Nephrology Department, NewGiza University School of Medicine, Giza, Egypt",EG
"Tom Allan Centre, Glasgow, Scotland, UK. anne.goldie@crossreach.org.uk | Tom Allan Centre, Glasgow, Scotland, UK",GB
"Botnar Research Centre, Windmill Road, Headington, Oxford, OX3 7LD, England",GB
"CareMore Health, Atlanta, GA, USA",US
"Pediatric cardiology unit, Children Hospital, CHU Toulouse, 330 Avenue de Grande Bretagne TSA 70034, 31059, Toulouse cedex 9, France",FR
"Department of Internal Medicine, Tokyo Bay Urayasu Ichikawa Medical Center, Urayasu, Chiba, Japan",JP
"Departamento Regional de Saúde de Marília, Rua Quinze de Novembro, 1151, Alto Cafezal, Marília, SP, 17504000, Brazil",BR
"Gastroenterological Medical Group Offices, MED Specialist Center Mainz, Mainz, Germany",DE
"Medical Research Direction, Ministry of Health, Tunis, Tunisia",TN
"Prince Faisal Bin Bander Cancer Center, Buraidah, Saudi Arabia",SA
"University Hospital Tuebingen, Institute for Health Sciences, Section of Midwifery Science, Hoppe-Seyler-Strasse 9, 72076, Tuebingen, Germany",DE
"Internal Medicine, Department of Psychosomatic Medicine and Psychotherapy, University Hospital Tuebingen, Osianderstrasse 5, 72076, Tuebingen, Germany | Medical Faculty Tuebingen, Dean's Office for Students' Affairs, Geissweg 5, 72076, Tuebingen, Germany",DE
"Medical Faculty Tuebingen, Dean's Office for Students' Affairs, Geissweg 5, 72076, Tuebingen, Germany | Medical Faculty Tuebingen, Dean’s Office for Students’ Affairs, Geissweg 5, 72076, Tuebingen, Germany",DE
"Internal Medicine, Department of Psychosomatic Medicine and Psychotherapy, University Hospital Tuebingen, Osianderstrasse 5, 72076, Tuebingen, Germany | Medical Faculty Tuebingen, Interdisciplinary Training Centre DocLab, Elfriede-Aulhorn-Strasse 10, 72076, Tuebingen, Germany",DE
"Department of Oral Medicine, Heilongjiang Nursing College, Harbin, 150001, P. R. China",CN
"Erasmus Medical Center, Wytemaweg 80, 3015 CP, Rotterdam, The Netherlands",NL
"Health Professions Education Centre, RCSI University of Medicine and Health Science, Dublin, Ireland",IE
"Library, RCSI University of Medicine and Health Science, Dublin, Ireland",IE
"Nursing Department, Fatima College of Health Sciences, Al Ain Campus, Abu Dhabi, UAE",AE
"University Clinical Hospital, Wroclaw, Poland",PL
"LJD Coaching, 1579 44th Street NW, Washington, DC, 20007, USA",US
"Office of the Executive Director of Allied Health, South Brisbane, Queensland, Australia",AU
"Faculty of Medicine, Imperial College School of Medicine , Hammersmith Campus, Room 6N5c, Commonwealth Building, W12 0NN, London, UK",GB
"Jhpiego Ethiopia, Addis Ababa, Ethiopia",ET
"ACES Baixo Vouga, Administração Regional de Saúde do Centro, Aveiro, Portugal",PT
"Independent Researcher, Tehran, Iran",IR
"Integrated Care Management at Talavera de la Reina, Castilla-La Mancha Health Services, Talavera de la Reina, Toledo, Spain",ES
"Institute of Medical Psychology and Medical Sociology, University Medical Centre Göttingen, Göttingen, Germany",DE
"Heilongjiang Nursing College, Advanced Practice Nurse, Comprehensive Department of Nursing Education and Research, 209 Xuefu Road, Harbin, Heilongjiang Province, 150086, China",CN
"Department of Forensic Medicine and Toxicology, Bhagat Phool Singh Govt Medical College for Women, Khanpur Kalan, Sonepat, Haryana, 131305, India",IN
"Karolinska Institutet, Department of Learning, Informatics, Management and Ethics, Amsterdam, The Netherlands",NL
"Zarns Medical College, Clariens Education, 3230 Luís Viana Filho Avenue, Salvador, Bahia, 41720-200, Brazil",BR
"Institute for Artificial Intelligence in Medicine, University Hospital Giessen and Marburg, Philipps University Marburg, Marburg, Germany",DE
"Department of Operating Room Nursing, Behbahan Faculty of Medical Sciences, Behbahan, Iran",IR
"Department of Graduate Nursing Program, Institute of Cardiology of Rio Grande Do Sul, University Foundation of Cardiology, Porto Alegre, Brazil",BR
"Xi 'an Ma Ke Medical Technology Ltd, Room 21516, Block C, Chaoyang International Plaza, Xi'an, Shaanxi, China",CN
"IMU Centre for Education & Department of Human Biology, School of Medicine, IMU University, Bukit Jalil, Kuala Lumpur, 57000, Malaysia",MY
"Medigen Vaccine Biologics, Taipei, Taiwan",TW
"Department of educational development, Aga Khan university Hospital, Stadium Road, P.O. Box 3500, Karachi, Pakistan",PK
"Data and Statistics Department, Emirates Health Services, Dubai, UAE",AE
"Hebei Vocational University of Industry and Technology, Shijiazhuang, 050000, PR China",CN
"Gateway Health, 155 High Street, Wodonga, Victoria, 3690, Australia",AU
"Intervoice, 21 Warwick Road, Wodonga, Victoria, 3690, Australia",AU
"Listening to Voices, C/- 155 High Street, Wodonga, Victoria, 3690, Australia",AU
"Health Management Information System Unit, Gazo Woreda Health Office North Wello, Woldia, Ethiopia",ET
"Health Management Information System Unit, Amhara Public Health Institution, Dessie, Ethiopia",ET
"Health Management Information System Unit, Asossa Zonel Health Department, Benishangul-Gumuz, Ethiopia",ET
"Health Management Information System Unit, Enat Hospital, Debre Birhan, Ethiopia",ET
"Departement of Health Informatics, School of Public Health, College of Medicine and Health Sciences, Wachemo University, Hossana, Ethiopia",ET
"Department of Discipline Research, Sichuan Nursing Vocational College, Chengdu, 610100, China",CN
"Department of Rehabilitation, People's Hospital of Jianyang, Jianyang, 641400, China",CN
"Psychology Department, Fatima College of Health Sciences, Abu Dhabi, UAE",AE
"General Requirement Department, Fatima College of Health Sciences, Abu Dhabi, UAE",AE
"University Hospital Tuebingen, Institute for General Medicine and Interprofessional Care, Österbergstraße 9, D-72074, Tuebingen, Germany",DE
"Jie-Rui Social Welfare Foundation Elderly Care Center, Nantou, Taiwan R.O.C",TW
"Western Alliance, Warrnambool, Australia",AU
"Department of Nursing, Aga Khan University, Kampala, Uganda",UG
"FOM, Arab Council for Health Specialties, Cairo, Egypt",EG
"Department of Public Health, Asadabad School of Medical Sciences, Asadabad, Iran",IR
"ATLS Switzerland, c/o Swiss Surgeons (SGC/SSC), Aarau, Switzerland",CH
"Institute of General Practice and Public Health, College of Health Care Professions, Lorenz-Boehler-street 13, Bolzano, 39100, Italy",IT
"Uchida Internal Medicine Clinic, Saitama, Japan",JP
"Department of Chinese Medicine and Physiotherapy Dalian Rehabilitation, Recuperation Center of Joint Logistics, Support Force of PLA, Dalian, China",CN
"UCLA School of Dentistry, Los Angeles, CA, USA",US
"Clinic for Psychiatry, Engelthal Hospital, Engelthal, Germany",DE
"Department of General Surgery, Rongxian People's Hospital, Zigong, China",CN
"Department of Orthopedics, Sichuan Provincial People's Hospital, Chengdu, China",CN
"Cancer Centre University Hospital, Ghent, Belgium",BE
"The Fourth Central Hospital of Baoding, Baoding, Hebei, China",CN
"Department of Medicine, RCSI University of Medicine and Health Sciences, Dublin, Ireland",IE
"Health Professions Education Centre, RCSI University of Medicine and Health Sciences, Dublin, Ireland",IE
"Department of Surgery, RCSI University of Medicine and Health Sciences, Dublin, Ireland",IE
"Department of General Practice, RCSI University of Medicine and Health Sciences, Dublin, Ireland",IE
"Department of Anesthesiology, The second affiliated hospital of Guangzhou university of traditional Chinese medicine, No. 111 Dade Road, Yuexiu District, Guangzhou, Guangdong, China",CN
"AAT 118 Pavia, Agenzia Regionale Urgenza Emergenza at Fondazione IRCCS Policlinico San Matteo, Pavia, Italy",IT
"Tropical Disease and Health Research Center, Dhaka, 1100, Bangladesh",BD
"Pi Research & Development Center, Dhaka, 1100, Bangladesh | Tropical Disease and Health Research Center, Dhaka, 1100, Bangladesh",BD
"Pi Research & Development Center, Dhaka, 1100, Bangladesh",BD
"University Hospital of Nantes, CR2TI-ITUN, CRMR Filière OSCAR, CRMR Filière ORKID, Nantes, France",FR
"Department of Psychosomatic Medicine and Psychotherapy, University Hospital Tübingen, Tübingen, Germany",DE
"Department of Psychosomatic Medicine and Psychotherapy, University Hospital Tübingen, Tübingen, Germany | Office of Students' Affairs, University's Faculty of Medicine, Tübingen, Germany",DE
"Muni Animation, New Delhi, India",IN
"Center for Health Literacy, Careum Foundation, Zurich, 8032, Switzerland",CH
"Department of Psychiatry, Clinical Research Center for Substance-Assisted Therapy, Division of Medicine, University of Basel, Basel, Switzerland. forschung@saept.ch | Psychedelic Research and Therapy Development, Adult Psychiatry and Psychotherapy, Psychiatric University Hospital Zurich, Zurich, Switzerland. forschung@saept.ch | Swiss Medical Society for Psychedelic Therapy (SÄPT), Berne, Switzerland. forschung@saept.ch | Psychedelic Research and Therapy Development, Adult Psychiatry and Psychotherapy, Psychiatric University Hospital Zurich, Zurich, Switzerland | Swiss Medical Society for Psychedelic Therapy (SÄPT), Berne, Switzerland",CH
"Swiss Medical Society for Psychedelic Therapy (SÄPT), Berne, Switzerland",CH
"Academy for Applied Studies Belgrade, The College of Health Sciences, Belgrade, Serbia",RS
"Dayao Experimental High School of Yunnan Province, Chuxiong, 675400, China",CN
"Department of Public Health, Behbahan Faculty of Medical Sciences, Behbahan, Iran",IR
"Health Information Technology Department, School of Allied Medical Sciences, Urmia Medical Sciences University, Urmia, Iran",IR
"Medical Education, College of Medicine and Health Sciences, National University of Science and Technology, Muscat, Oman",OM
"Kirsty Freeman Consulting, Currambine, Western Australia, 6028, Australia",AU
"Health Education Australia Limited (HEAL), Level 7, 118 Queen Street, Victoria, 3000, Australia",AU
"Medical Schools Council, Woburn House, 20 Tavistock Square, London, WC1H 9HD, UK | Medical Schools Council, Woburn House, London, UK",GB
"Health & Obstetrics, Barts and the London School of Medicine and Dentistry, QMUL, VP (Health) Offices, 2nd Floor, Dean Rees House, Charterhouse Square, London, EC1M 6BQ, UK | Health & Obstetrics, Barts and the London School of Medicine and Dentistry, QMUL, London, UK",GB
"Psychology Department, University of Cambridge, Downing Street, Cambridge, CB2 3EB, UK. f.patterson@workpsychologygroup.com | Work Psychology Group, 27 Brunel Parkway, Pride Park, Derby, DE24 8HR, UK. f.patterson@workpsychologygroup.com | Work Psychology Group, 27 Brunel Parkway, Pride Park, Derby, DE24 8HR, UK",GB
"Work Psychology Group, 27 Brunel Parkway, Pride Park, Derby, DE24 8HR, UK. e.rowett@workpsychologygroup.com | Work Psychology Group, 27 Brunel Parkway, Pride Park, Derby, DE24 8HR, UK",GB
"Formerly General Practice Education & Training (GPET), Canberra, Australia. findrob.hale@gmail.com | Formerly General Practice Education & Training (GPET), Canberra, Australia",AU
"Work Psychology Group, 27 Brunel Parkway, Pride Park, Derby, DE24 8HR, UK. f.cousans@workpsychologygroup.com | Work Psychology Group, 27 Brunel Parkway, Pride Park, Derby, DE24 8HR, UK",GB
"Work Psychology Group, 27 Brunel Parkway, Pride Park, Derby, DE24 8HR, UK. s.martin@workpsychologygroup.com | Work Psychology Group, 27 Brunel Parkway, Pride Park, Derby, DE24 8HR, UK",GB
"Collaboration for the Advancement of Medical Education Research and Assessment, Plymouth University Peninsula Schools of Medicine & Dentistry, Plymouth, Devon, UK",GB
"Research assistant, Mbulu, Tanzania",TZ
"Support Center for women physicians and researchers, Kaga 2-11-1, Itabashi-ku, Tokyo, 173-8605, Japan",JP
"James P. Grant School of Public Health, 68, Shahid Tajuddin Ahmed Sharani, icddr,b Building (Level-6), Mohakhali, Dhaka, 1212, Bangladesh",BD
"Department of Infectious Diseases and Tropical Medicine, SMZ Süd, Kundratstraße 10, 1100, Wien, Austria",AT
"Work Psychology Group, Derby, UK",GB
"Norwich Medical School, UEA, Norwich, UK",GB
"Wolfson Institute of Preventive Medicine, QMUL, London, UK",GB
"Association for Evaluation and Accreditation of Medical Education Programs, İzmir, Turkey",TR
"Emergency Department and EMS, University Hospital of Poitiers, 86000, Poitiers, France",FR
"St Gilesmedical, The Vestry House, 60 St Giles High Street, London, WC2H 8LG, UK",GB
"Health Federation of Philadelphia, Philadelphia, PA, USA",US
"British Pregnancy Advisory Service (BPAS), London, UK",GB
"Service de Soins Palliatifs, University Hospital Lausanne, Lausanne, Switzerland. GianBorasio@chuv.ch | Service de Soins Palliatifs, University Hospital Lausanne, Lausanne, Switzerland",CH
"Département de médicine générale, Universite de Saint-Etienne, Saint-Etienne, France",FR
"International Public Health Disaster Risk Management Consultant, Gatineau, Canada",CA
"WHO Emergency Support Hub, Nairobi, Kenya",KE
"Interpreting Works, Belfast, UK",GB
"South Tyrolean Health Trust, Bolzano, Bozen, Italy",IT
"Department of Rehabilitation Sciences, College of Applied Medical Sciences, King Saudi University, Riyadh, Saudi Arabia",SA
"Clinical Risk, State Claims Agency, Grand Canal Street, Dublin 2, Ireland",IE
"VUmc School of Medical Sciences Amsterdam, LEARN!, Amsterdam, Netherlands",NL
"Stanford School of Medicine, 291 Campus Drive, Palo Alto, CA, 94305, USA",US
"Department of Public Health, Kingston, Ontario, Canada",CA
"Universidad de Sao Paulo, Sao Paulo, Brazil",BR
", Shiraz, Iran | Shiraz, Iran",IR
"Central Missouri Community Action, 807 B North Providence Road, Columbia, MO, 65203, USA",US
"Psychiatric Epidemiology and Evaluation Unit, Saint John of God Clinical Research Centre, Brescia, Italy",IT
"Inner City Health Associates, Toronto, Canada",CA
"Department of Medicine, Schulich School of Medicine, Toronto, Canada",CA
"Department of Medicine, Bench Magi Hospital, Bench Magi, Ethiopia",ET
"Department of Medicine, Arsi Asela Hospital, Asela, Ethiopia",ET
"Action Santé Travesti(e)s & Transsexuel(le)s du Québec (ASTT(E)Q), 1300 Sanguinet, Montréal, H2X 3E7, Canada",CA
"Foro Español de Pacientes (Spanish Patient Forum), Barcelona, Spain",ES
"China Medical Tribune, Beijing, China",CN
"Agile Physical Therapy, 3825 El Camino Real, Palo Alto, CA, 94306, USA",US
"Private Dental Clinic, Dhamar, Yemen",YE
"Departments of Medical Education and Public Health Sciences, Chicago Health Sciences Division, Loyola University, 2160 South First Avenue, 60153, Maywood, Illinois, USA",US
"Department of Otolaryngology, Head and Neck Surgery, University Medical Centre, Göttingen, Germany",DE
"Centro de Investigación Sobre Enfermedades Infecciosas, Universidad 655, Col. Santa María Ahuacatitlán, C.P. 62100, Cuernavaca, Morelos, Mexico",MX
"Department of Anaesthesiology and Intensive Care Medicine, University Medical Center Schleswig-Holstein, Campus Kiel, Arnold-Heller-Str. 3 Haus R3, 24105, Kiel, Germany",DE
"ICGP, 4-5 Lincoln Place, Dublin 2, Ireland",IE
"Nutrition officer, World Health Organization, Bahirdar, Ethiopia",ET
"Nasser Medical Complex, Palestinian Ministry of Health, Khan Younis, Gaza Strip, Palestine",PS
"Instruct gGmbH, Munich, Germany",DE
"EDU - a degree smarter, Digital Education Holdings Ltd., Kalkara, Malta",MT
"Interuniversity Centre for the Education of General Practitioners, Kapucijnenvoer 33 - Blok H - bus 7001, 3000, Leuven, Belgium",BE
"Academy of Health Professions Heidelberg, Nursing School, Wieblinger Weg 19, D-69123, Heidelberg, Germany",DE
"Richmond Pharmacology, London, UK",GB
"Department of Family Medicine, University of Colorado Anschutz School of Medicine, Denver, CO, USA. cal.wilson@ucdenver.edu | Department of Family Medicine, University of Colorado Anschutz School of Medicine, Denver, CO, USA",US
"Department of Family Medicine, Hopital St. Nicolas, St Marc, Haiti",HT
"ARC Health Resources, Congers, NY, USA",US
"Smart Reporting GmbH, Brienner Straße 13, 80333, Munich, Germany",DE
"Department of Biostatistics, College of Public Health, UNMC, Omaha, NE, USA",US
"College of Medicine, UNMC, Omaha, NE, USA",US
"Department of Rheumatology, UNMC, Omaha, NE, USA",US
"Department of Internal Medicine VI, Psychosomatic Medicine and Psychotherapy, University Hospital Tuebingen, Osianderstr. 5, D-72076, Tuebingen, Germany",DE
"Red Cross Higher School of Health, Lisbon, Portugal",PT
"National Institute of Hematology and Infectious Diseases, Central Hospital of Southern Pest, Albert Flórián út 5-7, Budapest, H-1097, Hungary",HU
"Medical Education Consultant, Galway, Ireland",IE
"Interprofessional Centre of Simulation - CIS, Geneva, Switzerland",CH
"Department of Healthcare Education, OLVG Hospital, P.O. Box 9243, 1006, AE, Amsterdam, The Netherlands. emmapaternotte@gmail.com | Department of Healthcare Education, OLVG Hospital, P.O. Box 9243, 1006, AE, Amsterdam, The Netherlands",NL
"Department of Healthcare Education, OLVG Hospital, P.O. Box 9243, 1006, AE, Amsterdam, The Netherlands",NL
"MRCPUK Central Office, 11 St Andrew's Place, Regent's Park, London, NW1 4LE, UK",GB
"Escuela de Medicina y Ciencias de la Salud, GI Ciencias de la Rehabilitación, Bogotá, Colombia",CO
"Patient and Public Representative, Dublin, Ireland",IE
"Xianyue Hospital of Xiamen, Xiamen, Fujian, China",CN
"Faculty of Medicine, Hama University, Hama, Syrian Arab Republic",SY
"Faculty of Civil Engineering, Hama University, Hama, Syrian Arab Republic",SY
"Bahrain Defense Force Hospital, Off Waly Alahed Avenue, P. O. Box-28743, Riffa, Kingdom of Bahrain. ahmed.alansari@bdfmedical.org | General Surgery Arabian Gulf University (AGU), Manama, Bahrain. ahmed.alansari@bdfmedical.org | RCSI Bahrain, Arabian Gulf University, P.O. Box 15503, Adliya, Kingdom of Bahrain. ahmed.alansari@bdfmedical.org | Bahrain Defense Force Hospital, Off Waly Alahed Avenue, P. O. Box-28743, Riffa, Kingdom of Bahrain",BH
"PRONTO International, State RMNCH+A Unit, C-16 Krishi Nagar, A.G. Colony, Patna, Bihar, 80002, India | PRONTO International, State RMNCH+A Unit, Patna, India",IN
"One Health Central and Eastern Africa (OHCEA), Kampala, Uganda",UG
"Orbis International, 520 8th Avenue, Floor 12, New York, NY, 10018, USA",US
"Department of General Surgery, Al-Noor Specialist Hospital, Makkah, Saudi Arabia",SA
"Movation BV, Maarssen, the Netherlands",NL
"Hewanlan digital S T CO.LTD, Shuihu Road on Room204 First building, HeFei, 230000, Anhui, China",CN
"West-City Central Hospital, Lianyungang, 222100, Jiangsu, China",CN
"Ma-an Community Health Centre, Nanjing, 211500, Jiangsu, China",CN
"Komunikacja z Pacjentem.pl, Warszawa, Poland",PL
"TUM Medical Education Center, School of Medicine, TUM, Munich, Germany",DE
"Department of Public and Occupational Health, Amsterdam University Medical Centre, Van der Boechorststraat 7, 1081 BT, Amsterdam, The Netherlands",NL
"Muribushi Okinawa Project for Teaching Hospitals, Okinawa, Japan",JP
"ATD (All Together in Dignity) Fourth World Movement, an international community organization against poverty, 6747 rue Drolet, Montreal, QC, Canada",CA
"College of the High Studies in Medicine (CHEM), Brest, France",FR
"Centre for Training and Research in Health Sciences Education (CFRPS), Strasbourg Faculty of Medicine, Strasbourg, France",FR
"Wuhan No.4 High School, 347 Jie Fang Avenue, Wuhan, 430022, Hubei Province, China",CN
"Nursing Council of Kenya, P.O. Box 20056-00200, Nairobi, Kenya",KE
"Liverpool School of Tropical Medicine (Kenya), P.O. Box 24672-00100, Nairobi, Kenya",KE
"United Nations Population Fund Kenya, P.O. Box 30218-00100, Nairobi, Kenya",KE
"Health management center, the First Affiliated Hospital, Army Military Medical University, 400038, Chongqing, PR China",CN
"King's Centre for Global Health, Suite 2.13 Weston Education Centre, Cutcombe Road, London, SE5 9RJ, UK",GB
"Institute for Communication and Assessment Research, Wieblinger Weg 92A, Heidelberg, Germany | Institute for Communication and Assessment Research, Heidelberg, Germany",DE
"Department of Obstetrics and Gynecology, Family Health University College, PO, Box TS 669 Teshie, Accra, Ghana",GH
"Free University Brussels, Brussels, Belgium",BE
"University Hospital Brussels, Brussels, Belgium",BE
"Safe Surgery 2020, Jhpiego, Baltimore, MD, USA",US
"International Students Office, Medical Students Association, Medical University Vienna, Vienna, Austria",AT
"Department of Public Health Sciences, Leonard M. Miller School of Medicine, Miami, Florida, USA",US
"Faculty of Biology, Medicine, and Health, King Caesar University, Kampala, Uganda",UG
"Data Graphics Designer, The BMJ, London, UK",GB
"Jhpiego, Bahir Dar, Ethiopia",ET
"General Practice Bremen Germany, Deputy Speaker section advanced training German Society for General Practice and family medicine (DEGAM), Bremen, Germany",DE
"General Practice, St Cezaire sur Siagne, France",FR
"Continuing Professional Development Directorate, Fédération des Médecins Spécialistes du Québec, Montreal, QC, H5B 1G8, Canada",CA
"Department of Science and Education, Hainan Health Commission, Haikou, China",CN
"Hainan Provincial Medical Association, Haikou, China",CN
"Department of Anesthesiology, Pidu District People's Hospital, 156# East Street, Pitong Town, Pidu District, Chengdu, Sichuan, 611730, People's Republic of China",CN
"Jhpiego, 1615 Thames Street, Baltimore, MD, 21231, USA",US
"UNDP, Merkez, Abide-i-Hurriyat Cd 142, 34381, Istanbul, Turkey",TR
"Educational Program Assessment at the Yale Poorvu Center for Teaching and Learning, New Haven, CT, 06511, USA",US
"The Anthropedia Foundation, St. Louis, MO, USA",US
"School of Nursing, Jingzhou Vocational and Technical College, Jingzhou, 434020, China",CN
"Department of Nursing, Heilongjiang Nursing College, 209 Xuefu Road, Harbin, Heilongjiang Province, 150086, China",CN
"Shimen Second Road Community Health Service Center, Shanghai, China",CN
"Rovaniemi Health Center, Rovaniemi, Finland",FI
"Riverside High School, Indianapolis, IN, 46208, USA",US
"Decatur Central High School, Indianapolis, IN, 46221, USA",US
"Herron High School, Indianapolis, IN, 46202, USA",US
"Augenzentrum Frankfurt, Georg-Baumgarten-Straße 3, 60549, Frankfurt am Main, Germany",DE
"Flying Squirrel Experiences, LLC, Boise, ID, 83703, USA",US
"Seed Global Health, 20 Ashburton Place, 6th Floor, Boston, MA, 02108, US",US
"Department of Neuroscience, Erasmus Medical Center Rotterdam, Rotterdam, The Netherlands",NL
"Department of Neurology & Neurological Sciences, Center for Academic Medicine, 453 Quarry Road, Stanford, CA, 94305, USA",US
"Department of Radiology, Dallah Hospitals, Riyadh, Saudi Arabia",SA
"Department of Nursing, Saint Paul's Hospital, Taoyuan, Taiwan",TW
"Health Service Center, Xianghe Community, Wuhan, China",CN
"Celenus Kliniken Offenburg, Department of Quality Management, Offenburg, Germany. m.Rundel@celenus-kliniken.de | Celenus Kliniken Offenburg, Department of Quality Management, Offenburg, Germany",DE
"California University of Science and Medicine, Colton, CA, USA",US
"Tertianum Management CH, Dübendorf, Switzerland",CH
"Institute of Primary Care, University and University Hospital Zurich, Zurich, Switzerland",CH
"Department of Nursing, Gyeongbuk College of Health, Gimcheon, Republic of Korea",KR
"Department of Forensic Medicine, Gandaki Medical College Teaching Hospital and Research Center, Gandaki Province, Pokhara, Nepal",NP
"Department of Pharmacology, Gandaki Medical College Teaching Hospital and Research Center, Gandaki Province, Pokhara, Nepal",NP
"Department of Oral Pathology, Gandaki Medical College Teaching Hospital and Research Center, Gandaki Province, Pokhara, Nepal",NP
"Department of Radiology, Narayani Samudayik Hospital, Bharatpur, Nepal",NP
"Prisma Center for Psychiatry, 109 Physicians Dr. Ste B, Greer, SC, 29650, USA",US
"Aga Khan University of East Africa, P.O Box 39340-00623, Nairobi, Kenya",KE
"Department of Pharmacy, Aman Hospital, Doha, Qatar",QA
"Kybele, Inc., Lewisville, USA",US
"Independent Leadership Consultant, Berlin, Germany",DE
"The German National Institute for state examinations in Medicine, Pharmacy and Psychotherapy, Mainz, Germany",DE
"Johns Hopkins Surgery Center for Outcomes Research, 733 N Broadway, Baltimore, MD, 21205, USA",US
"Department of Nursing, Mass General for Children, 55 Fruit St., Ellison 17, Boston, MA, 02114, USA",US
"Mass General for Children, Department of Nursing, 55 Fruit St., Ellison 17, Boston, MA, 02114 , USA",US
"National Council for Technical Education, Dar es Salaam, Tanzania",TZ
"Sikika, Dar es Salaam, Tanzania",TZ
"Sichuan Evidence-Based Medicine Center of Traditional Chinese Medicine, Chengdu, 610072, China",CN
"Islam Medical College, Sialkot, Pakistan",PK
"Abbottabad International Medical Institute, Abbottabad, Pakistan",PK
"Department of Medicine, Princess Marina Hospital, Gaborone, Botswana",BW
"Medical Internship Training Programme, Gaborone, Botswana",BW
"Second Surgery Department, Hebei Provincial Hospital of Chinese Medicine, Shijiazhuang, 050013, China",CN
"Department of Retirement, the First Affiliated Hospital of Xin Xiang Medical University, Xinxiang, 453100, Henan, China",CN
"Department of Imaging, the First Affiliated Hospital of Xin Xiang Medical University, Xinxiang, 453100, Henan, China",CN
"Department of Obstetrics and Gynecology, the First Affiliated Hospital of Xin Xiang Medical University, Xinxiang, 453100, Henan, China",CN
"ECFMG®│FAIMER®- GEMx, Kampala, Uganda",UG
"Health Professional Assessment Consultancy, Singapore, Singapore",SG
"The Medical Specialist Group LLP Guernsey, Saint Peter Port, Guernsey",GG
"VU University Amsterdam, Amsterdam, the Netherlands",NL
"Primary Care Research Group, School of Pharmacy, Queen's University Belfast, 97 Lisburn Road, Belfast, BT9 7BL, Northern Ireland",GB
"Work Psychology Group, 27 Brunel Parkway, Pride Park, Derbyshire, DE24 8HR, UK",GB
"Nursing Research Capacity Building, Aga Khan University, P. O. Box 8842, Kampala, Uganda, East Africa",UG
"NovaCare Rehabilitation, Cape May Courthouse, NJ, USA",US
"School for Sports Humanities and Social Science, Jilin Sport University, Changchun, China",CN
"Harvard Business School, Boston, MA, USA",US
"Crean Lutheran High School, Irvine, CA, USA",US
"Health administration and Management consultant, International Medical Training Academy, London, UK",GB
"Department of Gynecology and Obstetrics, Halle University, Halle, Germany",DE
"The Dorcas Cancer Foundation, Lagos, Nigeria",NG
"Center for community Health and Injury Prevention, Ha Noi, Vietnam",VN
"Food and Nutrition Australia, Sydney, Australia",AU
"Memorycare Corporation, 634 Brooklyn Drive, Aurora, IL, 60502, USA",US
"Centre de Recherche en Reproduction Humaine et en Démographie (CERRHUD), Cotonou, Benin",BJ
"General Psychology, Research Centre for Neuromodulation and Pain, Shiraz, Iran, Islamic Republic of",IR
"Independent Scholar, Toronto, Canada",CA
"Société Scientifique de Médecine Générale (SSMG), Brussels, Belgium",BE
"Department of the operating room, Farmaniyeh hospital, Tehran, Iran",IR
"Department of Operating Room, Shahid Ansari Hospital, Rudsar, Iran",IR
"The Simulation Crew (TSC), Nijmegen, The Netherlands",NL
"Care in Mind, Hope House, Hercules Business Park, Stockport, SK3 0UX, UK",GB
", San Francisco, CA, USA | San Francisco, CA, USA",US
"Paul Foster School of Medicine, El Paso, TX, USA",US
"Peridot, Dubai, United Arab Emirates",AE
"Departments of Medicine (Cardiovascular Division), Boston, USA",US
"Department of Orthodontics, Shanghai Xuhui District Dental Disease Prevention and Control Institute, Shanghai, China",CN
"Youyang Medical Laboratory Co., Ltd, Changzhou, Jiangsu, 213200, P. R. China",CN
"Department of Higher Education Administration, School of Management and Economics, Science and research branch, Islamic Azad University, Tehran, Iran",IR
"National Education Association, Washington DC, USA",US
"Synovus, Columbus, GA, USA",US
"Centre for Medical Education in Context [CenMEDIC], CenMEDIC, 27 Church Street, TW12 2EB, Hampton, Middlesex, UK",GB
"Putnam PHMR, NE4 5TF, Newcastle, UK",GB
"Department of Physiotherapy, University and Strategic Institute of the Estuary, (IUEs/Insam), Bafoussam, Cameroon",CM
"Hope Medical Clinic, Bertoua, Cameroon",CM
"Instituto de Educação Médica, IDOMED, Rio de Janeiro, Brazil",BR
"Sichuan Children's Clinical Research Center, Chengdu, China",CN
"Department of Anaesthesiology and Intensive Care, Brothers of Mercy Hospital, Trier, Germany",DE
"Geraldton Universities Centre, 33 Onslow St, Geraldton, WA, 6530, Australia",AU
"Dutch Association of Medical Specialists, Utrecht, the Netherlands",NL
"Department of Otolaryngology, Army Hospital of the Seventy- seventh Group, Jiajiang, Sichuan, China",CN
"Department of Obstetrics and Gynecology, Anhui Province Maternity and Child Health Hospital, Hefei, China",CN
"National Committee of Medical Ethics of Republic Slovenia, Ljubljana, Slovenia",SI
"Floyd Family Medicine Residency Program, Rome, USA",US
"Ballinasloe General Practice Specialist Training Scheme, Ballinasloe, Ireland",IE
"UCD Library, Belfield, Dublin, Dublin 4, Ireland",IE
"Jhpiego Ethiopia, P.O. Box:2881, code, 1250, Addis Ababa, Ethiopia",ET
"Chattogram Medical College, 57 K.B. Fazlul Kader Road, 4203, Chattogram, Bangladesh",BD
"Chattogram Medical College, 57 K.B. Fazlul Kader Road, 4203, Chattogram, Bangladesh | School of Research, Chattogram, Bangladesh",BD
"Department of Medical Education, Islamabad Medical & Dental College, Shaheed Zulfiqar Ali Bhutto Medical University, Islamabad, Pakistan",PK
"Electrónica y Medicina S.A. (EYMSA), Mexico City, Mexico",MX
"Liverpool School of Tropical Medicine (Nigeria), Utako District, P.O Box 7745, Abuja, Nigeria",NG
"Interactive Research and Development (IRD), Florida Castle, Dhaka, Bangladesh",BD
"Tropical Health & Education Trust, Dhaka, Bangladesh",BD
"Shihezi Zhongjiang Huayuan Agricultural Science and Technology Company, Shihezi, 832000, China",CN
"Muribushi Okinawa for Teaching Hospitals, Urasoe, Okinawa, Japan | Tokyo Foundation for Policy Research, Minato-ku, Tokyo, Japan",JP
"Graduate Entry Medical Programme, School of Medicine, RCSI University of Medicine and Health Sciences, Dublin, Ireland",IE
"Department of Health Psychology, School of Population Health, RCSI University of Medicine, Dublin, Ireland",IE
"Hospital of Chengdu University of Traditional Chinese Medicine, Chengdu, Sichuan, China",CN
"Kawempe National Referral Hospital, Kampala, Uganda",UG
"Goldbelt Professional Services, LLC, Chesapeake, VG, USA",US
"UCSF Department of Ophthalmology Wayne and Gladys Valley Center for Vision, Box 4081, 490 Illinois Street, San Francisco, CA, 94158, USA",US
"Department of Nephrology, the First Affiliated Hospital of Naval Medical University, 200433, Shanghai, People's Republic of China",CN
"St. Luke Catholic College of Nursing, Woliso, Ethiopia",ET
"Rehabilitation Center Bayerisch Gmain, Bayerisch Gmain, Germany",DE
"Liverpool School of Tropical Medicine Kenya, Nairobi, Kenya",KE
"Shanghai Shumu Medical Technology Co., Ltd, Shanghai, 201103, China",CN
"Nursing Department, Faculty of Medical Sciences and Nursing, Alrayan Colleges, Al-Madinah, Saudi Arabia",SA
"R. Cowley Adams Shock Trauma Center, Baltimore, MD, USA",US
"Department of Basic Sciences, Asadabad School of Medical Sciences, Asadabad, Iran",IR
"Department of Medical Emergencies, Asadabad School of Medical Sciences, Asadabad, Iran",IR
"Inner Mongolia Minzu University, No. 1472 Holin He Street, Tongliao City, Inner Mongolia, 028000, People's Republic of China",CN
"Manjalpur Hospital Pvt Ltd, Manjalpur, Vadodara, India",IN
"Vijayratna Diabetes Centre, Sumeru Centre, Paldi, Ahmedabad, India",IN
"TEPDAD's Executive Board and International Accreditation Board, İzmir, Turkey",TR
"Association for Evaluation and Accreditation of Medical Education Programs (TEPDAD), İzmir, Turkey",TR
"Concept Systems Incorporated (CSI), Ithaca, NY, USA",US
"Tinsukia Medical College, Tinsukia, India",IN
"Worldwide Radiology, Liverpool, UK",GB
"Vistel AI Lab, Visionary Intelligence Ltd, Beijing, China",CN
"Faculty of Dentistry, Ibn Al-Nafis University for Medical Sciences, Sanaa, Yemen",YE
"Granite Test Prep, Nashville, TN, USA",US
"Corporación Oncológica México Americana, Aguascalientes, Mexico",MX
"Jelebu Health Clinic, Kuala Klawang, Jelebu, 71600, Negeri Sembilan, Malaysia",MY
"National Teaching Hospital for Tuberculosis and Respiratory Diseases (CNHU-PPC), Cotonou, Benin",BJ
"Nurse Professional, Akesta General Hospital, Akesta, Ethiopia",ET
"Nurse Professional, Karibu Clinic, Moyale, Ethiopia",ET
"Alaşehir District Health Directorate, Manisa, Türkiye",TR
"Pharmacy department, Zamzam Hospital, Alexandria, Egypt",EG
"Shenzhen Dapeng New District Medical and Health Group, Shenzhen, China",CN
"Taizhou Hospital of Traditional Chinese Medicine, Taizhou, China",CN
"Prof & HOD Anatomy, Deputy Deen RARE, Islamic International Medical College, Rawalpindi, Pakistan",PK
"Department of General Practice, Longhua District People's Hospital, Shenzhen, 518100, China",CN
"Faculty of Capacity Development, FCD College, Dublin, Ireland",IE
"Faculty of Medicine, Homs University, Homs, Syria",SY
"Adult Support Hub SIFA Fireside Birmingham United Kingdom, Birmingham, UK",GB
"Center for Medical Education, Graduate School of Medicine, Nagoya Unversity, Nagoya, Japan",JP
"Orthopedic practice, Wetzlar, 35578, Germany",DE
"IMU Centre for Education &, School of Pharmacy, IMU University, 126, Jalan Jalil Perkasa 19, Bukit Jalil, Kuala Lumpur, 57000, Malaysia. huimeng_er@imu.edu.my | IMU Centre for Education &, School of Pharmacy, IMU University, 126, Jalan Jalil Perkasa 19, Bukit Jalil, Kuala Lumpur, 57000, Malaysia",MY
"The Third Primary School in Chenggong District, No. 1246, Ruixiang West Street, Kunming City, China",CN
"Visual Thinking Strategies and an Independent Writer and Educator, Baltimore, MD, USA",US
"Liverpool School of Tropical Medicine, P.O. Box 24672, Nairobi, 00100, Kenya",KE
"Department of Public Health, Ministry of Health, Oyo State Government Secretariat Parliament Rd, Mokola Hill, Ibadan, 200285, Nigeria",NG
"Department of Nursing, Faculty of Health Sciences, Tınaztepe University, Izmir, Türkiye",TR
"Department of Burn Surgery, the, First Affiliated Hospitalaq, Naval Medical University, Shanghai, 200433, P.R. China",CN
"National Institute of Mental Health (NIMH), Dhaka, 1207, Bangladesh",BD
"FysioSupport, Mill, The Netherlands",NL
"StatCare Pulmonary, Knoxville, TN, USA",US
"Department of Culture, Politics and Society, Turin, Italy",IT
"Placenta Accreta Ireland, Dublin, Ireland",IE
"Islamabad Medical and Dental College, Shaheed Zulfiqar Ali Bhutto Medical University, Islamabad, Pakistan",PK
"Bahrain Defence Force Royal Medical Services, Riffa, Kingdom of Bahrain",BH
"Maleena Suppiah Cavert, EdD Women in Science and Healthcare, Tsao Foundation, 298 Tiong Bahru Rd, #15-01/06 Central Plaza, Singapore, 168730, Singapore",SG
"Institute for Test Development and Talent Research, ITB Consulting GmbH, Bonn, Germany",DE
"VU University and OLVG-West Hospital, Amsterdam, The Netherlands",NL
"Institue of Family Medicine, Ratzeburger Allee 160, Haus 50, 23538, Lübeck, Germany",DE
"North Coast GP Training, Ballina, Australia",AU
"Medical Mission Integration, Adventist Health System, Orlando, FL, USA",US
"Neurophysiologist, Physiology, School of Health Sciences (UFV), Madrid, Spain",ES
"School of Medicine, Faculty of Health Sciences (UFV), Madrid, Spain",ES
"Family Physician, Epidemiology and Statistics, School of Health Sciences (UFV), Madrid, Spain",ES
"Family and Preventive Medicine, Epidemiology and Statistics, School of Health Sciences (UFV), Madrid, Spain",ES
"Consultant in Process Improvement, 7820 Friends Creek Rd, Emmitsburg, MD, 21727, USA",US
"Department of Medical Education, Riyadh, Saudi Arabia",SA
"Department of Thoracic Surgery and Department of Medical Education, Riyadh, Saudi Arabia",SA
"Department of Obstetrics and Gynecology, Riyadh, Saudi Arabia",SA
"Educational Committee, Prefectural Okinawa Nanbu and Children's Medical Centre, Haebaru Town, Okinawa, Japan",JP
"Department of Emergency and Critical Care Medicine, Tokyo Bay Urayasu Ichikawa Medical Center, Urayasu, Chiba, Japan",JP
"Department of Surgery, Tokyo Bay Urayasu Ichikawa Medical Center, Urayasu, Chiba, Japan",JP
"Consulting Company Justeva, Aldersovej 23 D, Aarhus N, Denmark",DK
"Murray City Country Coast GP Training, Melbourne, Australia",AU
"Dongli Lake School, Tianjin, China",CN
"Changsha Country Garden Venice Bilingual School, Changsha, China",CN
"Johannes-Hospiz Muenster, Munster, Germany",DE
"Department of Rural Nursing & Midwifery, La Trobe Rural Health School, Melbourne, Australia",AU
"General Practice Supervisors Australia, PO Box 141, Bendigo North, Victoria, 3550, Australia | General Practice Supervisors Australia, Bendigo North, Australia",AU
"Changzhou Center for Disease Prevention and Control, Changzhou, China",CN
"Changzhou Commission of Health and Family Planning, Changzhou, China",CN
"Competence Centre for University Teaching in Medicine, Baden-Wuerttemberg, Elfriede-Aulhorn-Str. 10, D-72076, Tuebingen, Germany",DE
"Department of Internal Medicine VI (Psychosomatic Medicine), University Hospital Tübingen, Osianderstr. 5, 72076, Tübingen, Germany",DE
"Thames Valley Deanery, Oxford, UK",GB
"Faculty of Medicine, University of NSW, Sydney, Australia",AU
"Center for the Advancement in Interprofessional Education, London, UK",GB
"New Vision University School of Medicine, Tbilisi, Georgia",GE
"Hamilton-Wentworth Catholic District School Board, 90 Mulberry Street, P.O. Box 2012, Hamilton, ON, L8N 3R9, Canada",CA
"Buhoodle District Hospital, IOM Mida Finnsom Health Project, Bohotle, Somaliland",SO
"Department of General Internal Medicine, Kanai Hospital, Kyoto, Japan",JP
"Department of Critical Care Medicine, Aichi Children's Health and Medical Center, Ohbu, Japan",JP
"Maferinyah National Training and Research Center in Rural Health, Forecariah, Guinea",GN
"Health Professions' Education Centre, RCSI University of Medicine and Health Sciences, 123 St. Stephen's Green, Dublin 2, D02 YN77, Ireland",IE
"Division of Medicine, Hôpital Neuchâtelois, Neuchâtel, Switzerland",CH
"Competence Centre for Examinations in Medicine, Heidelberg, Baden-Württemberg, Germany",DE
"Trehafod Child and Family Clinic, Waunarlwydd Road, Cockett, Swansea, SA2 OGB, UK",GB
"Department of Psychosomatic medicine and Psychotherapy, University Hospital Tuebingen, Osianderstr. 5, D-72076, Tuebingen, Germany",DE
"Catalysed Ltd, Silverton, UK",GB
"Health Professions Education Centre (HPEC), RCSI University of Medicine and Health Sciences, 123 St Stephen's Green, Dublin 2, Ireland",IE
"Conestoga Eye, Lancaster, PA, USA | Conestoga Eye, Lancaster, USA",US
"Basse-Goulaine, Nantes, France",FR
"Ronald O. Perelman Department of Emergency Medicine, NYU Langone Health, 545 First Avenue, Greenberg Hall Suite 6B, New York, NY, 10016, USA",US
"Hospital General Plaza de la Salud, Santo Domingo, Dominican Republic | Centro Nacional para la Salud de la Infancia y la Adolescencia, México, Distrito Federal, Mexico",DO
"Department of Pharmacy, Fulda Hospital, Fulda, Germany",DE
"Administration Unit, M&M Hospital, the fertility and IVF Center, FCT, Abuja, Nigeria",NG
"International Training and Education Center for Health (I-TECH) Ukraine, Kyiv, Ukraine",UA
"Possible, Kathmandu, Nepal",NP
"Medical Education Reform Project, Dushanbe, Tajikistan",TJ
"Department of Oral and Maxillofacial Surgery, University Hospital of Aachen University, Pauwelsstr. 30, 52074, Aachen, Germany",DE
"Centre for Medical and Health Sciences Education, Building 507, Level 2, Room 2024, 28 Park Ave, Grafton, Auckland, 1023, New Zealand",NZ
"University Medical Center Wuerzburg, Wuerzburg, Germany",DE
"INSPECT-LB (Institut National de Santé Publique, d'Épidémiologie Clinique Et de Toxicologie-Liban), Beirut, Lebanon",LB
"Military Hospital 175, Ho Chi Minh City, Vietnam",VN
"Centro Universitario La Salle, Madrid, Spain",ES
"Department of Physiology and Cell Biology, The Ohio State College of Medicine, 43210, Columbus, Ohio, USA",US
"Department of Oral Diagnostic Sciences, King Abdul-Aziz University- Faculty of Dentistry, Jeddah, Saudi Arabia",SA
"West China Academic Exchange Center of Health and Medicine, Chengdu, Sichuan Province, People's Republic of China, 610041",CN
"School of Medicine, California University of Science and Medicine, 1501 Violet Street, Colton, CA, 92324, USA",US
"Independent Researcher, Quebec, Canada",CA
"Department of Anesthesiology and Perioperative Medicine, 11100 Euclid Ave, Cleveland, OH, 44106, USA",US
"Department of Emergency Medicine, 600 Gresham Drive, Raleigh Building Room 304, Norfolk, VA, 23507, USA",US
"MultiCultural Business Solutions Inc., Markham, Ontario, Canada",CA
"General Practice Supervisors Australia, PO Box 141, Bendigo North, VIC, 3550, Australia",AU
"Private clinic, Edinburgh, UK",GB
"Department of Internal Medicine, Oji Seikyo Hospital, Tokyo Hokuto Health Co-Operative, Kita-ku, Tokyo, Japan",JP
"WHO Country Office for Nepal, Kathmandu, Nepal",NP
"Connect To Grow, Yzerfontein, South Africa",ZA
"Research Department, Association of Future African Neurosurgeons, Kinshasa, Democratic Republic of Congo",CD
"Nursing School, Academy of Health Professions Heidelberg, Heidelberg, Germany",DE
"Brampton Medical Practice, Carlisle, UK",GB
"College of Advanced Practice Nurse and Midwife, Thailand Nursing and Midwifery Council, Nonthaburi, Thailand",TH
"Rawal Institute of Health Sciences, Islamabad, Pakistan",PK
"Surgical Equity Research Hub, Jos, Nigeria",NG
"Garki Specialist Hospital, Abuja, Nigeria",NG
"Oasis Medical Center, Jos, Nigeria",NG
"Nava PBC, Washington, DC, USA",US
"Department of Psychiatry, Zhongguancun Hospital, Beijing, China",CN
"Department of Neurosurgery, The General Hospital of the Western Theater Command, 270 Rongdu Avenue, Jinniu District, Chengdu, 610083, Sichuan Province, China",CN
"Institute of Health Economics and Technology, Hanoi, 100000, Vietnam",VN
"School of Nursing and Health Studies, Hong Kong Metropolitan University, Hong Kong, Hong Kong",HK
"Medical Education Department, Suez Canal Faculty of Medicine, Egyptian Society for Medical Education (ESME), Ismailia, Egypt",EG
"Department of Preventive and Community Medicine, Taher Sfar University Hospital, Mahdia, 5100, Tunisia",TN
"SpaceMax Technology Co., Ltd, Shanghai, China",CN
"Peninsula Schools of Medicine and Dentistry, Plymouth University, Plymouth, UK",GB
"Clinic for Psychotherapy and Psychosomatics ""Hohenegg"", Meilen, Switzerland",CH
"Tungs' Taichung Memorial Hospital, Taichung, Taiwan",TW
"Surgical Equity and Research Hub, Jos, Nigeria | The Global Health Network, Centre for Tropical Medicine and Global Health, University of Oxford, Oxford, UK",NG
"Johns Hopkins Community Physicians, Baltimore, USA",US
"Hospital Pharmacy, Independent Public Health Care Institution in Szczebrzeszyn, Zygmunta Klukowskiego 3, Szczebrzeszyn, 22-460, Poland",PL
"Council of District Chamber of Pharmacy, Zeromskiego 77/6, Warsaw, 01-882, Poland",PL
"Lubusz Pharmacy Chamber Council, Wojska Polskiego 37, Pharmacy, Zielona Góra, 65-077, Poland",PL
"Centre of Biomedical Ethics and Culture, SIUT, Karachi, Pakistan",PK
"Berlin Chamber of Physicians, Berlin, Germany",DE
"Department of Medical Education, Cancer Center and Institute for Personalized Medicine, California University of Science and Medicine (CUSM), 1501 Violet Street, Colton, CA, 92324, USA",US
"SBS Evaluation & Program Development Specialists, LLC, Albuquerque, NM, USA",US
"Primary Healthcare Services Sector, Dubai Academic Health Corporation, Dubai, United Arab Emirates",AE
"Hervey Bay Hospital, Wide Bay Hospital and Health Service, Hervey Bay, QLD, Australia",AU
"Continuing Professional Development Department, Fédération des médecins spécialistes du Québec, Montréal, Québec, Canada",CA
"Bacha Khan Medical College Mardan, Mardan, Pakistan",PK
"Research Fellow - Knowledge & Implementation Hub, Aged Care Research & Industry Innovation, Adelaide, Australia",AU
"African Forum for Research and Education in Health, Kumasi, Ghana",GH
"Department of Obstetrics and Gynaecology, Princess Marina Hospital, Gaborone, Botswana",BW
"Independent Consultant, Copenhagen, Denmark",DK
"Burks Johansson LLP, Palo Alto, CA, USA",US
"Department of Pediatrics, Copenhagen University Medical School, Copenhagen, Denmark",DK
"Medical Education Reform (MERproject), Bishkek, Kyrgyzstan",KG
"Department of Surgery, Tema General Hospital, Tema, Republic of Ghana",GH
"The Royal Australian and New Zealand College of Ophthalmologists, Sydney, NSW, Australia",AU
"Mechanical Metrology Department, National Institute of Metrology Thailand, T. Klong 5, A. Klong Luang, Pathum Thani, 12120, Thailand",TH
"Learna Ltd Ty Bevan, House Cleeve Drive LIanishen, Cardiff, CF14 5GF, UK",GB
"Independent researcher, Binyamina, Israel",IL
"California Health Sciences University College of Osteopathic Medicine, Clovis, CA, 93611, USA",US
"Department of Internal Medicine, Oaklawn Hospital, Marshall, MI, USA",US
"HCA Florida Kendall Hospital, Miami, USA",US
"Department of Surgical Affairs, RCSI University of Medicine and Health Sciences, Dublin, Ireland",IE
"aQua Institute for Applied Quality Improvement and Research in Health Care, Göttingen, Germany",DE
"Common Sense eLearning & Training Consultants GmbH, Vienna, Austria",AT
"Department of Pneumology and Critical Care Medicine, SLK Loewenstein Lung Center, Loewenstein, Germany",DE
"School of Allied and Public Health Professions, North Holmes Road, CT1 1QU, Canterbury, Kent, UK",GB
"Pain and Exercise Research Luebeck, Institution of Health Sciences, University of Luebeck, Luebeck, Deutschland",DE
"Scoala de Pian By Lena Napradean, Bucharest, Romania",RO
"Associação Sons Do Estaminé, Trofa, Portugal",PT
"ACCePPT Research Laboratory, University Clermont Auvergne, Clermont-Ferrand, France | ACCePPT - AutomédiCation aCcompagnement Pluriprofessionnel PatienT (UFR de Pharmacie, 28 place Henri Dunant, TSA 50400, 63001 Clermont-Ferrand - France)",FR
"Consultant Prosthodontist, P. O. Box. 45730, Regenix, Islamabad, Pakistan | Department of Prosthodontics, HBS Medical and Dental College, Islamabad, Pakistan",PK
"School of Medicine, Newgiza University, Giza, Egypt",EG
"Department of Public Health, School of Medicine, Newgiza University, Giza, Egypt | School of Medicine, Newgiza University, Giza, Egypt",EG
"University College of Medicine and Dentistry, UOL, Lahore, Pakistan",PK
"Zhengzhou Technical College, Zhengzhou, China",CN
"Department of Research Pathology, Genentech, Inc., San Francisco, CA, USA",US
"Laboratory to Combat Human Trafficking, Denver, CO, USA",US
"Department of General Practice, RCSI, Dublin, Ireland",IE
"Pediatrics Department, King Abdullah Specialized Children Hospital, Riyadh, Saudi Arabia",SA
"Movember, Level 4/21-31 Goodwood St, 3121, Richmond, VIC, Australia",AU
"Data, Design + Writing, Portland, OR, USA",US
"Department of Medical Education, Education Development Center (EDC), Smart University of Medical Sciences (SmUMS), Tehran, Iran",IR
"Kinder- und Jugendarztpraxis Dr. Seitz, Werderstraße 3, 88348, Bad Saulgau, Germany",DE
"Institute for Medical Education, Department for Assessment and Evaluation, Mittelstrasse 43, Bern, 3012, Switzerland",CH
"Research Group 'Research & Innovation in Public Health Practice Based Learning' (RIPPLE), Netherlands School of Public and Occupational Health, 10th Floor, Churchilllaan 11, Utrecht, GV, 3527, The Netherlands",NL
"Department of Physiotherapy, School of Nursing and Health Studies, Hong Kong Metropolitan University, Hong Kong SAR, China",CN
"Surgical Clinic, Brasília University, Brasília, Brazil",BR
"Vancouver, British Columbia, Canada",CA
"Remote Vocational Training Scheme, PO Box 37, Albury, NSW, 2640, Australia",AU
"Division of Pulmonary, Allergy and Critical Care Medicine, Heersink School of Medicine, Birmingham, AL, England",GB
"Department of Surgry, Basma Hospital, Minsrty of Health, Irbid, Jordan",JO
"Department of Gynaecology and Obstetrics, University Hospital of Nantes, Nantes, France",FR
"Nahdi Medical Company, Al-Madinah Al-Munawarah, Kingdom of Saudi Arabia",SA
"Almouwasat Medical Services, Al-Madinah Al-Munawarah, Kingdom of Saudi Arabia",SA
"Integrated Health Area of Talavera de la Reina, Talavera de la Reina, 45600, Spain",ES
"Kaplan Business School Australia, Brisbane, Australia",AU
"ESIC Medical College and Hospital, Bihta, Patna, India",IN
"Department of Community Medicine, Rama Medical College, Patna, India",IN
"Department of Community Medicine, Madhubani Medical College and Hospital, Madhubani, India",IN
"Clinical Pathology Department, National Liver Institute, Menofia University, Shibin Al Kawm, Egypt",EG
"Tabassom Stroke Rehabilitation Clinic, Tehran, Iran",IR
"Swiss Institute for Medical Education SIWF, Bern, Switzerland",CH
"Division of Infectious Disease, Department of Internal Medicine, Shin Kong Wu Ho Su Memorial Hospital, Taipei, Taiwan",TW
"School of Management, Shandong Second Medical University, 7166 Baotong West Street, Weifang City, Shandong Province, 261053, China",CN
", Amman, Jordan",JO
"Mary Potter Hospice, 48 Mein St, Newtown, Wellington, 6021, New Zealand | Mary Potter Hospice, Newtown, New Zealand",NZ
"Unit of Primary Health Care, Hospital District of Northern Savo, P.O. Box 1777, FI 70211, Kuopio, Finland. teppo.heikkila@fimnet.fi | Unit of Primary Health Care, Hospital District of Northern Savo, P.O. Box 1777, FI 70211, Kuopio, Finland",FI
"The Medical Faculty of the University Hamburg, Martinistr. 52, 20246, Hamburg, Germany",DE
"Department of Pediatrics, University Hospital Lausanne, Lausanne, Switzerland",CH
"Global Clubfoot Initiative, London, UK",GB
"CURE International, Beit CURE Hospital, Lusaka, Zambia",ZM
"Department of Medical Education, OLVG Teaching Hospital, P.O. Box 9243, 1006 AE, Amsterdam, The Netherlands",NL
"M.A. SANTE (Meilleur Accès Aux Soins de Santé), Yaoundé, Cameroon",CM
"Geneva University Medical School, Institute for Biomedical Ethics, Geneva, Switzerland",CH
"Private Orthodontic Practice, Johannesburg, South Africa",ZA
"Hokkaido General Internal Medicine Education Center, Ebetsu, Japan",JP
"OCB Media Ltd, The Crescent, 27 King Street, Leicester, LE1 6RX, UK | OCB Media Ltd, Leicester, UK",GB
"St Luke's Hospice Plymouth, Plymouth, UK",GB
"Celenus Kliniken GmbH, Offenburg, Germany",DE
"Moving-Concept, Freiburg, Germany",DE
"Independent Researcher, Liverpool, UK",GB
"Training and Research Unit of Primary Care in Barcelona city, Catalan Health Institute, Barcelona, Spain",ES
"Substance Misuse Programme, Irish College of General Practitioners, Dublin, Ireland",IE
"Irish College of General Practitioners, Dublin, Ireland",IE
"Instruct gGmbH, Kapuzinerstr.5, 80337, Munich, Germany",DE
"Optometry Council of Australia and New Zealand, Melbourne, Australia",AU
"ICL East New York Health Hub, 2581 Atlantic Ave., Brooklyn, NY, 11207, USA",US
"Department of Obstetrics and Gynecology, Hudiksvall Hospital, Hudiksvall, Sweden",SE
"School of Rural Health, Faculty of Medicine, Nursing and Health Sciences, Monash University, Victoria, Australia. belinda.garth@evgptraining.com.au | Southern General Practice Training (Eastern Victoria GP Training), 50 Northways Road, Churchill, Victoria, 3842, Australia. belinda.garth@evgptraining.com.au | Southern General Practice Training (Eastern Victoria GP Training), 50 Northways Road, Churchill, Victoria, 3842, Australia",AU
"Pharmaexpert Consultancy and Education, Zagreb, Croatia",HR
"Interuniversity Center for GP Training, 3000, Leuven, Belgium",BE
"Direction de santé publique de Montréal, Montréal, Canada",CA
"Amsta Health Care Organization, Amsterdam, The Netherlands",NL
"Nagashima-Cho National Health Insurance Dental Clinic, Kagoshima, Japan",JP
"Institute of Service Management, School of business, SCU, Chengdu, China",CN
"Department of Health Research, M.A. SANTE (Meilleur Accès aux Soins de Santé), P.O. Box: 3390, Yaounde, Cameroon",CM
"Clinic for Traumatology and Orthopedics, Military Academic Hospital Berlin, Scharnhorststrasse 13, 10115, Berlin, Germany | Clinic for Traumatology and Orthopedics, Military Academic Hospital Berlin, Berlin, Germany",DE
"Clinic for Anesthesiology, Intensive Care, Emergency Medicine and Rescue Service, Military Academic Hospital Berlin, Scharnhorststrasse 13, 10115, Berlin, Germany | Clinic for Anesthesiology, Intensive Care, Emergency Medicine and Rescue Service, Military Academic Hospital Berlin, Berlin, Germany",DE
"Northern Foundation School, Newcastle upon Tyne, England, UK",GB
"Health Projects for Latvia, Baznicas street 5 - 2, Riga, LV, 1010, Latvia",LV
"Department of Surgery, Oda Hospital, 4306 Takatsuhara, Kashima, Saga, 849-1311, Japan",JP
"EA 3694 Human Fertility Research Group, Reproductive Medicine Department, Toulouse University Hospital, Paule de Viguier, 330 avenue de Grande-Bretagne, TSA 70034, 31059, Toulouse cedex 9, France",FR
"Hospital Ginecobstétrico Ramón González Coro, Calle 21 No. 854 e/. 4 y 6 Vedado, Plaza de la Revolución, 10400, La Habana, Cuba",CU
"Registro Nacional de Cáncer de Cuba, Hospital Ginecobstétrico Ramón González Coro, Calle 21 No. 854 e/. 4 y 6 Vedado, Plaza de la Revolución, 10400, La Habana, Cuba",CU
"World Francophone Digital University, UNFM / HNSM 14 rue du Val d'Osne, 94450, Saint-Maurice, France",FR
"Zanmi Lasante, Port Au Prince, Haiti",HT
"California University of Science and Medicine, 1501 Violet St, Colton, CA, 92324, USA",US
"Department of Educational Technology in Medical Sciences, Smart University of Medical Sciences, Tehran, Iran",IR
"Work Psychology Group, Derby, UK. f.patterson@workpsychologygroup.com | Work Psychology Group, Derby, UK",GB
"University Hospitals Graduate Medical Education, Lakeside 6223, 11100 Euclid Ave, Cleveland, Ohio (OH), 44106, USA",US
"Technical University Munich, TUM School of Medicine, TUM Medical Education Center, Ismaninger Straße 22, München, 81675, Germany",DE
"Institute for Studies of the Medical Profession, P.O. Box 1153, Oslo, NO-0107, Norway",NO
"Emergency department, The first affiliated hospital of Bengbu medical college, 233004, Bengbu, China",CN
"Smart University of Medical Sciences, Tehran, Iran",IR
"KLUG-Deutsche Allianz Für Klimawandel Und Gesundheit E.V., Berlin, Germany",DE
"Institut Toulousain de Simulation en Santé, Bâtiment U2000, Place du Docteur Baylac - TSA 40031 - 31059, Toulouse Cedex 9, France",FR
"Liverpool School of Tropical Medicine (Kenya), P.O. Box, Nairobi, 24672-00100, Kenya",KE
"Nursing Council of Kenya, P.O. Box, Nairobi, 20056-00200, Kenya",KE
"Aga Khan University of East Africa, P.O Box, Nairobi, 39340-00623, Kenya",KE
"College of Medicine and Health Sciences, Oman National University, Sohar, Oman",OM
"Department of Emergency and Critical Care Medicine, Tokyo Bay Urayasu Ichikawa Medical Center, 3-4-32 Todaijima, Urayasu, Chiba, 279-0001, Japan",JP
"Social enterprise MedGezel, and OLVG hospital, Amsterdam, the Netherlands",NL
"Department of General Practice, Erasmus University Medical Centre, PO Box 2040, Rotterdam, 3000 CA, The Netherlands",NL
"Département de Médecine Générale, Faculté de Médecine, Besançon, France",FR
"Jin-cheng Community Health Service Center, Chengdu, Sichuan, China",CN
"Independent Contractor, Winnipeg, Manitoba, Canada",CA
"Department of Physical Therapy, College of Rehabilitation Sciences, Rady Faculty of Health Sciences, Winnipeg, Manitoba, Canada",CA
"Adapt Physical Therapy Winnipeg, Winnipeg, Manitoba, Canada",CA
"Department of Research and Training, Partners In Health/Inshuti mu Buzima, Kigali, Rwanda",RW
"Internal Medicine Resident, University of California, 333 City Blvd, West City tower, Suite 400, 92868, Irvine, Orange, CA, USA",US
"EBMPracticeNet, Leuven, Belgium",BE
"National Latino Behavioral Health Association, Peña Blanca, NM, USA | National Latino Behavioral Health Association, Peña Blanca, USA",US
"General Practice Training Queensland, Brisbane, QLD, Australia",AU
"Practice Experience Program, General Practice Training Queensland, Brisbane, QLD, Australia",AU
"Remote Vocational Training Scheme Ltd, Albury, NSW, Australia",AU
"School of Nursing and Midwifery, Queen's University Belfast, Belfast, Northern, Ireland",IE
"Capturo AS, Skjetten, Norway",NO
"Strategic Support Force Characteristic Medical Center, Beijing, 100101, P. R. China",CN
"Chengdu Bayi Orthopedic Hospital, China RongTong Medical Healthcare Group Co. Ltd, No.3 Wudu Road, Qingyang District, Chengdu, Sichuan, China",CN
"The Hague Municipal Health Services, The Hague, The Netherlands",NL
"Department of Radiology and Nuclear Medicine, Amsterdam University Medical Center, Amsterdam, The Netherlands",NL
"Department of Nursing and Midwifery Services, Ministry of Health, P. O. Box 743, Dodoma, Tanzania",TZ
"Erawan Hospital, Loei, Thailand",TH
"Department of Nephrology, The First Affiliated Hospital of Naval Medical University, Shanghai, China",CN
"Department of Hematology, The First Affiliated Hospital of Naval Medical University, Shanghai, China",CN
"Department of Gastroenterology, The First Affiliated Hospital of Naval Medical University, Shanghai, China",CN
"Injeq Plc, Biokatu 8, Tampere, Tampere, 33520, Finland",FI
"French National Association « Petit Coeur de Beurre », Paris, France",FR
"Filière Nationale de Santé Maladies Rares, Cardiogen, France",FR
"Institute of Psychosomatic and Psychosocial Medicine for Romandie (IMPPRo), Lausanne, Switzerland",CH
"Saiseikai Saijyo Hospital, 269-1 Tuitachi, Saijyo, Ehime, Japan",JP
"Basical Health Co., Ltd, 1-9-10 Horidome-cho, Nihonbashi, Chuo-ku, Tokyo, Japan",JP
"Aratama Diabetology and Internal Medicine, 8-66-5 Chifunemachi, Matsuyama, Ehime, Japan",JP
"Japanese Red Cross Omori Hospital, 4-30-1 Chuo Ota-ku, Tokyo, Japan",JP
"Houshasen Daiichi Hospital, 1-10-50 Kitahiyoshi-cho, Imabari, Ehime, Japan",JP
"National Cancer Center Hospital, 5-1-1 Tsukiji, Chuo-ku, Tokyo, Japan",JP
"Totsuka West Exit Sato Internist Clinic, 6005-3 Totsuka-cho, Totsuka-ku, Yokohama, Japan",JP
"Metric Software and Consulting, Istanbul, Türkiye",TR
"NOVA Information Management School, Lisbon, Portugal",PT
"Ibn Sina University for Medical Sciences, Amman, Jordan",JO
"Department for Assessment and Evaluation, Institute for Medical Education, Bern, Switzerland",CH
"United Nations Population Fund, Kigali, Rwanda",RW
"Department of Psychiatry, Ibn Alhassan Hospital, University Hospital of Fez, Fez, Morocco",MA
"Khawaja Muhammad Safdar Medical College, Sialkot, Punjab, Pakistan",PK
"Rabdan Academy, Abu Dhabi, United Arab Emirates",AE
"Farmaka, Ghent, Belgium",BE
"Department of General Internal Medicine, Tokyo Bay Urayasu/Ichikawa Medical Centre, 3-4-32 Todaijima, Urayasu, Chiba, Japan",JP
"Department of Emergency and Critical Care Medicine, Tokyo Bay Urayasu/Ichikawa Medical Centre, 3-4-32 Todaijima, Urayasu, Chiba, Japan",JP
"Principal and Executive Consultant, BSM Consulting, Baltimore, USA",US
"Division Education Champion for Glaucoma, Wilmer Eye Institute, Baltimore, USA",US
"Research Division, COME Collaboration, Mechelen, Belgium",BE
"Institut des Hautes Etudes Ostéopathiques (IdHEO), Saint-Herblain, France",FR
"Centro Ricerche Olistiche per la Medicina Osteopatica e Naturale (CROMON), Rome, Italy | Clinical-based Human Research Department, Research Division, COME Collaboration, Pescara, Italy",IT
"Centre pour l'Etude, la Recherche et la Diffusion Osteopathiques (CERDO), Rome, Italy | Clinical-based Human Research Department, Research Division, COME Collaboration, Pescara, Italy",IT
"Clinical-based Human Research Department, Research Division, COME Collaboration, Pescara, Italy",IT
"Catosenteret Rehabilitation Center, Son, Norway",NO
"UCSP Cantanhede, ACeS Baixo Mondego, ARS Centro, Coimbra, Portugal",PT
"Nigerian Air Force Military Hospital, Jos, Plateau State, Nigeria",NG
"Brien Holden Vision Institute, Durban, South Africa",ZA
"Wipa Research Consults, Kampala, Uganda",UG
"Adelaide Medical School, Adelaide, SA, Australia",AU
"Saint Luke Hospital, Wolisso, Ethiopia",ET
"Aber Hospital, Aber, Uganda",UG
"Doctors with Africa Cuamm, Pujehun Hospital, Pujehun, Sierra Leone",SL
"Arbeitsgemeinschaft (AG) for Teaching at German Society for Orthopaedics and Trauma Surgery (DGOU), Berlin, Germany | Orthopaedic Clinic and Polyclinic, University Clinics Rostock, Rostock, Germany",DE
"Working Group for Surgical Technique and Training, Clinic for Visceral, General and Transplant Surgery, Tuebingen University Hospital, 72072, Tübingen, Germany",DE
"Ethicon, Endo-Surgery Europe, Norderstedt, Germany",DE
"Small Changes Healthcare, Perth, Western Australia",AU
"Department of Family Medicine, Institute of Postgraduate Education in Healthcare of the Republic of Tajikistan, Dushanbe, Tajikistan | Medical Education Reform Project Tajikistan, Dushanbe, Tajikistan",TJ
"Medical Education Reform Project Tajikistan, Dushanbe, Tajikistan",TJ
"Ross University School of Medicine, Miramar, FL, USA",US
"The Toulouse Bar Association, Toulouse, France",FR
"PRONTO International, Patna, Bihar, India",IN
"Dentist, MCLINIC, Am Schützeneck 8, 81241, Munich, Germany",DE
"Rehman College of Dentistry, Peshawar, Pakistan",PK
"Northern Care Alliance NHS Foundation Trust, Salford, Greater Manchester, UK",GB
"Department of Neonatology Pediatric Intensive Care and Pulmonology, Children's Hospital University Mannheim, Mannheim, Germany",DE
"Psychiatric Outpatient Clinic, Ambulatorium am Roemerhof, Zurich, Switzerland",CH
"Inspirali Educação, Belo Horizonte, MG, Brasil",BR
"INSPECT-LB (Institut National de Santé Publique, d'Épidémiologie Clinique Et de Toxicologie-Liban), Beirut, Lebanon | INSPECT-LB (Institut National de Santé Publique, d’Épidémiologie Clinique Et de Toxicologie-Liban), Beirut, Lebanon",LB
"Clinic for Psychotherapy and Psychosomatics ''Hohenegg'', Meilen, Switzerland",CH
"Department of Nursing Education, Centre Hospitalier Alpes Isère, Saint-Egrève, France | CH Ste-Egrève - Centre Hospitalier de Saint-Egrève (France)",FR
"Rural Doctors Network, 7/33 Chandos, St. Leonards, NSW, Australia",AU
"Department of Physiology, Karachi Institute of Medical Sciences (KIMS-NUMS), Karachi, Pakistan",PK
"Department of Gynecologic Oncology, Guiyang Maternal and Child Health care Hospital, Guiyang, 550003, China",CN
"Private Practice, Cape Elizabeth, ME, USA",US
"Data, Design + Writing, Oregon City, USA",US
"Ghana Registered Midwives Association, 1st Circular Road, H/No 11B Cantonments, Accra, Greater Accra, Ghana",GH
"Beijing Xiaoying Technology Co., Ltd, 100085, Beijing, China",CN
"Taiwan Field Epidemiology Training Program, Centers for Disease Control, Taipei, Taiwan",TW
"Unity Health, Toronto, Canada",CA
"IMPP, Große Langgasse 8, 55116, Mainz, Germany",DE
"Medical Centre Kočevje, Roška cesta 18, Kočevje, 1330, Slovenia",SI
"Health Centre Dr. Adolfa Drolca, Ulica talcev 9, Maribor, Slovenia",SI
"Department of Medicine, Center for Health Professions Education, Bethesda, MD, USA",US
"Croatian Carmelite Province of St. Joseph, Zagreb, Croatia",HR
"Nursing Course, Unifacisa University Center, Campina Grande, Paraíba, Brazil",BR
"Department of Public and Occupational Health, Amsterdam University Medical Center, VU University Amsterdam, Amsterdam Public Health research institute, Amsterdam, The Netherlands",NL
"French Society of Sexual Medicine (SFMS), Lille, France",FR
"EDEO Technologies, 11 rue des Arts et métiers, Fort-de-France, 97200, Martinique",MQ
"Department of Psychosomatic Medicine and Psychotherapy, Tübingen University Hospital, Osianderstraße 5, 72076, Tübingen, Germany",DE
"Department of Geriatric Psychiatry and Psychotherapy, LVR-Hospital Cologne, Wilhelm-Griesinger Straße 23, 51109, Cologne, Germany",DE
"Department of Clinical Laboratory, Wuhan Center for Clinical Laboratory, Wuhan, Hubei, China",CN
"Beijing life oasis public service center, Beijing, China",CN
"Department of General Practice, Lazi County Health Service Center, Xigatse, Tibet, 858100, PR China",CN
"mediX Gruppenpraxis Rotbuchstrasse, Zürich, Switzerland",CH
"Hospice Foundation of Taiwan, Taipei, Taiwan",TW
"Imabari City Fire Department, Imabari, Japan",JP
"Adult Critical Care Medicine Department, Military Hospital, Khartoum, Sudan",SD
"Dunvegan Medical Centre, 48 Dunvegan Avenue, Edenvale, Gauging, South Africa",ZA
"Emergency Department, National Referral Hospital, Honiara, Solomon Islands",SB
"Eaglescliffe Health Centre, Sunningdale Drive, Eaglescliffe, Stockton-on-Tees, UK",GB
"Medical Education Unit, National University of Science and Technology, Muscat, Oman",OM
"Affinia Healthcare, St. Louis, MO, United States",US
"Republic of Türkiye Ministry of Health Kahramankazan District Health Administration, Ankara, Türkiye",TR
"Centro de Desarrollo Infantil y Atención Temprana Crescere, Murcia, Spain",ES
"Neural KIDS, Xátiva, Spain",ES
"Agri Provincial Directorate of Health, Agri Taşliçay State Hospital, Agri, 04000, Turkey",TR
"AMBOSS GmbH, Cologne, Germany",DE
"Department of Medical Education Research and Development, Institute of Science Tokyo, 1-5-45 Yushima, Bunkyo-ku, Tokyo, 113-8519, Japan",JP
"Office of Education, Institute of Science Tokyo, Tokyo, Japan",JP
"Center for Healthcare Education, Institute of Science Tokyo, Tokyo, Japan",JP
"Goshen Center, Jerusalem, Israel",IL
"Guangyao Pharmacy (Guangdong) Co, Ltd, Guangzhou, China",CN
"Foreign Language Teaching Department, Hainan Vocational University of Science and Technology, Haikou, China",CN
"Women and Children's Hospital of Jinzhou, Jinzhou, China",CN
"Private Practice, Cologne, Germany",DE
"Private Practice, Taipei, Taiwan",TW
"Oncology Centre, St. Teresa's Hospital, 327 Prince Edward Road, Hong Kong Special Administrative Region, China | Oncology Centre, St. Teresa’s Hospital, 327 Prince Edward Road, Hong Kong Special Administrative Region, China",CN
"Schulich School of Medicine & Dentistry, Undergraduate Medical Education, London, Canada",CA
"Capio Rapid Response Vehicles, Stockholm, Sweden",SE
"Carbon Health Urgent Care, Green Brook, NJ, USA",US
", Manchester, UK | Manchester, UK",GB
"Department of Ultrasound, Jin 'an District Maternal and Child Health Hospital, Lu 'an City, Anhui, China",CN
"Central Health Services in pre-schools, schools and upper secundary schools, Municipality of Norrtälje, Stockholm, Sweden",SE
"Institute of Family Medicine, University Medical Centre Schleswig-Holstein, Campus Lübeck, Ratzeburger Allee 160, 23562, Lübeck, Germany",DE
"SwipeRx, Singapore, Singapore",SG
"Huntsville Physicians Local Education Group, 100 Frank Miller Drive, Huntsville, ON, P1H 1H7, Canada",CA
"RCSI University of Medicine and Health Sciences, Dublin, Ireland",IE
"Division of Infectious Disease, Department of Medicine, University of Wisconsin School of Medicine and Public Health, Medical Foundation Centennial Building Room 5263, 1685 Highland Avenue, Madison, WI, 53705, USA",US
"Infarma, 182 Pulawska Street, 02-670, Warsaw, Poland",PL
"Dr Sea Dental Clinic, Rayong, Thailand",TH
"Panomsarakarm Hospital, Chachoengsao, Thailand",TH
"Toronto University, Toronto, Canada",CA
"Physiopedia, 10 Queen Street Place EC4R 1BE, London, EC4R 1BE, UK",GB
"Diocesan Classical Gymnasium, Stanislav's Institution, Štula 23, 1210, Ljubljana, Slovenia",SI
"Marathon Family Practice, Marathon, ON, P0T 2E0, Canada",CA
"Department of General Practice, The People's Hospital of Suichang County, Lishui, China",CN
"Xiaoying District Community Healthcare Center, Hangzhou, China",CN
"ISNI (InterSyndicale Nationale des Internes), 12 Rue Cabanis, Paris, 75014, France",FR
"Unidad Nacional de Oncología Pediátrica, Guatemala City, Guatemala",GT
"LFR International, Los Angeles, CA, USA, Makeni, Sierra Leone",SL
"Rehabilitation Centre for Children, Winnipeg, MB, Canada",CA
"RCSI SIM Centre for Simulation Education and Research, RCSI University of Medicine and Health Sciences, 26 York Street, Dublin 2, D02 P796, Ireland. adamfroche@rcsi.com | RCSI SIM Centre for Simulation Education and Research, RCSI University of Medicine and Health Sciences, 26 York Street, Dublin 2, D02 P796, Ireland",IE
"Department of Neurosurgery, Hospital Cordero, San Fernando, Argentina",AR
"Data Science Centre, RCSI University of Medicine and Health Sciences, Dublin, Ireland",IE
"RCSI SIM Centre for Simulation Education and Research, RCSI University of Medicine and Health Sciences, 26 York Street, Dublin 2, D02 P796, Ireland",IE
"Department Urology, Medical Park Gebze Hospital, Kocaeli, Türkiye",TR
"Center for Clinical Studies, University Medical Center Regensburg, Regensburg, Germany",DE
"Akenten Appiah-Menka University of Skills Training and Entrepreneurial Development (AAMUSTED), Kumasi, Ghana",GH
Nursing and Midwifery Council,
"Department of Ophthalmology, University of Brussels and Brussels University Hospital, Brussels, Belgium",BE
"EBO Secretariat, FS Exam Services, Ltd., Dublin, Ireland",IE
"Department of Ophthalmology, University Medical Centre Sestre Milosrdnice, Zagreb, Croatia",HR
"Department of Internal Medicine, Asokoro District Hospital, Abuja, Nigeria",NG
"Seva Canada, Vancouver, Canada",CA
"Bridges Graduate School of Cognitive Diversity in Education, Studio City, CA, USA",US
"Muribushi Okinawa Center for Teaching Hospitals, Urasoe, Okinawa, Japan",JP
"Karuna Trust, Bangalore, India",IN
"Department of Medical Education, Smart University of Medical Sciences, Tehran, Iran",IR
"Medical Schools Council, London, UK. courtney.krstic@medschools.ac.uk | Medical Schools Council, London, UK",GB
"Medical Schools Council, London, UK",GB
"Programs Department, The Dorcas Cancer Foundation, Lagos, Nigeria",NG
"International School, Guangzhou Huali College, Zengcheng, Guangzhou, 511325, China",CN
"Department of Public Health, Dresden Medical School, University of Dresden, Dresden, Germany",DE
"Abadan University of Medical Sciences, Abadan, Iran",IR
"Nursing Department, Faculty of Medical Sciences and Nursing, Alrayan Colleges, Almadina, Saudi Arabia",SA
"Department of Orthopaedics, Third Affiliated Hospital of Naval Medical University, Shanghai, China",CN
"Centre for Heart Lung Innovation, Vancouver, BC, Canada",CA
"Digital Health Africa, Abuja, Nigeria",NG
"Insight SFI Research Centre for Data Analytics, Dublin, Ireland",IE
"Foundation for Biosanitary Research and Innovation in Primary Care (FIIBAP), Madrid, Spain",ES
"Department of Operating Room, Behbahan Faculty of Medical Sciences, Behbahan, Iran",IR
"Pyhrn-Eisenwurzen Klinikum, Steyr, Austria",AT
"Department of Neurosurgery, Brodno Masovian Hospital, Warsaw, Poland",PL
"3D CardioSolutions, Coimbra, Portugal",PT
"Joyce's Principle Office, Manawan, Québec, Canada",CA
", Toronto, Ontario, Canada",CA
"Department of Pharmacy, DHQ Hospital Jhelum, Jhelum, Pakistan",PK
"Metro North Hospital and Health Service, Brisbane, Australia",AU
"Department of Health and Medical Information, Myongji College, Seoul, Republic of Korea",KR
"Education Management Information Center, Ministry of Education, Beijing, China",CN
", Rostock, Germany",DE
"Local Health Authority, Bari, Italy",IT
"Shahida Islam Medical College, Lodhran, Pakistan",PK
"Al-Nafees Medical College, Islamabad, Pakistan",PK
"Muribushi Okinawa Clinical Training Center, Urasoe City, Okinawa, Japan | Tokyo Foundation for Policy Research, Roppongi, Minato-ku, Tokyo, Japan",JP
"Department of Hematology and Medical Oncology, University Medical Center Goettingen, Goettingen, Germany",DE
"Department of Nuclear Medicine Technology, Inaya Medical Colleges, Riyadh, Saudi Arabia",SA
"USAID Medicines, Technologies, and Pharmaceutical Services (MTaPS) Program, Management Sciences for Health, Kathmandu, Nepal",NP
"Independent Researcher, İzmir, Türkiye",TR
"Independent Consultant, Beirut, Lebanon",LB
"Garnet Health Medical Center, Middletown, NY, USA",US
"University Hospital in Wroclaw, Wroclaw, Poland",PL
"Juzoor for Health and Social Development, Ramallah, Palestine",PS
"School of Public Health, Shandong Second Medical University, Weifang, Shandong, 261053, China",CN
"Department of Biobehavioral Health Sciences, University of Pennsylvania School of Nursing, and Senior Fellow at University of Pennsylvania Leonard Davis Institute of Health Economics, Philadelphia, PA, USA",US
"Uganda National Drug Authority, Kampala, Uganda",UG
"Epicentre, Paris, France",FR
"East African Health Research Commission, Bujumbura, Burundi",BI
"Universidad de São Paulo, São Paulo, Brasil",BR
"National University Polyclinics, Singapore, Singapore",SG
"Bayalpata Hospital, Achham, Nepal",NP
"Health Advancement Programs to Serve All (HAPSA), Kathmandu, Nepal",NP
"Work Psychology Group Derby UK | Work Psychology Group, Derby, UK",GB
"Chicago Illinois USA | Chicago, Illinois, USA",US
"Miami Florida USA | Miami, Florida, USA",US
"Dundee UK | Dundee, UK",GB
"Bethesda Maryland USA | Bethesda, Maryland, USA",US
"Faculty of Medicine and Health University of Syndey Sydney NSW Australia | Faculty of Medicine and Health, University of Syndey, Sydney, NSW, Australia",AU
"Toronto Ontario Canada | Toronto, Ontario, Canada",CA
College of Medicine &amp; Public Health Bedford Park South Australia Australia,AU
"VU University Amsterdam the Netherlands | VU University, Amsterdam, the Netherlands",NL
"Liverpool UK | Liverpool, UK",GB
Prince George British Columbia Canada,CA
Halifax Nova Scotia Canada,CA
"Toowoomba Queensland Australia | Toowoomba, Queensland, Australia",AU
"Adelaide South Australia Australia | Adelaide, South Australia, Australia",AU
"Utrecht The Netherlands | Utrecht, The Netherlands",NL
"Ottawa Ontario Canada | Ottawa, Ontario, Canada",CA
"Vancouver British Columbia Canada | Vancouver, British Columbia, Canada",CA
"Melbourne Victoria Australia | Melbourne, Victoria, Australia",AU
"University of Torino Torino Italy | University of Torino, Torino, Italy",IT
"Hamilton Ontario Canada | Hamilton, Ontario, Canada",CA
Canberra ACT Australia,AU
Toronto Ontario Canada,CA
"Adelaide Australia | Adelaide, Australia",AU
"Newcastle New South Wales Australia | Newcastle, New South Wales, Australia",AU
"Patient as a Person Foundation  Eijsden The Netherlands | Patient as a Person Foundation, Eijsden, The Netherlands",NL
Iowa City Iowa USA,US
"Center for Faculty Educators, School of Medicine UCSF San Francisco CA USA",US
"Health Professions Education Centre (HPEC) RCSI University of Medicine and Health Sciences  Dublin Ireland | Health Professions Education Centre (HPEC), RCSI University of Medicine and Health Sciences, Dublin, Ireland",IE
"Quality Enhancement Office RCSI University of Medicine and Health Sciences  Dublin Ireland | Quality Enhancement Office, RCSI University of Medicine and Health Sciences, Dublin, Ireland",IE
School of Medicine Dentistry and Nursing College of Medical Veterinary and Life Sciences  UK,GB
"Contribution: Methodology, Writing - review & editing",
"Contribution: Conceptualization, Methodology, Writing - review & editing",
Maywood Illinois USA,US
"Cambridge UK | Cambridge, UK",GB
"Plymouth UK | Plymouth, UK",GB
"London UK | London, UK",GB
Singapore,SG
London Ontario Canada,CA
"London Ontario Canada | London, Ontario, Canada",CA
"Copenhagen Denmark | Copenhagen, Denmark",DK
"Brisbane Queensland Australia | Brisbane, Queensland, Australia",AU
Southwest Ontario Aboriginal Health Access Centre  London Ontario Canada | Southwest Ontario Aboriginal Health Access Centre London Ontario Canada,CA
"Loughborough UK | Loughborough, UK",GB
"Pittsburgh Pennsylvania USA | Pittsburgh, Pennsylvania, USA",US
"Division of Clinical and Translational Sciences, Department of Internal Medicine McGovern Medical School  Houston Texas USA | Division of Clinical and Translational Sciences, Department of Internal Medicine McGovern Medical School Houston Texas USA",US
"Contribution: Supervision, Writing - review & editing",
"Contribution: Methodology, Validation, Writing - original draft",
"Contribution: ​Investigation, Methodology, Writing - original draft, Data curation",
"Contribution: Project administration, Methodology, Visualization, Writing - original draft, Writing - review & editing",
"Contribution: Conceptualization, Formal analysis, Project administration, Supervision, Visualization, Writing - review & editing",
"Contribution: Project administration, Writing - original draft, Writing - review & editing",
"Contribution: Writing - review & editing, Writing - original draft",
"Contribution: Formal analysis, Methodology, Writing - review & editing",
"Contribution: Writing - original draft, Writing - review & editing",
"Contribution: Project administration, Writing - review & editing",
"Contribution: Conceptualization, ​Investigation, Writing - review & editing, Resources",
"Contribution: Conceptualization, Data curation, Formal analysis, Methodology, Writing - review & editing",
"Contribution: Formal analysis, ​Investigation, Writing - review & editing, Supervision, Methodology",
"Contribution: Data curation, ​Investigation, Resources, Software, Visualization, Writing - review & editing",
"Contribution: Methodology, Supervision, Visualization, Writing - review & editing",
"Contribution: Data curation, Project administration",
"Contribution: Formal analysis, Writing - review & editing",
"Contribution: Writing - original draft, Conceptualization, Formal analysis",
"Contribution: ​Investigation, Writing - review & editing",
"Contribution: Data curation, Formal analysis, Project administration, Writing - review & editing",
"Contribution: Data curation, Formal analysis",
"Contribution: Conceptualization, ​Investigation, Methodology, Project administration, Supervision, Writing - review & editing",
"Contribution: Conceptualization, Funding acquisition, Methodology, Project administration, Visualization, Writing - original draft, Writing - review & editing",
"Contribution: Visualization, Writing - review & editing",
"Contribution: Conceptualization, Methodology, Writing - review & editing, Formal analysis, Supervision",
"Contribution: Conceptualization, Writing - original draft, Methodology, Writing - review & editing, Formal analysis, Project administration",
Ottawa Ontario Canada,CA
Vancouver British Columbia Canada,CA
Newark Delaware USA,US
Toronto Ontario USA,US
Sheffield UK,GB
"Bundoora Victoria Australia | Bundoora, Victoria, Australia",AU
Sherbrooke Quebec Canada,CA
Montreal Quebec Canada,CA
Göttingen Germany,DE
"Department of Surgical Affairs RCSI University of Medicine and Health Sciences Dublin Ireland | Department of Surgical Affairs, RCSI University of Medicine and Health Sciences, Dublin, Ireland",IE
"Colombo Sri Lanka | Colombo, Sri Lanka",LK
Australia,AU
"Vancouver BC Canada | Vancouver, BC, Canada",CA
"Belfast UK | Belfast, UK",GB
"Calgary Alberta Canada | Calgary, Alberta, Canada",CA
"Sydney New South Wales Australia | Sydney, New South Wales, Australia",AU
"Wellington New Zealand | Wellington, New Zealand",NZ
"Christchurch New Zealand | Christchurch, New Zealand",NZ
School of Clinical Sciences at Monash Health,
"Leeds UK | Leeds, UK",GB
Calgary Alberta Canada,CA
Chicago Illinois USA,US
"Riyadh Saudi Arabia | Riyadh, Saudi Arabia",SA
"Contribution: Conceptualization, Methodology, Project administration, Writing - review & editing, Supervision",
"London Ontario Canada | Montreal Quebec Canada | Montreal, Quebec, Canada | London, Ontario, Canada",CA
Southwest Ontario Aboriginal Health Access Centre  London Ontario Canada,CA
Developmental Neurobiology,
"Scottish Centre for Simulation and Clinical Human Factors Larbert UK | Scottish Centre for Simulation and Clinical Human Factors, Larbert, UK",GB
"Contribution: Validation, Visualization, ​Investigation, Data curation, Conceptualization, Methodology, Writing - original draft",
"Contribution: Formal analysis, Data curation",
Department of Psychiatry and Behavioral Health,
"Edmonton Alberta Canada | Edmonton, Alberta, Canada",CA
Institute of Health Sciences Education Barts and The London School of Medicine and Dentistry London UK,GB
Melbourne Victoria Australia,AU
Sydney NSW Australia,AU
Lookout Mountain Georgia USA,US
Emergency Medicine,
Learning Health Science Division of Professional Education,
"Frankston Victoria Australia | Frankston, Victoria, Australia",AU
"BMJ Learning London UK | BMJ Learning, London, UK",GB
"Munich Germany | Munich, Germany",DE
"Montreal Quebec Canada | Montreal, Quebec, Canada",CA
"Sheffield UK | Sheffield, UK",GB
"Ottawa Ontario Canada | Ottawa, Ontario Canada",CA
"Townsville Queensland Australia | Townsville, Queensland, Australia",AU
"Edinburgh UK | Edinburgh, UK",GB
"Contribution: ​Investigation, Conceptualization, Writing - original draft, Methodology, Validation, Writing - review & editing, Formal analysis, Project administration, Data curation, Resources",
"Contribution: ​Investigation, Writing - original draft, Methodology, Validation, Writing - review & editing, Formal analysis, Project administration, Resources, Data curation",
"Contribution: ​Investigation, Writing - original draft, Methodology, Validation, Writing - review & editing, Formal analysis, Project administration, Software, Resources, Data curation",
"Contribution: ​Investigation, Conceptualization, Methodology, Validation, Writing - review & editing, Formal analysis, Resources, Supervision",
"Contribution: ​Investigation, Writing - review & editing, Formal analysis, Resources, Methodology, Validation",
London UK,GB
Clínica Iberoamericana and Clínica Portoazul  Barranquilla Colombia,CO
"Contribution: Conceptualization, ​Investigation, Writing - original draft",
"Contribution: Conceptualization, Methodology",
"Contribution: ​Investigation, Data curation, Supervision",
"Contribution: Conceptualization, Supervision, Project administration",
Contribution: Writing - review & editing,
"Tehran Iran | Tehran, Iran",IR
"Warwick UK | Warwick, UK",GB
Manchester Foundation Trust,GB
"Lee Kong Chian School of Medicine  Singapore | National Healthcare Group  Singapore | National Healthcare Group, Singapore | Lee Kong Chian School of Medicine, Singapore",SG
Department of Humanities in Medicine,
School of Health Care Administration,
"Bern Switzerland | Bern, Switzerland",CH
"Shenzhen, Guangdong China | Shenzhen, Guangdong, China",CN
"Contribution: Data curation, Formal analysis, ​Investigation, Methodology, Writing - original draft, Writing - review & editing, Project administration",
"Contribution: Conceptualization, Data curation, Formal analysis, ​Investigation, Methodology, Supervision, Writing - original draft, Writing - review & editing",
"Contribution: Conceptualization, Data curation, ​Investigation, Methodology, Supervision, Writing - original draft, Writing - review & editing",
"Contribution: Conceptualization, Data curation, ​Investigation, Methodology, Writing - original draft, Writing - review & editing",
"Contribution: Conceptualization, Data curation, Writing - original draft, Writing - review & editing",
"Contribution: Conceptualization, Supervision, Writing - original draft, Writing - review & editing",
"Contribution: Conceptualization, Writing - review & editing, Methodology, Supervision",
"Contribution: Conceptualization, Data curation, Formal analysis, ​Investigation, Methodology, Project administration, Resources, Software, Writing - original draft, Writing - review & editing",
Amaris Zorggroep  Hilversum The Netherlands,NL
Silverein  Soest The Netherlands,NL
"Contribution: Conceptualization, Methodology, Software, Data curation, Formal analysis, Writing - original draft",
"Contribution: Methodology, Validation, Writing - review & editing, Formal analysis",
"Contribution: Supervision, Validation, Resources",
"Contribution: Conceptualization, ​Investigation, Writing - original draft, Methodology, Validation, Visualization, Writing - review & editing, Formal analysis, Project administration, Data curation, Supervision, Resources",
"Contribution: Conceptualization, Visualization, Project administration, Software",
"Contribution: Conceptualization, Visualization, Software, Project administration",
"Contribution: Conceptualization, Formal analysis",
Hospice Bardo – Hospice  Hoofddorp Netherlands,NL
"Contribution: Project administration, Writing - original draft",
"Contribution: Conceptualization, Supervision, Writing - review & editing",
Harvard Graduate School of Education  Cambridge Massachusetts USA,US
"Addis Ababa Ethiopia | Addis Ababa, Ethiopia",ET
Aarhus Denmark,DK
Cleveland Ohio USA,US
Bern Switzerland,CH
"Exeter UK | Exeter, UK",GB
Belfast UK,GB
Subang Jaya Malaysia,MY
Kuala Lumpur Malaysia,MY
Kuala Langat Malaysia,MY
"Braga Portugal | Braga, Portugal",PT
"Quebec City QC Canada | Quebec City, QC, Canada",CA
"Rome Italy | Rome, Italy",IT
"Sudbury Ontario Canada | Sudbury, Ontario, Canada",CA
Hamburg Germany,DE
Liverpool UK,GB
Bethesda Maryland USA,US
Ann Arbor Michigan USA,US
Medical Education,
"School of Medicine, Dentistry and Biomedical Sciences",
denotes co-first authors,
"General Home Care Clinic Mino  Gifu Japan | General Home Care Clinic Mino, Gifu, Japan",JP
"Bethesda MD USA | Bethesda, MD, USA",US
"Cairo Egypt | Cairo, Egypt",EG
Auckland New Zealand,NZ
"Manchester UK | Manchester, UK",GB
"Norfolk Virginia USA | Norfolk, Virginia, USA",US
for,
Clinical Sciences,
Teacher Education,
Applied Health Research,
"Singapore Singapore | Singapore, Singapore",SG
"Yangon Myanmar | Yangon, Myanmar",MM
"Contribution: Data curation, Formal analysis, ​Investigation, Validation, Writing - original draft, Writing - review & editing",
"Contribution: Conceptualization, Writing - original draft, Writing - review & editing",
"Contribution: Conceptualization, ​Investigation, Funding acquisition, Writing - original draft, Methodology, Validation, Writing - review & editing, Formal analysis, Project administration, Data curation, Supervision, Resources",
"Contribution: Conceptualization, Writing - review & editing, Methodology, Formal analysis, ​Investigation",
"Contribution: Conceptualization, Writing - original draft, Methodology, ​Investigation, Formal analysis, Writing - review & editing",
"Contribution: Conceptualization, Writing - review & editing, Methodology, Resources, Formal analysis",
Contribution: Supervision,
"Contribution: Writing - original draft, Writing - review & editing, Formal analysis",
"Contribution: Conceptualization, Writing - original draft, Methodology, Visualization, Writing - review & editing, ​Investigation, Funding acquisition",
"Contribution: Conceptualization, Writing - original draft, Funding acquisition, Methodology, Visualization, Writing - review & editing, Formal analysis, Data curation, Supervision",
"National Institute for Health Specialties  Al Ain UAE | National Institute for Health Specialties, Al Ain, UAE",AE
"Contribution: Conceptualization, ​Investigation, Writing - original draft, Methodology, Validation, Formal analysis, Project administration, Data curation, Resources, Supervision, Software",
Independent researcher  Karachi Pakistan,PK
"Contribution: Conceptualization, Visualization, Project administration, Resources",
"Contribution: Conceptualization, Methodology, Project administration, Resources, Data curation",
"Contribution: Project administration, Data curation, Resources, Methodology",
"Contribution: Conceptualization, Methodology, Validation, Supervision, Project administration, Visualization",
"Contribution: Conceptualization, Methodology, Data curation, Project administration, Resources, Writing - original draft, Writing - review & editing",
"Contribution: Writing - original draft, Writing - review & editing, ​Investigation, Conceptualization, Methodology, Software, Data curation",
"Contribution: Conceptualization, Writing - review & editing, Resources, Supervision",
"Contribution: Conceptualization, Methodology, Writing - original draft",
"Contribution: ​Investigation, Visualization, Validation",
"Contribution: Conceptualization, Writing - review & editing, Methodology",
"Contribution: Data curation, Writing - review & editing, Methodology, Visualization, Project administration",
"Contribution: Methodology, Writing - review & editing, Visualization, Project administration",
"Contribution: Writing - review & editing, Conceptualization, Supervision",
"Contribution: Conceptualization, Funding acquisition, Supervision, Project administration, Visualization, Writing - review & editing, Writing - original draft, Resources, Validation",
"Contribution: Conceptualization, ​Investigation, Methodology, Project administration, Visualization, Writing - review & editing, Writing - original draft, Formal analysis, Validation",
"Contribution: Conceptualization, ​Investigation, Methodology, Project administration, Visualization, Formal analysis, Validation",
"Contribution: Writing - review & editing, Writing - original draft, Visualization",
"Contribution: Methodology, ​Investigation, Formal analysis, Project administration, Resources, Writing - review & editing",
"Contribution: Conceptualization, Visualization, Software, Resources",
"Contribution: ​Investigation, Formal analysis, Writing - review & editing",
"Contribution: Supervision, Methodology, Writing - review & editing",
"Contribution: Conceptualization, ​Investigation, Writing - original draft, Writing - review & editing, Data curation",
"Contribution: Conceptualization, Methodology, Writing - review & editing, Supervision",
"Contribution: Conceptualization, Supervision, Resources",
Association Concerning Sexual Violence Against Women (ACSVAW)  Hong Kong,HK
"Contribution: Conceptualization, Writing - original draft",
"Contribution: Conceptualization, Formal analysis, Writing - original draft, Writing - review & editing",
UK,GB
"Contribution: Supervision, Conceptualization",
"Contribution: Conceptualization, Methodology, Project administration, Supervision, Writing - review & editing",
"Ethical approval: Reported as not applicable | Other disclosures: None reported | Previous presentations: While earlier versions of the schematic representations have been used as the basis for workshops and presentations in the past, the versions included here have not been previously presented",
Learning | Minnesota,US
Ethical approval: Reported as not applicable | Other disclosures: None reported,
"Ethical approval: Reported as not applicable | Other disclosures: None reported | Previous presentations: The framework proposed here has been previously taught as part of instructional workshops conducted by the authors at national and international conferences, including the Academic Pediatric Society Meeting, Washington, DC, May 2013; the International Pediatric Simulation Symposia and Workshops, Vienna, Austria, April 2014; and the International Meeting for Simulation in Healthcare, New Orleans, Louisiana, January 2015 | the International Pediatric Simulation Symposia and Workshops, Vienna, Austria, April 2014 | the International Meeting for Simulation in Healthcare, New Orleans, Louisiana, January 2015 | Previous presentations: The framework proposed here has been previously taught as part of instructional workshops conducted by the authors at national and international conferences, including the Academic Pediatric Society Meeting, Washington, DC, May 2013",
"Ethical approval: Reported as not applicable | Other disclosures: None reported | Previous presentations: The framework proposed here has been previously taught as part of instructional workshops conducted by the authors at national and international conferences, including the Academic Pediatric Society Meeting, Washington, DC, May 2013; the International Pediatric Simulation Symposia and Workshops, Vienna, Austria, April 2014; and the International Meeting for Simulation in Healthcare, New Orleans, Louisiana, January 2015 | the International Meeting for Simulation in Healthcare, New Orleans, Louisiana, January 2015 | Previous presentations: The framework proposed here has been previously taught as part of instructional workshops conducted by the authors at national and international conferences, including the Academic Pediatric Society Meeting, Washington, DC, May 2013 | the International Pediatric Simulation Symposia and Workshops, Vienna, Austria, April 2014",
"Ethical approval: Reported as not applicable | Other disclosures: None reported | Previous presentations: The framework proposed here has been previously taught as part of instructional workshops conducted by the authors at national and international conferences, including the Academic Pediatric Society Meeting, Washington, DC, May 2013; the International Pediatric Simulation Symposia and Workshops, Vienna, Austria, April 2014; and the International Meeting for Simulation in Healthcare, New Orleans, Louisiana, January 2015 | Previous presentations: The framework proposed here has been previously taught as part of instructional workshops conducted by the authors at national and international conferences, including the Academic Pediatric Society Meeting, Washington, DC, May 2013 | the International Meeting for Simulation in Healthcare, New Orleans, Louisiana, January 2015 | the International Pediatric Simulation Symposia and Workshops, Vienna, Austria, April 2014",
"Ethical approval: Reported as not applicable | Other disclosures: None reported | Previous presentations: The framework proposed here has been previously taught as part of instructional workshops conducted by the authors at national and international conferences, including the Academic Pediatric Society Meeting, Washington, DC, May 2013; the International Pediatric Simulation Symposia and Workshops, Vienna, Austria, April 2014; and the International Meeting for Simulation in Healthcare, New Orleans, Louisiana, January 2015 | the International Meeting for Simulation in Healthcare, New Orleans, Louisiana, January 2015 | the International Pediatric Simulation Symposia and Workshops, Vienna, Austria, April 2014 | Previous presentations: The framework proposed here has been previously taught as part of instructional workshops conducted by the authors at national and international conferences, including the Academic Pediatric Society Meeting, Washington, DC, May 2013",
"Ethical approval: Reported as not applicable | Other disclosures: None reported | Previous presentations: The framework proposed here has been previously taught as part of instructional workshops conducted by the authors at national and international conferences, including the Academic Pediatric Society Meeting, Washington, DC, May 2013; the International Pediatric Simulation Symposia and Workshops, Vienna, Austria, April 2014; and the International Meeting for Simulation in Healthcare, New Orleans, Louisiana, January 2015 | Previous presentations: The framework proposed here has been previously taught as part of instructional workshops conducted by the authors at national and international conferences, including the Academic Pediatric Society Meeting, Washington, DC, May 2013 | the International Pediatric Simulation Symposia and Workshops, Vienna, Austria, April 2014 | the International Meeting for Simulation in Healthcare, New Orleans, Louisiana, January 2015",
"Ethical approval: Reported as not applicable | Other disclosures: None reported | Previous presentations: The framework proposed here has been previously taught as part of instructional workshops conducted by the authors at national and international conferences, including the Academic Pediatric Society Meeting, Washington, DC, May 2013; the International Pediatric Simulation Symposia and Workshops, Vienna, Austria, April 2014; and the International Meeting for Simulation in Healthcare, New Orleans, Louisiana, January 2015 | the International Pediatric Simulation Symposia and Workshops, Vienna, Austria, April 2014 | Previous presentations: The framework proposed here has been previously taught as part of instructional workshops conducted by the authors at national and international conferences, including the Academic Pediatric Society Meeting, Washington, DC, May 2013 | the International Meeting for Simulation in Healthcare, New Orleans, Louisiana, January 2015",
"Ethical approval: The authors received institutional review board permission for their work with reflective writing, including permission to share quotations. The survey quotations are from an anonymous, end-of-the-year evaluation | Other disclosures: None reported | Supplemental digital content for this article is available at https://links.lww.com/ACADMED/A275",
Books,
Supplemental digital content for this article is available at https://links.lww.com/ACADMED/A301 | Ethical approval: Reported as not applicable | Other disclosures: None reported,
Other disclosures: None reported | Supplemental digital content for this article is available at https://links.lww.com/ACADMED/A301 | Ethical approval: Reported as not applicable,
Ethical approval: Reported as not applicable | Supplemental digital content for this article is available at https://links.lww.com/ACADMED/A301 | Other disclosures: None reported,
"An AM Rounds blog post on this article is available at academicmedicineblog.org | Ethical approval: Reported as not applicable | Other disclosures: D.E. Melnick is president and chief executive officer of the National Board of Medical Examiners (NBME), and L.R. First is the immediate past chair of NBME",
"Y. Chang is a fourth-year medical student, Faculty of Medicine, University of Ottawa, Ottawa, Ontario, Canada. C.J. Ramnanan is assistant professor, Division of Clinical and Functional Anatomy, Department of Innovation in Medical Education, Faculty of Medicine, University of Ottawa, Ottawa, Ontario, Canada | Ethical approval: Reported as not applicable | Other disclosures: None reported | Previous presentations: This work was presented at a research day for medical students at the University of Ottawa and at the 2014 Canadian Conference on Medical Education",CA
"Ethical approval: Reported as not applicable | Disclaimers: The views expressed by the authors reflect their personal perspectives and do not necessarily reflect those of the APHC | Other disclosures: J.A. Carrese, D.J. Doukas, M.J. Green, and J. Malek hold leadership roles in the Academy for Professionalism in Health Care (APHC). At the time of writing, C.H. Braddock and L.S. Lehmann also held APHC leadership roles",
"Disclaimers: The views expressed by the authors reflect their personal perspectives and do not necessarily reflect those of the APHC | Ethical approval: Reported as not applicable | Other disclosures: J.A. Carrese, D.J. Doukas, M.J. Green, and J. Malek hold leadership roles in the Academy for Professionalism in Health Care (APHC). At the time of writing, C.H. Braddock and L.S. Lehmann also held APHC leadership roles",
"Disclaimers: The views expressed by the authors reflect their personal perspectives and do not necessarily reflect those of the APHC | Other disclosures: J.A. Carrese, D.J. Doukas, M.J. Green, and J. Malek hold leadership roles in the Academy for Professionalism in Health Care (APHC). At the time of writing, C.H. Braddock and L.S. Lehmann also held APHC leadership roles | Ethical approval: Reported as not applicable",
"Other disclosures: J.A. Carrese, D.J. Doukas, M.J. Green, and J. Malek hold leadership roles in the Academy for Professionalism in Health Care (APHC). At the time of writing, C.H. Braddock and L.S. Lehmann also held APHC leadership roles | Ethical approval: Reported as not applicable | Disclaimers: The views expressed by the authors reflect their personal perspectives and do not necessarily reflect those of the APHC",
"Other disclosures: J.A. Carrese, D.J. Doukas, M.J. Green, and J. Malek hold leadership roles in the Academy for Professionalism in Health Care (APHC). At the time of writing, C.H. Braddock and L.S. Lehmann also held APHC leadership roles | Disclaimers: The views expressed by the authors reflect their personal perspectives and do not necessarily reflect those of the APHC | Ethical approval: Reported as not applicable",
"W.J. Eppich is associate professor of pediatrics and medical education, Northwestern University Feinberg School of Medicine, Chicago, Illinois. E.A. Hunt is associate professor of anesthesiology and critical care medicine and of health science informatics and pediatrics, Johns Hopkins University School of Medicine, Baltimore, Maryland. J.M. Duval-Arnould is instructor of anesthesiology and critical care medicine and of health sciences informatics, Johns Hopkins University School of Medicine, Baltimore, Maryland. V.J. Siddall is simulation clinical educator and research assistant, Stritch School of Medicine, Loyola University, Maywood, Illinois. A. Cheng is associate professor of pediatrics, Cumming School of Medicine, University of Calgary, Calgary, Alberta, Canada",CA
Supplemental digital content for this article is available at https://links.lww.com/ACADMED/A322 | Ethical approval: The institutional review board of Partners HealthCare determined this study to be exempt | Other disclosures: None reported,
Supplemental digital content for this article is available at https://links.lww.com/ACADMED/A322 | Other disclosures: None reported | Ethical approval: The institutional review board of Partners HealthCare determined this study to be exempt,
Ethical approval: The institutional review board of Partners HealthCare determined this study to be exempt | Supplemental digital content for this article is available at https://links.lww.com/ACADMED/A322 | Other disclosures: None reported,
Other disclosures: None reported | Supplemental digital content for this article is available at https://links.lww.com/ACADMED/A322 | Ethical approval: The institutional review board of Partners HealthCare determined this study to be exempt,
"Disclaimer: The views expressed herein are those of the authors and do not necessarily reflect the views of the Uniformed Services University of the Health Sciences, the Department of Defense, or the U.S. government | Ethical approval: Reported as not applicable | Other disclosures: None reported | Supplemental digital content for this article is available at https://links.lww.com/ACADMED/A310",
Ethical approval: Reported as not applicable | Other disclosures: None reported | Supplemental digital content for this article is available at https://links.lww.com/ACADMED/A299,
"Ethical approval: The institutional review board at the University of California, San Francisco, School of Medicine approved this study | Other disclosures: None reported | Supplemental digital content for this article is available at https://links.lww.com/ACADMED/A277",
"J. Sharpless is a fourth-year student, Warren Alpert Medical School of Brown University, Providence, Rhode Island. N. Baldwin is a first-year student, Warren Alpert Medical School of Brown University, Providence, Rhode Island. R. Cook is a third-year student, Warren Alpert Medical School of Brown University, Providence, Rhode Island. A. Kofman is a fourth-year student, Warren Alpert Medical School of Brown University, Providence, Rhode Island. A. Morley-Fletcher is a first-year resident, Department of Pediatrics, Massachusetts General Hospital-Harvard Medical School, Boston, Massachusetts. R. Slotkin is a second-year student, Warren Alpert Medical School of Brown University, Providence, Rhode Island. H.S. Wald is clinical associate professor of family medicine, Warren Alpert Medical School of Brown University, Providence, Rhode Island",US
"Ethical approval: All phases of this work received ethical approval waivers from the UCSF institutional review board: waiver for student focus groups and preceptor interviews granted on August 27, 2012 (study number 12-09569) and waiver for the use of workshop data granted on June 30, 2014 (study number 14-13848) | Other disclosures: None reported | Previous presentations: This work was presented as an oral presentation at the annual meeting of the Association for Medical Education in Europe on September 3, 2014, in Milan, Italy, and as a poster presentation at the Association of American Medical Colleges Medical Education Meeting on November 6, 2014, in Chicago, Illinois",
"Ethical approval: Reported as not applicable | Other disclosures: None reported | Previous presentations: Preliminary findings were presented at the Canadian Conference on Medical Education, April 29, 2014, Ottawa, Ontario, Canada, and at the Association for Medical Education in Europe Conference, September 3, 2014, Milan, Italy",
"N.M. Benson is a first-year resident, Department of Psychiatry, Massachusetts General Hospital and McLean Hospital, Boston, Massachusetts.T.R. Stickle is associate professor, Department of Psychological Science, University of Vermont, Burlington, Vermont.W.V. Raszka Jr is professor of pediatrics, Department of Pediatrics, University of Vermont College of Medicine, Burlington, Vermont | Ethical approval: The University of Vermont institutional review board and committees on human subjects granted exempt status for this study | Other disclosures: None reported | Supplemental digital content for this article is available at https://links.lww.com/ACADMED/A290",US
Ethical approval: The University of Vermont institutional review board and committees on human subjects granted exempt status for this study | Other disclosures: None reported | Supplemental digital content for this article is available at https://links.lww.com/ACADMED/A290,
Ethical approval: Ethical approval was granted for studies involving human subjects by a Johns Hopkins University School of Medicine institutional review board | Other disclosures: None reported,
Ethical approval: This study was approved by the Institutional Review Board for Social & Behavioral Sciences of the University of Virginia | Other disclosures: None reported,
"S.C. Enns is a postdoctoral fellow, Center for Development of Medical Education, School of Medicine, University of São Paulo, São Paulo, Brazil. B. Perotta is assistant professor of embryology, Evangelical Medical School of Parana, Curitiba, Brazil. H.B. Paro is assistant professor of gynecology, School of Medicine, Federal University of Uberlandia, Uberlandia, Brazil. S. Gannam is assistant professor of pediatrics and primary care, School of Medicine, University of the City of São Paulo, São Paulo, Brazil. M. Peleias is a PhD student, Center for Development of Medical Education, School of Medicine, University of São Paulo, São Paulo, Brazil. F.B. Mayer is a PhD student, Center for Development of Medical Education, School of Medicine, University of São Paulo, São Paulo, Brazil. I.S. Santos is assistant professor of internal medicine, Department of Medicine, and staff member, Center for Development of Medical Education, School of Medicine, University of São Paulo, São Paulo, Brazil. M | Ethical approval: The research ethics committee of the School of Medicine of the University of São Paulo, as well as the institutional review boards at each participating school, approved the study | Previous presentations: This study was presented in part at the Meeting of the Association of Medical Education in Europe (AMEE), in Milan, Italy, August 2014 | Other disclosures: None reported",IT
"Ethical approval: The research ethics committee of the School of Medicine of the University of São Paulo, as well as the institutional review boards at each participating school, approved the study | Other disclosures: None reported | Previous presentations: This study was presented in part at the Meeting of the Association of Medical Education in Europe (AMEE), in Milan, Italy, August 2014",
"Other disclosures: None reported | Ethical approval: The research ethics committee of the School of Medicine of the University of São Paulo, as well as the institutional review boards at each participating school, approved the study | Previous presentations: This study was presented in part at the Meeting of the Association of Medical Education in Europe (AMEE), in Milan, Italy, August 2014",
"is associate professor of biomedical ethics, public health sciences, and psychiatry and neurobehavioral sciences, and director of the iTHRIV Scholars curriculum, University of Virginia, Charlottesville, Virginia; ORCID:",US
"Adjunct assistant professor, College of Human Medicine, Michigan State University, Grand Rapids, Michigan ; email: vanderid@msu.edu ; Twitter: @MvdRidder | email | Adjunct assistant professor, College of Human Medicine, Michigan State University, Grand Rapids, Michigan; email:; Twitter: @MvdRidder; ORCID:",US
"is associate professor, Department of Educational Development and Research, and deputy director, Institute for Education, School of Health Professions Education, Faculty of Health, Medicine and Life Sciences, Maastricht University, the Netherlands",NL
"is professor of medicine and clinical and translational sciences, and director, Innovative Design for Education and Assessment (IDEA) Lab, Department of Medicine, University of Pittsburgh, Pittsburgh, Pennsylvania M.K. Norman ; mkn17@pitt.edu | M.K. Normanis professor of medicine and clinical and translational sciences, and director, Innovative Design for Education and Assessment (IDEA) Lab, Department of Medicine, University of Pittsburgh, Pittsburgh, Pennsylvania",US
"R.M. Speck is adjunct assistant professor, Department of Anesthesiology and Critical Care, Perelman School of Medicine at the University of Pennsylvania, Philadelphia, Pennsylvania, and senior research associate, Evidera, Seattle, Washington. R.W. Weisberg is professor and director of graduate studies, Department of Psychology, Temple University, Philadelphia, Pennsylvania. L.A. Fleisher is chair and Robert Dunning Dripps Professor, Department of Anesthesiology and Critical Care, Perelman School of Medicine at the University of Pennsylvania, Philadelphia, Pennsylvania | Ethical approval: The study was approved by the University of Pennsylvania institutional review board, and documentation of written informed consent was waived | Other disclosures: None reported | Supplemental digital content for this article is available at https://links.lww.com/ACADMED/A263",US
"Ethical approval: The study was approved by the University of Pennsylvania institutional review board, and documentation of written informed consent was waived | Other disclosures: None reported | Supplemental digital content for this article is available at https://links.lww.com/ACADMED/A263",
Ethical approval: Reported as not applicable | Other disclosures: E.S. Holmboe receives royalties from Mosby-Elsevier for a textbook on assessment. The authors report no conflicts of interest | Supplemental digital content for this article is available at https://links.lww.com/ACADMED/A308,
"Disclaimer: The contents of this article are solely the responsibility of the authors and do not necessarily represent the official views of the funding agencies | Ethical approval: This study was approved by the institutional review board of Vanderbilt University School of Medicine | Other disclosures: None reported | Previous presentations: Poster session: Pediatric Education Across the Continuum, Washington, DC, October 2013; poster session: Pediatric Academic Societies and Asian Society for Pediatric Research Meeting, Vancouver, Canada, May 2014 | Supplemental digital content for this article is available at https://links.lww.com/ACADMED/A273 | Previous presentations: Poster session: Pediatric Education Across the Continuum, Washington, DC, October 2013 | poster session: Pediatric Academic Societies and Asian Society for Pediatric Research Meeting, Vancouver, Canada, May 2014",
"Disclaimer: The contents of this article are solely the responsibility of the authors and do not necessarily represent the official views of the funding agencies | Ethical approval: This study was approved by the institutional review board of Vanderbilt University School of Medicine | Other disclosures: None reported | Previous presentations: Poster session: Pediatric Education Across the Continuum, Washington, DC, October 2013; poster session: Pediatric Academic Societies and Asian Society for Pediatric Research Meeting, Vancouver, Canada, May 2014 | Supplemental digital content for this article is available at https://links.lww.com/ACADMED/A273 | poster session: Pediatric Academic Societies and Asian Society for Pediatric Research Meeting, Vancouver, Canada, May 2014 | Previous presentations: Poster session: Pediatric Education Across the Continuum, Washington, DC, October 2013",
Ethical approval: This project and all of its component analyses received an exemption from the Hamilton Integrated Research Ethics Board | Other disclosures: T. Chan has been supported by the Royal College of Physicians and Surgeons of Canada’s Fellowship for Studies in Medical Education. J. Sherbino is a clinician educator at the Royal College of Physicians and Surgeons of Canada. They have both received grants from the Royal College of Physicians and Surgeons of Canada | Supplemental digital content for this article is available at https://links.lww.com/ACADMED/A271 | Other disclosures: T. Chan has been supported by the Royal College of Physicians and Surgeons of Canada's Fellowship for Studies in Medical Education. J. Sherbino is a clinician educator at the Royal College of Physicians and Surgeons of Canada. They have both received grants from the Royal College of Physicians and Surgeons of Canada,
"Ethical approval: Reported as not applicable | Other disclosures: D. Eisenberg is codirector of the Healthy Kitchens, Healthy Lives continuing medical education conference, copresented by the Harvard School of Public Health, the Samueli Institute, and the Culinary Institute of America. He is also a scientific consultant to LKK Health Products Group Ltd., China. He provides scientific advice with regard to the design of studies testing the mechanism and efficacy of traditional Chinese herbal products | Previous presentations: This article is adapted from a keynote presentation by D. Eisenberg, AMEE Conference, Prague, Czech Republic, August 27, 2013",
"A. Walzak is clinical instructor, Department of Medicine, University of British Columbia, Victoria, British Columbia, Canada. M. Bacchus is associate professor, Department of Medicine, University of Calgary, Calgary, Alberta, Canada. J.P. Schaefer is clinical professor, Department of Medicine, University of Calgary, Calgary, Alberta, Canada. K. Zarnke is associate professor, Department of Medicine, University of Calgary, Calgary, Alberta, Canada. J. Glow is internal medicine residency program administrator, University of Calgary, Calgary, Alberta, Canada. C. Brass is internal medicine residency program assistant, University of Calgary, Calgary, Alberta, Canada. K. McLaughlin is associate professor, Department of Medicine, University of Calgary, Calgary, Alberta, Canada. I.W.Y. Ma is associate professor, Department of Medicine, University of Calgary, Calgary, Alberta, Canada | Previous presentations: This study was presented in abstract form at the International Conference on Residency Education, Calgary, Alberta, Canada, September 2013 | Ethical approval: This study was approved by the Conjoint Health Research Ethics Board of the University of Calgary | Supplemental digital content for this article is available at https://links.lww.com/ACADMED/A272 | Other disclosures: None reported",CA
"Ethical approval: This study was approved by the Conjoint Health Research Ethics Board of the University of Calgary | Other disclosures: None reported | Previous presentations: This study was presented in abstract form at the International Conference on Residency Education, Calgary, Alberta, Canada, September 2013 | Supplemental digital content for this article is available at https://links.lww.com/ACADMED/A272",
"Ethical approval: Reported as not applicable | Other disclosures: None reported | should be addressed to Christopher James Thomas, Aberystwyth University, Penglais, Aberystwyth, Wales, SY23 3DA, UK; telephone: (+44) 1970-621987; e-mail: [email protected] | Department of Biological, Environmental and Rural Sciences",
Ethical approval: This project was approved by the University of Western Ontario health sciences ethics review board | Other disclosures: None reported,
Ethical approval: Ethical approval for this project was provided by the University of Toronto research ethics board. The protocol reference number is #27241 | Other disclosures: None reported,
"Ethical approval: The research presented in this report, exempt from the requirements of internal or institutional review board review, is in accordance with 45 CFR 46.101(b)(4); that is, it involves the collection or study of existing data and records, and we have recorded our information in such a manner that human participants cannot be identified, either directly or through identifiers linked to them | Other disclosures: None reported | Previous presentations: Results from this analysis were presented at the 2013 Annual Meeting of the Association for Studies in Higher Education; St. Louis, Missouri; November 2013 | that is, it involves the collection or study of existing data and records, and we have recorded our information in such a manner that human participants cannot be identified, either directly or through identifiers linked to them | Ethical approval: The research presented in this report, exempt from the requirements of internal or institutional review board review, is in accordance with 45 CFR 46.101(b)(4) | Previous presentations: Results from this analysis were presented at the 2013 Annual Meeting of the Association for Studies in Higher Education | St. Louis, Missouri | November 2013",
"V. Langendyk is senior lecturer in medical education, School of Medicine, University of Western Sydney, Campbelltown, New South Wales, Australia. I. Hegazi is lecturer in medical education, School of Medicine, University of Western Sydney, Campbelltown, New South Wales, Australia. L. Cowin is senior lecturer in nursing, School of Nursing, University of Western Sydney, Campbelltown, New South Wales, Australia. M. Johnson is associate dean of research, Australian Catholic University, North Sydney, New South Wales, Australia. I. Wilson is dean of medicine, School of Medicine, University of Wollongong, Wollongong, New South Wales, Australia | Other disclosures: None reported | Ethical approval: Reported as not applicable",AU
"Ethical approval: Reported as not applicable | Other disclosures: R.S. Phillips serves as an advisor to Rise Labs, which provides personalized nutrition coaching",
"T.D. Bhate is a graduate student, School of Population and Public Health, University of British Columbia, Vancouver, British Columbia, Canada. L.C. Loh is public health physician, Public Health Ontario, Toronto, Ontario, Canada, and adjunct lecturer, Dalla Lana Faculty of Public Health, University of Toronto, Toronto, Ontario, Canada | Ethical approval: Reported as not applicable | Other disclosures: None reported | Disclaimer: The views expressed are those of the authors and should not be construed to represent the positions of any of the institutions listed in this article",CA
"Ethical approval: On April 18, 2014, the University of California Davis (UCD) institutional review board (IRB) reviewed the study protocol (UCD IRB reference number 599704-1) and concluded that it is not human subjects research, based on the use of completely anonymous data that were collected for a purpose other than the research, and is therefore exempted from IRB approval and oversight | Other disclosures: None reported",
Ethical approval: The New York University School of Medicine institutional review board deemed this study exempt | Other disclosures: None reported,
Canada,CA
Disclaimer: The content of this report is solely the responsibility of the authors and does not represent the official views of the National Institutes of Health | Ethical approval: The University of Pittsburgh institutional review board deemed this study exempt (PRO13010214). All participating institutions either obtained approval from their respective institutional review boards or did not need it because data collection and storage took place at the University of Pittsburgh | Other disclosures: None reported | Supplemental digital content for this article is available at https://links.lww.com/ACADMED/A309,
"J.Y. Wang is a senior medical student, Stanford School of Medicine, Stanford, California. H. Lin is a senior medical student, Stanford School of Medicine, Stanford, California. P.Y. Lewis is an undergraduate premedical adviser, Stanford University Office of Undergraduate Advising and Research, Stanford, California. D.M. Fetterman is professor of business, University of Charleston, Charleston, West Virginia, and professor of anthropology, San Jose State University, California, and president, Fetterman & Associates, San Jose, California. N. Gesundheit is professor of medicine and associate dean for student advising, Stanford School of Medicine, Stanford, California | Ethical approval: The research contained herein has been reviewed by Stanford University’s institutional review board (IRB). The IRB determined that the study does not meet the federal definition of research. Ethical approval was waived for this study | Other disclosures: None reported | Previous presentations: Data from this study were presented in abstract form at the meeting of the Western Group on Educational Affairs, Stanford, California, May 2011",US
"Ethical approval: The research contained herein has been reviewed by Stanford University’s institutional review board (IRB). The IRB determined that the study does not meet the federal definition of research. Ethical approval was waived for this study | Other disclosures: None reported | Previous presentations: Data from this study were presented in abstract form at the meeting of the Western Group on Educational Affairs, Stanford, California, May 2011",
"Ethical approval: The Stanford University Institutional Review Board reviewed this study and declared it exempt from further review on May 30, 2013, protocol reference number 27609 | Other disclosures: None reported | Disclaimers: This material is based on data provided by the Association of American Medial Colleges. The views expressed herein are those of the authors and do not necessarily reflect the position or policy of the Association of American Medical Colleges | Previous presentations: This study was presented as an oral short communication on September 2, 2014, at the Association for Medical Education in Europe meeting in Milan, Italy",
"Disclaimers: This material is based on data provided by the Association of American Medial Colleges. The views expressed herein are those of the authors and do not necessarily reflect the position or policy of the Association of American Medical Colleges | Ethical approval: The Stanford University Institutional Review Board reviewed this study and declared it exempt from further review on May 30, 2013, protocol reference number 27609 | Other disclosures: None reported | Previous presentations: This study was presented as an oral short communication on September 2, 2014, at the Association for Medical Education in Europe meeting in Milan, Italy",
"Ethical approval: Ethical clearance for the use of interview quotes and survey data was granted by Health Sciences and Affiliated Teaching Hospitals Research Ethics Board of Queen’s University, Kingston, Ontario, Canada. An exemption was also granted for the use of program evaluation statistics | Other disclosures: None reported | Previous presentations: 2010: Getting Started with Portfolio Evaluation Systems. Workshop at ICRE, Ottawa, Ontario, Canada; 2010: Portfolio Power: Triple C Mandate: Enhancing Education and Evaluation. Poster at CFPC Family Medicine Forum, Vancouver, British Columbia, Canada; 2011: The Triple C Mandate. Poster, CCME, Toronto, Ontario, Canada | 2011: The Triple C Mandate. Poster, CCME, Toronto, Ontario, Canada | 2010: Portfolio Power: Triple C Mandate: Enhancing Education and Evaluation. Poster at CFPC Family Medicine Forum, Vancouver, British Columbia, Canada | Ethical approval: Ethical clearance for the use of interview quotes and survey data was granted by Health Sciences and Affiliated Teaching Hospitals Research Ethics Board of Queen's University, Kingston, Ontario, Canada. An exemption was also granted for the use of program evaluation statistics | Previous presentations: 2010: Getting Started with Portfolio Evaluation Systems. Workshop at ICRE, Ottawa, Ontario, Canada",
"Ethical approval: Ethical clearance for the use of interview quotes and survey data was granted by Health Sciences and Affiliated Teaching Hospitals Research Ethics Board of Queen’s University, Kingston, Ontario, Canada. An exemption was also granted for the use of program evaluation statistics | Other disclosures: None reported | Previous presentations: 2010: Getting Started with Portfolio Evaluation Systems. Workshop at ICRE, Ottawa, Ontario, Canada; 2010: Portfolio Power: Triple C Mandate: Enhancing Education and Evaluation. Poster at CFPC Family Medicine Forum, Vancouver, British Columbia, Canada; 2011: The Triple C Mandate. Poster, CCME, Toronto, Ontario, Canada | Previous presentations: 2010: Getting Started with Portfolio Evaluation Systems. Workshop at ICRE, Ottawa, Ontario, Canada | 2011: The Triple C Mandate. Poster, CCME, Toronto, Ontario, Canada | 2010: Portfolio Power: Triple C Mandate: Enhancing Education and Evaluation. Poster at CFPC Family Medicine Forum, Vancouver, British Columbia, Canada | Ethical approval: Ethical clearance for the use of interview quotes and survey data was granted by Health Sciences and Affiliated Teaching Hospitals Research Ethics Board of Queen's University, Kingston, Ontario, Canada. An exemption was also granted for the use of program evaluation statistics",
Ethical approval: The study received expedited approval from the institutional review board of the Netherlands Association for Medical Education | Other disclosures: None reported | Supplemental digital content for this article is available at https://links.lww.com/ACADMED/A282,
Ethical approval: This study was approved by the research ethics board of Western University | Other disclosures: None reported,
"Other disclosures: None reported | Ethical approval: The institutional review board of the University of California, San Francisco approved this study and did not require informed consent from the physicians (expiration date: 11/30/2015, study number: 10-04478)",
"Ethical approval: The institutional review board of the University of California, San Francisco approved this study and did not require informed consent from the physicians (expiration date: 11/30/2015, study number: 10-04478) | Other disclosures: None reported",
"An AM Rounds blog post on this article is available at academicmedicineblog.org | Ethical approval: This study was approved by the institutional review board of the Albert Einstein College of Medicine on January 28, 2014. Reference #: 001249 | Other disclosures: None reported | Previous presentations: The abstract of an earlier version of this article was presented at the 2011 Annual Meeting of the Society of General Internal Medicine",
"Ethical approval: Reported as not applicable | Other disclosures: None reported | Previous presentations: This work has been circulated as an internal report at the University of Toronto, and workshops based on the work have been presented at peer-reviewed meetings, including the Association of Medical Education in Europe Annual Meeting (2014) and the Canadian Conference on Medical Education (2014)",
"C.A. Aschenbrener is founding chief medical education officer, Association of American Medical Colleges, Washington, DC. C. Ast is director, executive activities, Office of the President, Association of American Medical Colleges, Washington, DC. D.G. Kirch is president and chief executive officer, Association of American Medical Colleges, Washington, DC | Ethical approval: Reported as not applicable | Other disclosures: None reported",US
"Ethical approval: Reported as not applicable | Other disclosures: None reported | Previous presentations: “Building bridges: Developing infrastructure and a strategic plan to align the quality & safety mission of teaching hospitals and their graduate medical education programs.” Accreditation Council for Graduate Medical Education Annual Meetings, Washington, DC, February 28, 2014, and San Diego, California, February 28, 2015 | Supplemental digital content for this article is available at https://links.lww.com/ACADMED/A286 | Previous presentations: ""Building bridges: Developing infrastructure and a strategic plan to align the quality & safety mission of teaching hospitals and their graduate medical education programs."" Accreditation Council for Graduate Medical Education Annual Meetings, Washington, DC, February 28, 2014, and San Diego, California, February 28, 2015",
Ethical approval: This work was approved by the Dalhousie University social science and humanities research ethics board | Other disclosures: None reported,
"Ethical approval: The Netherlands Association for Medical Education provided ethical approval before the study commenced (nr. NERB0031) | Other disclosures: None reported | Previous presentations: Results were presented at the following conferences: the 2013 European Association for Research on Learning and Instruction conference in Munich, Germany; the 2014 Netherlands Association for Medical Education conference in Egmond aan Zee, the Netherlands; and the 2015 Vocational Education and Training Congress conference in Bern, Switzerland | Supplemental digital content for this article is available at https://links.lww.com/ACADMED/A313 | the 2015 Vocational Education and Training Congress conference in Bern, Switzerland | Previous presentations: Results were presented at the following conferences: the 2013 European Association for Research on Learning and Instruction conference in Munich, Germany | the 2014 Netherlands Association for Medical Education conference in Egmond aan Zee, the Netherlands",
"Ethical approval: The Netherlands Association for Medical Education provided ethical approval before the study commenced (nr. NERB0031) | Other disclosures: None reported | Previous presentations: Results were presented at the following conferences: the 2013 European Association for Research on Learning and Instruction conference in Munich, Germany; the 2014 Netherlands Association for Medical Education conference in Egmond aan Zee, the Netherlands; and the 2015 Vocational Education and Training Congress conference in Bern, Switzerland | Supplemental digital content for this article is available at https://links.lww.com/ACADMED/A313 | the 2014 Netherlands Association for Medical Education conference in Egmond aan Zee, the Netherlands | the 2015 Vocational Education and Training Congress conference in Bern, Switzerland | Previous presentations: Results were presented at the following conferences: the 2013 European Association for Research on Learning and Instruction conference in Munich, Germany",
"Ethical approval: The Netherlands Association for Medical Education provided ethical approval before the study commenced (nr. NERB0031) | Previous presentations: Results were presented at the following conferences: the 2013 European Association for Research on Learning and Instruction conference in Munich, Germany | Other disclosures: None reported | the 2015 Vocational Education and Training Congress conference in Bern, Switzerland | the 2014 Netherlands Association for Medical Education conference in Egmond aan Zee, the Netherlands | Supplemental digital content for this article is available at https://links.lww.com/ACADMED/A313",
"Ethical approval: The Netherlands Association for Medical Education provided ethical approval before the study commenced (nr. NERB0031) | Other disclosures: None reported | Previous presentations: Results were presented at the following conferences: the 2013 European Association for Research on Learning and Instruction conference in Munich, Germany; the 2014 Netherlands Association for Medical Education conference in Egmond aan Zee, the Netherlands; and the 2015 Vocational Education and Training Congress conference in Bern, Switzerland | Supplemental digital content for this article is available at https://links.lww.com/ACADMED/A313 | Previous presentations: Results were presented at the following conferences: the 2013 European Association for Research on Learning and Instruction conference in Munich, Germany | the 2015 Vocational Education and Training Congress conference in Bern, Switzerland | the 2014 Netherlands Association for Medical Education conference in Egmond aan Zee, the Netherlands",
"Ethical approval: The Netherlands Association for Medical Education provided ethical approval before the study commenced (nr. NERB0031) | Other disclosures: None reported | Previous presentations: Results were presented at the following conferences: the 2013 European Association for Research on Learning and Instruction conference in Munich, Germany; the 2014 Netherlands Association for Medical Education conference in Egmond aan Zee, the Netherlands; and the 2015 Vocational Education and Training Congress conference in Bern, Switzerland | Supplemental digital content for this article is available at https://links.lww.com/ACADMED/A313 | the 2014 Netherlands Association for Medical Education conference in Egmond aan Zee, the Netherlands | Previous presentations: Results were presented at the following conferences: the 2013 European Association for Research on Learning and Instruction conference in Munich, Germany | the 2015 Vocational Education and Training Congress conference in Bern, Switzerland",
"R.R. Sharp is director, Biomedical Ethics Program, Mayo Clinic, Rochester, Minnesota. H.A. Taylor is associate professor, Department of Health Policy and Management, Johns Hopkins Bloomberg School of Public Health, and core faculty, Johns Hopkins Berman Institute of Bioethics, Baltimore, Maryland. M.A. Brinich is editor-in-chief, Lakewood Observer, Lakewood, Ohio. M.M. Boyle is clinical research coordinator, MDS/MPN Group, Transplantation Biology Department, Clinical Research Division, Fred Hutchinson Cancer Research Center, Seattle, Washington. M. Cho is professor, Stanford Department of Pediatrics, and associate director, Stanford Center for Biomedical Ethics, Stanford University, Stanford, California. M. Coors is associate professor, Department of Psychiatry, Center for Bioethics and Humanities, Anschutz Medical Campus, Aurora, Colorado. M. Danis is section head, Ethics and Health Policy, Department of Bioethics, National Institutes of Health Clinical Center, Bethesda, Maryland. M | Ethical approval: Reported as not applicable | Other disclosures: The content is solely the responsibility of the authors and does not necessarily represent the official views of the National Institutes of Health (in reference to author M. Danis)",
Ethical approval: Reported as not applicable | Other disclosures: The content is solely the responsibility of the authors and does not necessarily represent the official views of the National Institutes of Health (in reference to author M. Danis),
Health | Maryland | Medicine,LR
"is director of evaluation, Schools of Health and Clinical and Translational Science Center, University of California, Davis, School of Medicine, Sacramento, California",US
"Ethical approval: McGill University institutional review board, January 24, 2013 (IRB study no. A01-E11-138) | Other disclosures: None reported | Supplemental digital content for this article is available at https://links.lww.com/ACADMED/A307",
"Medical student, School of Medicine, University of California, San Francisco, San Francisco, California; email:; Twitter: @dereckwpaul; ORCID: | email",US
"telephone: (317) 278-3089 | Ethical approval: Reported as not applicable | Other disclosures: None reported | should be addressed to Dr. Walvoord, 340 W. 10th St., Suite 6200, Indianapolis, IN 46202 | e-mail: [email protected]",
"should be addressed to Dr. Walvoord, 340 W. 10th St., Suite 6200, Indianapolis, IN 46202 | telephone: (317) 278-3089 | e-mail: [email protected] | Other disclosures: None reported | Ethical approval: Reported as not applicable",
"Ethical approval: Reported as not applicable | Other disclosures: None reported | e-mail: [email protected] | should be addressed to Dr. Walvoord, 340 W. 10th St., Suite 6200, Indianapolis, IN 46202 | telephone: (317) 278-3089",
"Other disclosures: None reported | telephone: (317) 278-3089 | e-mail: [email protected] | should be addressed to Dr. Walvoord, 340 W. 10th St., Suite 6200, Indianapolis, IN 46202 | Ethical approval: Reported as not applicable",
"J.A. Girotti is assistant professor, Department of Medical Education, and associate dean, Admissions and Special Curricular Programs, University of Illinois College of Medicine at Chicago, Chicago, Illinois. G.L. Loy is professor, Department of Obstetrics and Gynecology, Rush Medical College, Chicago, Illinois. J.L. Michel is adjunct assistant professor of medical education and associate director, Urban Medicine Program, University of Illinois College of Medicine at Chicago, Chicago, Illinois. V.A. Henderson is a doctoral student, Division of Community Health Sciences, School of Public Health, University of Illinois, Chicago, Illinois",US
"Other disclosures: None reported | Ethical approval: Reported as not applicable | Disclaimer: The opinions and statements in this presentation are the responsibility of the authors, and such opinions and statements do not necessarily represent the policies of the U.S. Air Force, U.S. Army, U.S. Navy, Department of Defense, Department of Health and Human Services, or the United States and its agencies, nor the Organization of Resident Representatives, the Association of American Medical Colleges, or its constituents",
"Ethical approval: The McGill University Faculty of Medicine research ethics board has granted ethical approval to conduct this study | Other disclosures: None reported | Previous presentations: The authors presented this research at the Canadian Conference on Medical Education in Ottawa, Ontario, Canada, April 26–29, 2014; and at the annual meeting of the Association for Medical Education in Europe, in Milan, Italy, August 30–September 3, 2014 | Previous presentations: The authors presented this research at the Canadian Conference on Medical Education in Ottawa, Ontario, Canada, April 26–29, 2014 | at the annual meeting of the Association for Medical Education in Europe, in Milan, Italy, August 30–September 3, 2014",
"Ethical approval: Reported as not applicable | Other disclosures: None reported | To read other New Conversations pieces and to contribute, browse the New Conversations collection on the journal’s Web site (http://journals.lww.com/academicmedicine/pages/collectiondetails.aspx?TopicalCollectionId=43), follow the discussion on AM Rounds (academicmedicineblog.org) and Twitter (@AcadMedJournal using #AcMedConversations), and submit manuscripts using the article type “New Conversations” (see Dr. Sklar’s January 2015 editorial for submission instructions and for more information about this feature) | To read other New Conversations pieces and to contribute, browse the New Conversations collection on the journal's Web site (http://journals.lww.com/academicmedicine/pages/collectiondetails.aspx?TopicalCollectionId=43), follow the discussion on AM Rounds (academicmedicineblog.org) and Twitter (@AcadMedJournal using #AcMedConversations), and submit manuscripts using the article type ""New Conversations"" (see Dr. Sklar's January 2015 editorial for submission instructions and for more information about this feature)",
"is associate dean for medical school administration, The University of Chicago Pritzker School of Medicine, Chicago, Illinois | Ethical approval: Reported as not applicable | Other disclosures: None reported",US
"is executive vice president for institutional advancement, University of Texas Southwestern Medical Center, Dallas, Texas | Ethical approval: Reported as not applicable | Other disclosures: None reported",US
"is special advisor to the president, Josiah Macy Jr. Foundation, New York, New York | Ethical approval: Reported as not applicable | Other disclosures: None reported",US
"N. Shah is founder and executive director, Costs of Care, Inc., and assistant professor of obstetrics, gynecology, and reproductive biology, Harvard Medical School, Boston, Massachusetts. A.E. Levy is resident advisor, Teaching Value Project, Costs of Care, Inc., Boston, Massachusetts, and resident in internal medicine, The University of Chicago Medical Center, Chicago, Illinois. C. Moriates is director of implementation initiatives, Costs of Care, Inc., Boston, Massachusetts, and assistant professor of medicine, University of California, San Francisco, San Francisco, California. V.M. Arora is director of education initiatives, Costs of Care, Inc., Boston, Massachusetts, and associate professor of medicine and director, Graduate Medical Education Clinical Learning Environment Innovation, The University of Chicago, Chicago, Illinois | Ethical approval: Reported as not applicable | Other disclosures: None reported",US
"Ethical approval: Reported as not applicable | Other disclosures: None reported | Previous presentations: Information from this article was presented in part at the Association of American Medical Colleges Physician Workforce Research Conference, May 3, 2012, Washington, DC",
"is evaluation coordinator, Clinical and Translational Science Institute and Department of General Internal Medicine, University of Pittsburgh School of Medicine, Pittsburgh, Pennsylvania; ORCID:",US
"Ethical approval: Reported as not applicable | Other disclosures: None reported | Previous presentations: In December 2014, adapted versions of Tables 1–3 and Supplemental Digital Appendix 1 were published on the Institute for Healthcare Improvement’s Open School Web-based platform as part of a series of online courses for faculty | Supplemental digital content for this article is available at https://links.lww.com/ACADMED/A311 | Previous presentations: In December 2014, adapted versions of Tables 1–3 and Supplemental Digital Appendix 1 were published on the Institute for Healthcare Improvement's Open School Web-based platform as part of a series of online courses for faculty",
"Ethical approval: As this report describes a local undergraduate medical education office’s quality improvement endeavors initiated to meet accreditation standards, it was determined to be exempt by the Stony Brook University School of Medicine’s Committee on Research in Human Subjects (CORIHS) | Other disclosures: None reported | Previous presentations: Parts of this report were presented as a poster at the 2014 AAMC Medical Education Meeting, Chicago, Illinois, November 6–7, 2014 | Ethical approval: As this report describes a local undergraduate medical education office's quality improvement endeavors initiated to meet accreditation standards, it was determined to be exempt by the Stony Brook University School of Medicine's Committee on Research in Human Subjects (CORIHS)",
Ethical approval: Reported as not applicable | Other disclosures: None reported | Supplemental digital content is available for this article at https://links.lww.com/ACADMED/A283,
"L.M. Meeks, B. Case, University of Colorado Medical School | Author affiliations:",
"N.R. Angoff, J. LeConche, Yale School of Medicine",
"B.M. Temple, OneMedical",
"director, Educational Scholarship, University of North Carolina School of Medicine",
"B. Frank is media and education manager, Family Voices of Wisconsin, Madison, Wisconsin | B. Frank | is media and education manager, Family Voices of Wisconsin, Madison, Wisconsin",US
"P.K. Haffertyis gallery assistant and administrator, Koichi Yanagi Oriental Fine Arts, New York, New York",US
"J.N. Love is professor of emergency medicine, Georgetown University Hospital/Washington Hospital Center, Washington, DC. L.M. Yarris is associate professor of emergency medicine, Oregon Health Science University, Portland, Oregon. S.A. Santen is professor of emergency medicine, University of Michigan, Ann Arbor, Michigan. G.J. Kuhn is professor of emergency medicine, Wayne State University, Detroit, Michigan. L.D. Gruppen is professor, Learning Health Sciences, University of Michigan, Ann Arbor, Michigan. W.C. Coates is professor of emergency medicine, Harbor-UCLA Medical Center, Torrance, California. J.M. Howell is clinical professor of emergency medicine, George Washington University, Washington, DC. S.E. Farrell is associate professor of emergency medicine, Harvard Medical School, Boston, Massachusetts",US
"Ethical approval: Reported as not applicable | Other disclosures: J.P. Wisdom and H. Riley completed much of this work while they were at Columbia University, and N. Myers completed this work when she was at George Washington University. H. Riley is a 2013 participant in the Association of Schools and Programs of Public Health (ASPPH)/Centers for Disease Control and Prevention (CDC) Public Health Fellowship. The work conducted for this publication was completed prior to her fellowship, has no relationship to the fellowship whatsoever, and was not funded by ASPPH or the CDC",
"Ethical approval: As this was an educational study conducted in established educational settings involving normal educational practices and no subjects were involved, the study was exempt from ethical approval under the guidelines of the clinical research ethics committee of the Cork Teaching Hospitals, University College Cork | Other disclosures: None reported",
"Ethical approval: The institutional review board of Virginia Commonwealth University granted ethical approval on October 8, 2012 (HM20001719) | Other disclosures: Three authors (A.W.D., P.A.B., J.B.) own a pending patent related to the Web-based case system and part of a company to which their university has licensed the underlying technology. The authors deny any other existing conflicts of interest | Previous presentations: Some of the findings reported here were presented at the Collaborating Across Borders–IV conference (June 2013, Vancouver, British Columbia, Canada), the annual meeting of the Donald W. Reynolds Foundation (October 2013, San Diego, California), the American Geriatrics Society Annual Meeting (May 2013, Grapevine, Texas), and the All Together Better Health 7 conference (June 2014, Pittsburgh, Pennsylvania)",
Ethical approval: Reported as not applicable | Other disclosures: None reported | Administration (TMED),
"Ethical approval: The study received approval from the institutional review boards of Johns Hopkins University School of Medicine in Baltimore, Hamad Medical Corporation and Weill Cornell Medical College in Qatar, the National University of Singapore, and the Al Ain Research Ethics Committee of the United Arab Emirates. The study team also received approval from the GME office of each participating site | Other disclosures: None reported",
"Ethical approval: This study was reviewed by the institutional review boards of Beth Israel Deaconess Medical Center and Geisinger Health System and was determined to be exempt | Other disclosures: None reported | Previous presentations: Portions of this study were presented at the Society of General Internal Medicine 37th Annual Meeting, San Diego, California, 2014",
"An AM Rounds blog post on this article is available at academicmedicineblog.org | Ethical approval: This study was approved by the Children’s National Health System institutional review board on December 6, 2012. Project ID: 3231 | Other disclosures: None reported | Previous presentations: Data were presented in a poster presentation at the Annual Pediatric Academic Society Meeting in Vancouver, British Columbia, Canada, in May 2014 | Supplemental digital content for this article is available at https://links.lww.com/ACADMED/A292",
Other disclosures: None reported | Ethical approval: Reported as not applicable,
"J. Pearceis principal, Singletrack Analytics, Woodbury, New Jersey | Other disclosures: None reported | Ethical approval: Reported as not applicable",US
Ethical approval: Ethical approval was provided by the Harvard University Faculty of Medicine Committee on Human Studies (CHS study number M19492-106) | Other disclosures: None reported,
"Ethical approval: A human subjects protocol (#18999) for the evaluation was approved by the VA Palo Alto Health Care System/Stanford University institutional review board with a waiver of documentation | Other disclosures: All of the authors had affiliations with the VA HSR&D Service. The authors who were HSR&D Career Development Award recipients were not involved in the coding of data or in data analyses. The views expressed are those of the authors and do not necessarily represent those of the U.S. Department of Veterans Affairs, the U.S. National Institutes of Health, or the U.S. Agency for Healthcare Research and Quality | Previous presentations: Preliminary results and results from the evaluation were previously presented on July 16, 2012, at a VA HSR&D Career Development Award Conference in National Harbor, Maryland, and in an HSR&D cyberseminar on July 8, 2014",
"Ethical approval: The study was reviewed and approved by institutional review boards at Baylor College of Medicine, Columbia University Medical Center, and Weill Cornell Medical College. The authors obtained informed consent from the participants | Other disclosures: None reported",
"is senior associate dean, Education, and professor of psychiatry and neurobehavioral sciences, University of Virginia School of Medicine, Charlottesville, Virginia | Ethical approval: Reported as not applicable | Other disclosures: None reported",US
"Disclaimers: The information in this report represents the work of the authors alone and does not necessarily indicate the views of the National Institutes of Health or the federal government of the United States | Ethical approval: This work was conducted as part of the authors’ National Institutes of Health employment activities, and all records were deidentified | Other disclosures: None reported | Previous presentations: This work was presented internally at the National Institutes of Health Portfolio Analysis Research Symposium and at National Heart, Lung, and Blood Institute staff meetings | Ethical approval: This work was conducted as part of the authors' National Institutes of Health employment activities, and all records were deidentified",
"Ethical approval: Waiver of ethical approval for this study was provided by the institutional review board of the Academic Medical Center, University of Amsterdam, Amsterdam, Netherlands | Other disclosures: None reported",
"Ethical approval: Reported as not applicable | Other disclosures: The authors have no conflicts of interest to declare in relation to this manuscript. There was no off-label or investigational use | Previous presentations: Poster presentation at University of California, San Francisco Education Day, April 2014",
Ethical approval: Reported as not applicable,
"Associate editor, | Associate editor, Academic Medicine | Deputy editor, Academic Medicine",
"Deputy editor, | Associate editor, Academic Medicine | Deputy editor, Academic Medicine",
"Associate editor, | Deputy editor, Academic Medicine | Associate editor, Academic Medicine",
"Ethical approval: This study was reviewed by the Northwestern University Institutional Review Board (study number STU00097799) and given exempt status | Other disclosures: None reported | Previous presentations: The results of this study were given as a poster presentation at the Association of American Medical Colleges annual meeting in San Francisco, California, November 2012",
"J. Koster is former CEO, Providence Health & Services, Renton, Washington, board member, Banner Health, Phoenix, Arizona, and board member, Sutter Health, Sacramento, California. E. Stewart is senior scientist, Seattle Children's Research Institute, Seattle, Washington. E. Kolker is chief data officer, Seattle Children's Hospital, and lead, Seattle Children's Data & Analytics Team, Seattle, Washington; affiliate professor, Departments of Biomedical Informatics and Medical Education and Pediatrics, University of Washington School of Medicine, Seattle, Washington; and adjunct professor, Department of Chemistry and Chemical Biology, Northeastern University College of Science, Boston, Massachusetts",US
"An AM Rounds blog post on this article is available at academicmedicineblog.org | Ethical approval: Approved by the MCW institutional review board | Other disclosures: None reported | Previous presentations: Preliminary results were presented at the Examined Life Conference, University of Iowa Carver College of Medicine, Iowa City, Iowa, April 2014",
Ethical approval: The institutional review board of the University of Illinois College of Medicine approved this study | Other disclosures: None reported,
"Ethical approval: Not applicable, as determined by the University of Missouri Health Sciences institutional review board | Other disclosures: None reported | Previous presentations: The Exemplary Care and Learning Site model was published in Academic Medicine in 2011 (reference 4) and has been presented many times in multiple venues. The data presented in this report have not been presented previously",
"Ethical approval: Reported as not applicable | Other disclosures: None reported | Previous presentations: Presented at the Pediatric Academic Societies Annual Meeting 2012, Boston, Massachusetts, April 28–May 1 | Supplemental digital content for this article is available at https://links.lww.com/ACADMED/A288",
Colorado,US
"Dr. Watterson is a resident in psychiatry, Cumming School of Medicine, University of Calgary, Calgary, Alberta, Canada. Dr. Matthews is a resident in psychiatry, Faculty of Medicine, University of Toronto, Toronto, Ontario, Canada. Dr. Bach is a resident in internal medicine, Faculty of Medicine, University of British Columbia, Vancouver, British Columbia, Canada. Mr. Kherani is a senior medical student, Faculty of Medicine, University of Alberta, Edmonton, Alberta, Canada. Dr. Halpine is a resident in physical medicine and rehabilitation, Faculty of Medicine, Dalhousie University, Halifax, Nova Scotia, Canada. Dr. Meili is a family physician and assistant professor, Departments of Community Health and Epidemiology and Academic Family Medicine, College of Medicine, University of Saskatchewan, Saskatoon, Saskatchewan, Canada",CA
"Pediatric resident physician, University of Toronto, Toronto, Ontario, Canada ; email: justin.lam@sickkids.ca ; Twitter: @jthlam | email | Pediatric resident physician, University of Toronto, Toronto, Ontario, Canada; email:; Twitter: @jthlam; ORCID:",CA
Netherlands,NL
"associate professor of obstetrics and gynecology, University of North Carolina School of Medicine, and associate editor,MedEdPORTAL",
"T.B. Amenis a first-year orthopaedic surgery resident, Hospital for Special Surgery, New York, New York; email:; Twitter: @TroyBAmen1",US
"L.T. Nolenis a third-year medical student, Harvard Medical School, Boston, Massachusetts; Twitter: @LashNolen",US
Italy,IT
"director of research and evaluation, Educational Simulation, educational researcher, Educational Innovation Institute, and assistant professor of medicine, Medical College of Georgia",US
"president, Building the Next Generation of Academic Physicians (BNGAP)",
"R. Hessabi, UCLA Ronald Regan",
"Breast oncology fellow, Department of Surgery, University of Michigan, Ann Arbor, Michigan;; Twitter: @shadyx2520 | Twitter: @shadyx2520",US
"A.C. Bapatis a palliative care physician, founder, EpioneMD, and cofounder, Hippocratic Adventures, Carlisle, Massachusetts; email:; Twitter: @AshwiniCBapat | is a palliative care physician, founder, EpioneMD, and cofounder, Hippocratic Adventures, Carlisle, Massachusetts; email:; Twitter: @AshwiniCBapat | An Academic Medicine Podcast episode featuring this article is available wherever you get your podcasts | Twitter: @AshwiniCBapat",US
"R. Ciaburri, Yale New Haven Children’s Hospital",
"Ethical approval: This study was approved by the Mercer University institutional review board on February 10, 2010, and renewed annually (IRB# H1001021) | Other disclosures: None reported | Previous presentations: A previous version of this study was presented at the annual meeting of the Association for Medical Education and Research in Substance Abuse (AMERSA); November 3, 2012; Bethesda, Maryland | November 3, 2012 | Bethesda, Maryland | Previous presentations: A previous version of this study was presented at the annual meeting of the Association for Medical Education and Research in Substance Abuse (AMERSA)",
"Ethical approval: This study was approved by the Mercer University institutional review board on February 10, 2010, and renewed annually (IRB# H1001021) | Other disclosures: None reported | Previous presentations: A previous version of this study was presented at the annual meeting of the Association for Medical Education and Research in Substance Abuse (AMERSA); November 3, 2012; Bethesda, Maryland | November 3, 2012 | Previous presentations: A previous version of this study was presented at the annual meeting of the Association for Medical Education and Research in Substance Abuse (AMERSA) | Bethesda, Maryland",
"Ethical approval: This study was approved by the Mercer University institutional review board on February 10, 2010, and renewed annually (IRB# H1001021) | Other disclosures: None reported | Previous presentations: A previous version of this study was presented at the annual meeting of the Association for Medical Education and Research in Substance Abuse (AMERSA); November 3, 2012; Bethesda, Maryland | Bethesda, Maryland | Previous presentations: A previous version of this study was presented at the annual meeting of the Association for Medical Education and Research in Substance Abuse (AMERSA) | November 3, 2012",
"Ethical approval: This study was approved by the Mercer University institutional review board on February 10, 2010, and renewed annually (IRB# H1001021) | Other disclosures: None reported | Previous presentations: A previous version of this study was presented at the annual meeting of the Association for Medical Education and Research in Substance Abuse (AMERSA); November 3, 2012; Bethesda, Maryland | Bethesda, Maryland | November 3, 2012 | Previous presentations: A previous version of this study was presented at the annual meeting of the Association for Medical Education and Research in Substance Abuse (AMERSA)",
"Ethical approval: This study was approved by the Mercer University institutional review board on February 10, 2010, and renewed annually (IRB# H1001021) | Other disclosures: None reported | Previous presentations: A previous version of this study was presented at the annual meeting of the Association for Medical Education and Research in Substance Abuse (AMERSA); November 3, 2012; Bethesda, Maryland | Previous presentations: A previous version of this study was presented at the annual meeting of the Association for Medical Education and Research in Substance Abuse (AMERSA) | Bethesda, Maryland | November 3, 2012",
"Previous presentations: A previous version of this study was presented at the annual meeting of the Association for Medical Education and Research in Substance Abuse (AMERSA) | November 3, 2012 | Bethesda, Maryland | Other disclosures: None reported | Ethical approval: This study was approved by the Mercer University institutional review board on February 10, 2010, and renewed annually (IRB# H1001021)",
"Ethical approval: This study was approved by the Mercer University institutional review board on February 10, 2010, and renewed annually (IRB# H1001021) | Other disclosures: None reported | Previous presentations: A previous version of this study was presented at the annual meeting of the Association for Medical Education and Research in Substance Abuse (AMERSA); November 3, 2012; Bethesda, Maryland | Previous presentations: A previous version of this study was presented at the annual meeting of the Association for Medical Education and Research in Substance Abuse (AMERSA) | November 3, 2012 | Bethesda, Maryland",
"An AM Rounds blog post on this article is available at academicmedicineblog.org | Ethical approval: This study was approved by the health sciences research ethics board at Western University (REB #102769) | Other disclosures: None reported | Previous presentations: Oral presentation: “Is not sleeping ok? A grounded theory study of residents’ decision-making regarding how to spend their off-duty time,” International Conference on Residency Education, Toronto, Ontario, Canada, October 24, 2014 | Supplemental digital content for this article is available at https://links.lww.com/ACADMED/A306 | Funding/Support: L. Lingard’s funding as a scientist in the Program of Experimental Medicine from the Department of Medicine, Schulich School of Medicine & Dentistry, Western University, provided support for this research | T. Dornan is professor of medical and interprofessional education, Centre for Medical Education, Queen’s University, Belfast, Northern Ireland, and emeritus professor, Maastricht University, Maastricht, the Netherlands | e-mail: [email protected] | T.S. Taylor is a resident, Department of Obstetrics and Gynaecology, and research fellow, Centre for Education Research and Innovation, Schulich School of Medicine & Dentistry, Western University, London, Ontario, Canada | P.W. Teunissen is associate professor of medical education, Maastricht University, Maastricht, the Netherlands, and gynecologist, VU University Medical Center, Amsterdam, the Netherlands | J. Nisker is professor, Department of Obstetrics and Gynaecology, Schulich School of Medicine & Dentistry, and scientist, Children’s Health Research Institute, Western University, London, Ontario, Canada | L. Lingard is professor of medicine, senior scientist, and director, Centre for Education Research and Innovation, Schulich School of Medicine & Dentistry, and professor, Faculty of Education, Western University, London, Ontario, Canada",
"An AM Rounds blog post on this article is available at academicmedicineblog.org | Ethical approval: This study was approved by the health sciences research ethics board at Western University (REB #102769) | Other disclosures: None reported | Previous presentations: Oral presentation: “Is not sleeping ok? A grounded theory study of residents’ decision-making regarding how to spend their off-duty time,” International Conference on Residency Education, Toronto, Ontario, Canada, October 24, 2014 | Supplemental digital content for this article is available at https://links.lww.com/ACADMED/A306 | P.W. Teunissen is associate professor of medical education, Maastricht University, Maastricht, the Netherlands, and gynecologist, VU University Medical Center, Amsterdam, the Netherlands | J. Nisker is professor, Department of Obstetrics and Gynaecology, Schulich School of Medicine & Dentistry, and scientist, Children’s Health Research Institute, Western University, London, Ontario, Canada | T.S. Taylor is a resident, Department of Obstetrics and Gynaecology, and research fellow, Centre for Education Research and Innovation, Schulich School of Medicine & Dentistry, Western University, London, Ontario, Canada | L. Lingard is professor of medicine, senior scientist, and director, Centre for Education Research and Innovation, Schulich School of Medicine & Dentistry, and professor, Faculty of Education, Western University, London, Ontario, Canada | T. Dornan is professor of medical and interprofessional education, Centre for Medical Education, Queen’s University, Belfast, Northern Ireland, and emeritus professor, Maastricht University, Maastricht, the Netherlands | Funding/Support: L. Lingard’s funding as a scientist in the Program of Experimental Medicine from the Department of Medicine, Schulich School of Medicine & Dentistry, Western University, provided support for this research | e-mail: [email protected]",
"An AM Rounds blog post on this article is available at academicmedicineblog.org | Ethical approval: This study was approved by the health sciences research ethics board at Western University (REB #102769) | Other disclosures: None reported | Previous presentations: Oral presentation: “Is not sleeping ok? A grounded theory study of residents’ decision-making regarding how to spend their off-duty time,” International Conference on Residency Education, Toronto, Ontario, Canada, October 24, 2014 | Supplemental digital content for this article is available at https://links.lww.com/ACADMED/A306 | P.W. Teunissen is associate professor of medical education, Maastricht University, Maastricht, the Netherlands, and gynecologist, VU University Medical Center, Amsterdam, the Netherlands | T.S. Taylor is a resident, Department of Obstetrics and Gynaecology, and research fellow, Centre for Education Research and Innovation, Schulich School of Medicine & Dentistry, Western University, London, Ontario, Canada | e-mail: [email protected] | Funding/Support: L. Lingard’s funding as a scientist in the Program of Experimental Medicine from the Department of Medicine, Schulich School of Medicine & Dentistry, Western University, provided support for this research | J. Nisker is professor, Department of Obstetrics and Gynaecology, Schulich School of Medicine & Dentistry, and scientist, Children’s Health Research Institute, Western University, London, Ontario, Canada | L. Lingard is professor of medicine, senior scientist, and director, Centre for Education Research and Innovation, Schulich School of Medicine & Dentistry, and professor, Faculty of Education, Western University, London, Ontario, Canada | T. Dornan is professor of medical and interprofessional education, Centre for Medical Education, Queen’s University, Belfast, Northern Ireland, and emeritus professor, Maastricht University, Maastricht, the Netherlands",
"An AM Rounds blog post on this article is available at academicmedicineblog.org | Ethical approval: This study was approved by the health sciences research ethics board at Western University (REB #102769) | Other disclosures: None reported | Previous presentations: Oral presentation: “Is not sleeping ok? A grounded theory study of residents’ decision-making regarding how to spend their off-duty time,” International Conference on Residency Education, Toronto, Ontario, Canada, October 24, 2014 | Supplemental digital content for this article is available at https://links.lww.com/ACADMED/A306 | Funding/Support: L. Lingard’s funding as a scientist in the Program of Experimental Medicine from the Department of Medicine, Schulich School of Medicine & Dentistry, Western University, provided support for this research | P.W. Teunissen is associate professor of medical education, Maastricht University, Maastricht, the Netherlands, and gynecologist, VU University Medical Center, Amsterdam, the Netherlands | J. Nisker is professor, Department of Obstetrics and Gynaecology, Schulich School of Medicine & Dentistry, and scientist, Children’s Health Research Institute, Western University, London, Ontario, Canada | L. Lingard is professor of medicine, senior scientist, and director, Centre for Education Research and Innovation, Schulich School of Medicine & Dentistry, and professor, Faculty of Education, Western University, London, Ontario, Canada | T.S. Taylor is a resident, Department of Obstetrics and Gynaecology, and research fellow, Centre for Education Research and Innovation, Schulich School of Medicine & Dentistry, Western University, London, Ontario, Canada | e-mail: [email protected] | T. Dornan is professor of medical and interprofessional education, Centre for Medical Education, Queen’s University, Belfast, Northern Ireland, and emeritus professor, Maastricht University, Maastricht, the Netherlands",
"Ethical approval: The University of Toronto research ethics board approved this study | Other disclosures: None reported | Previous presentations: This study was presented as a research paper at the Association for Medical Education in Europe annual conference (August 2014, Milan, Italy) and as a poster at the 15th Annual Master of Health Professions Education Summer Conference (July 2014, Chicago, Illinois)",
"Ethical approval: Reported as not applicable | Other disclosures: None reported | To read other New Conversations pieces and to contribute, browse the New Conversations collection on the journal’s Web site (http://journals.lww.com/academicmedicine/pages/collectiondetails.aspx?TopicalCollectionId=43), follow the discussion on AM Rounds (academicmedicineblog.org) and Twitter (@AcadMedJournal using #AcMedConversations), and submit manuscripts using the article type “New Conversations” (see Dr. Sklar’s January 2015 editorial for submission instructions and for more information about this feature)",
"P. George is associate professor of family medicine and associate professor of medical science, Warren Alpert Medical School of Brown University, Providence, Rhode Island. Y. Soo Park is assistant professor of medical education, University of Illinois College of Medicine, Chicago, Illinois. J. Ip is clinical associate professor of family medicine and associate dean of medicine, Warren Alpert Medical School of Brown University, Providence, Rhode Island. P.A. Gruppuso is professor of pediatrics, Warren Alpert Medical School of Brown University, Providence, Rhode Island. E.Y. Adashi is professor of medical science and former dean of medicine, Warren Alpert Medical School of Brown University, Providence, Rhode Island | Ethical approval: The study was determined to be exempt by the institutional review board of Brown University | Other disclosures: None reported",US
Ethical approval: The study was determined to be exempt by the institutional review board of Brown University | Other disclosures: None reported,
"Ethical approval: Reported as not applicable | Other disclosures: None reported | Previous presentations: This content was presented as a poster at the Association of American Medical Colleges Southern Group on Educational Affairs Meeting, Miami, Florida, March 14, 2014",
"Ethical approval: The institutional review board of Weill Cornell Medical College approved this project | Other disclosures: None reported | Previous presentations: An abstract representing this work was presented at the American Society of Anesthesiology annual meeting in San Francisco, California, October 2013 | J.M. Eskreis-Winkler is research assistant, Division of Biostatistics and Epidemiology, Department of Public Health, Weill Cornell Medical College, New York, New York.; P.M. Fleischut is associate professor of anesthesiology, Weill Cornell Medical College, and attending anesthesiologist, New York–Presbyterian Hospital, New York, New York.; R.P. Dutton is clinical associate, University of Chicago, and executive director, Anesthesia Quality Institute, American Society of Anesthesiologists, Park Ridge, Illinois.; S.G. Memtsoudis is attending anesthesiologist and senior scientist, Department of Anesthesiology, Hospital for Special Surgery, and clinical professor of anesthesiology and public health, Weill Cornell Medical College, New York, New York.; X. Sun is research biostatistician, Department of Healthcare Policy and Research, Weill Cornell Medical College, New York, New York.; X. Wu is research biostatistician, Department of Healthcare Policy and Research, Weill Cornell Medical College, New York, New York",
"G.B. Hirschis an independent consultant and creator of learning environments, Wayland, Massachusetts; ORCID:",US
"Ethical approval: Reported as not applicable | Other disclosures: Several of the authors serve on the Medical College of Wisconsin Consortium on Public and Community Health that has authority over the public and community health component (35%) of the AHW Endowment | e-mail: [email protected] | G.A. Bolton Jr was senior vice president and chief operating officer, Medical College of Wisconsin, Milwaukee, Wisconsin, and a member of the AHW Endowment Medical College of Wisconsin Consortium on Public and Community Health, at the time of the writing. The author is currently vice president for financial affairs and administration, University of Alabama at Birmingham, Birmingham, Alabama | C.A. Maurana is professor of population health, vice president for academic outreach, and director, Advancing a Healthier Wisconsin (AHW) Endowment, Medical College of Wisconsin, Milwaukee, Wisconsin, and a member of the AHW Endowment Medical College of Wisconsin Consortium on Public and Community Health | J.E. Kerschner is professor of otolaryngology and communication sciences, executive vice president, and dean, School of Medicine, Medical College of Wisconsin, Milwaukee, Wisconsin, and a member of the AHW Endowment Medical College of Wisconsin Consortium on Public and Community Health | P.A. Lucey is chair, AHW Endowment Medical College of Wisconsin Consortium on Public and Community Health, Medical College of Wisconsin, Milwaukee, Wisconsin | S.M. Ahmed is professor of family and community medicine, senior associate dean for community engagement, director, Healthier Wisconsin Partnership Program, and director of the community engagement key function, Clinical and Translational Science Institute, Medical College of Wisconsin, Milwaukee, Wisconsin | J.R. Raymond Sr is professor of medicine, president, and chief executive officer, Medical College of Wisconsin, Milwaukee, Wisconsin, and a member of the AHW Endowment Medical College of Wisconsin Consortium on Public and Community Health | Funding/Support: Funding for work noted in this article was provided by the Medical College of Wisconsin’s Advancing a Healthier Wisconsin Endowment",
"Ethical approval: Reported as not applicable | Other disclosures: Several of the authors serve on the Medical College of Wisconsin Consortium on Public and Community Health that has authority over the public and community health component (35%) of the AHW Endowment | Funding/Support: Funding for work noted in this article was provided by the Medical College of Wisconsin’s Advancing a Healthier Wisconsin Endowment | C.A. Maurana is professor of population health, vice president for academic outreach, and director, Advancing a Healthier Wisconsin (AHW) Endowment, Medical College of Wisconsin, Milwaukee, Wisconsin, and a member of the AHW Endowment Medical College of Wisconsin Consortium on Public and Community Health | G.A. Bolton Jr was senior vice president and chief operating officer, Medical College of Wisconsin, Milwaukee, Wisconsin, and a member of the AHW Endowment Medical College of Wisconsin Consortium on Public and Community Health, at the time of the writing. The author is currently vice president for financial affairs and administration, University of Alabama at Birmingham, Birmingham, Alabama | J.E. Kerschner is professor of otolaryngology and communication sciences, executive vice president, and dean, School of Medicine, Medical College of Wisconsin, Milwaukee, Wisconsin, and a member of the AHW Endowment Medical College of Wisconsin Consortium on Public and Community Health | J.R. Raymond Sr is professor of medicine, president, and chief executive officer, Medical College of Wisconsin, Milwaukee, Wisconsin, and a member of the AHW Endowment Medical College of Wisconsin Consortium on Public and Community Health | e-mail: [email protected] | S.M. Ahmed is professor of family and community medicine, senior associate dean for community engagement, director, Healthier Wisconsin Partnership Program, and director of the community engagement key function, Clinical and Translational Science Institute, Medical College of Wisconsin, Milwaukee, Wisconsin | P.A. Lucey is chair, AHW Endowment Medical College of Wisconsin Consortium on Public and Community Health, Medical College of Wisconsin, Milwaukee, Wisconsin",
"Ethical approval: Reported as not applicable | Other disclosures: Several of the authors serve on the Medical College of Wisconsin Consortium on Public and Community Health that has authority over the public and community health component (35%) of the AHW Endowment | J.R. Raymond Sr is professor of medicine, president, and chief executive officer, Medical College of Wisconsin, Milwaukee, Wisconsin, and a member of the AHW Endowment Medical College of Wisconsin Consortium on Public and Community Health | S.M. Ahmed is professor of family and community medicine, senior associate dean for community engagement, director, Healthier Wisconsin Partnership Program, and director of the community engagement key function, Clinical and Translational Science Institute, Medical College of Wisconsin, Milwaukee, Wisconsin | G.A. Bolton Jr was senior vice president and chief operating officer, Medical College of Wisconsin, Milwaukee, Wisconsin, and a member of the AHW Endowment Medical College of Wisconsin Consortium on Public and Community Health, at the time of the writing. The author is currently vice president for financial affairs and administration, University of Alabama at Birmingham, Birmingham, Alabama | C.A. Maurana is professor of population health, vice president for academic outreach, and director, Advancing a Healthier Wisconsin (AHW) Endowment, Medical College of Wisconsin, Milwaukee, Wisconsin, and a member of the AHW Endowment Medical College of Wisconsin Consortium on Public and Community Health | e-mail: [email protected] | Funding/Support: Funding for work noted in this article was provided by the Medical College of Wisconsin’s Advancing a Healthier Wisconsin Endowment | P.A. Lucey is chair, AHW Endowment Medical College of Wisconsin Consortium on Public and Community Health, Medical College of Wisconsin, Milwaukee, Wisconsin | J.E. Kerschner is professor of otolaryngology and communication sciences, executive vice president, and dean, School of Medicine, Medical College of Wisconsin, Milwaukee, Wisconsin, and a member of the AHW Endowment Medical College of Wisconsin Consortium on Public and Community Health",
"Ethical approval: Reported as not applicable | Other disclosures: Several of the authors serve on the Medical College of Wisconsin Consortium on Public and Community Health that has authority over the public and community health component (35%) of the AHW Endowment | J.R. Raymond Sr is professor of medicine, president, and chief executive officer, Medical College of Wisconsin, Milwaukee, Wisconsin, and a member of the AHW Endowment Medical College of Wisconsin Consortium on Public and Community Health | Funding/Support: Funding for work noted in this article was provided by the Medical College of Wisconsin’s Advancing a Healthier Wisconsin Endowment | P.A. Lucey is chair, AHW Endowment Medical College of Wisconsin Consortium on Public and Community Health, Medical College of Wisconsin, Milwaukee, Wisconsin | C.A. Maurana is professor of population health, vice president for academic outreach, and director, Advancing a Healthier Wisconsin (AHW) Endowment, Medical College of Wisconsin, Milwaukee, Wisconsin, and a member of the AHW Endowment Medical College of Wisconsin Consortium on Public and Community Health | e-mail: [email protected] | G.A. Bolton Jr was senior vice president and chief operating officer, Medical College of Wisconsin, Milwaukee, Wisconsin, and a member of the AHW Endowment Medical College of Wisconsin Consortium on Public and Community Health, at the time of the writing. The author is currently vice president for financial affairs and administration, University of Alabama at Birmingham, Birmingham, Alabama | J.E. Kerschner is professor of otolaryngology and communication sciences, executive vice president, and dean, School of Medicine, Medical College of Wisconsin, Milwaukee, Wisconsin, and a member of the AHW Endowment Medical College of Wisconsin Consortium on Public and Community Health | S.M. Ahmed is professor of family and community medicine, senior associate dean for community engagement, director, Healthier Wisconsin Partnership Program, and director of the community engagement key function, Clinical and Translational Science Institute, Medical College of Wisconsin, Milwaukee, Wisconsin",
"Ethical approval: Reported as not applicable | Other disclosures: Several of the authors serve on the Medical College of Wisconsin Consortium on Public and Community Health that has authority over the public and community health component (35%) of the AHW Endowment | P.A. Lucey is chair, AHW Endowment Medical College of Wisconsin Consortium on Public and Community Health, Medical College of Wisconsin, Milwaukee, Wisconsin | J.R. Raymond Sr is professor of medicine, president, and chief executive officer, Medical College of Wisconsin, Milwaukee, Wisconsin, and a member of the AHW Endowment Medical College of Wisconsin Consortium on Public and Community Health | J.E. Kerschner is professor of otolaryngology and communication sciences, executive vice president, and dean, School of Medicine, Medical College of Wisconsin, Milwaukee, Wisconsin, and a member of the AHW Endowment Medical College of Wisconsin Consortium on Public and Community Health | C.A. Maurana is professor of population health, vice president for academic outreach, and director, Advancing a Healthier Wisconsin (AHW) Endowment, Medical College of Wisconsin, Milwaukee, Wisconsin, and a member of the AHW Endowment Medical College of Wisconsin Consortium on Public and Community Health | e-mail: [email protected] | Funding/Support: Funding for work noted in this article was provided by the Medical College of Wisconsin’s Advancing a Healthier Wisconsin Endowment | S.M. Ahmed is professor of family and community medicine, senior associate dean for community engagement, director, Healthier Wisconsin Partnership Program, and director of the community engagement key function, Clinical and Translational Science Institute, Medical College of Wisconsin, Milwaukee, Wisconsin | G.A. Bolton Jr was senior vice president and chief operating officer, Medical College of Wisconsin, Milwaukee, Wisconsin, and a member of the AHW Endowment Medical College of Wisconsin Consortium on Public and Community Health, at the time of the writing. The author is currently vice president for financial affairs and administration, University of Alabama at Birmingham, Birmingham, Alabama",
"K. Dore, Altus Assessments",
"Pediatric neurology intern, Stanford University School of Medicine, Stanford, California;; Twitter: @Grant_L_Lin; ORCID: | California",US
"Senior medical student, Robert Larner, M.D. College of Medicine, Burlington, Vermont ; email: noorin.damji@med.uvm.edu ; Twitter: @N_Damji | Senior medical student, Robert Larner, M.D. College of Medicine, Burlington, Vermont; email:; Twitter: @N_Damji | email",US
"intensivist, Swedish Medical Center",
"Third-year resident, Department of Emergency Medicine, University of California Davis Health, Sacramento, California ; email: james.ford@ucsf.edu ; Twitter: @JamesFordMD;; james.ford@ucsf.edu | email | JamesFordMD | Twitter: @JamesFordMD | Third-year resident, Department of Emergency Medicine, University of California Davis Health, Sacramento, California; email:; Twitter: @JamesFordMD; ORCID:",US
"Senior staff editor, Academic Medicine",
"DPhil candidate and urology resident, University of Oxford, Oxford, United Kingdom; email: Matthew.byrne@nds.ox.ac.uk ; X (formerly Twitter): @mhvbyrne | DPhil candidate and urology resident, University of Oxford, Oxford United Kingdom; email: Matthew.byrne@nds.ox.ac.uk; X (formerly Twitter): @mhvbyrne; ORCID: https://orcid.org/0000-0002-2414-352X",GB
"L.E. Peterson is research director, American Board of Family Medicine, and assistant professor, Department of Family and Community Medicine, University of Kentucky College of Medicine, Lexington, Kentucky. B. Blackburn was a research assistant, American Board of Family Medicine, Lexington, Kentucky, at the time this study was done. R.L. Phillips Jr. is vice president for research and policy, American Board of Family Medicine, Washington, DC. A.G. Mainous III is chair of health services research, management, and policy, University of Florida College of Medicine, Gainesville, Florida",US
"H. Brislen is clinical assistant professor of internal medicine, University of New Mexico, and New Mexico VA Health Care System, Albuquerque, New Mexico. A. Dunn is staff physician, New Mexico VA Health Care System, Albuquerque, New Mexico. A. Parada is assistant professor of internal medicine, University of New Mexico, Albuquerque, New Mexico. P. Rendon is assistant professor of internal medicine, University of New Mexico, Albuquerque, New Mexico",US
"Ethical approval: This study was approved by the institutional review board of the University of Alberta, Edmonton, Alberta, Canada | Other disclosures: None reported | Previous presentations: The abstract of an earlier version of this article was presented at the Canadian Conference on Medical Education in Vancouver, British Columbia, Canada, April 25–28, 2015",
"Second-year medical student, University of Pennsylvania Perelman School of Medicine, Philadelphia, Pennsylvania;; Twitter: @rishirajgoel; ORCID:",US
"J.P. Gold is chancellor, University of Nebraska Medical Center, vice president, University of Nebraska System, and chair, Board of Directors of Nebraska Medicine, Omaha, Nebraska. J.P. Stimpson is associate professor, Department of Health Services Research and Administration, College of Public Health, director, University of Nebraska Medical Center (UNMC) Center for Health Policy, and senior policy analyst, Government Affairs, Office of the Vice-Chancellor for External Affairs, UNMC, Omaha, Nebraska. K.J. Caverzagie is associate professor, Department of Internal Medicine, and associate dean for educational strategy, College of Medicine, University of Nebraska Medical Center, and vice president for education of Nebraska Medicine, Omaha, Nebraska | Ethical approval: Reported as not applicable | Previous presentations: This work was previously presented at the 2014 Spring Meeting of the Association of American Medical Colleges Council on Deans/Council on Teaching Hospitals, New Orleans, Louisiana, March 2014 | Other disclosures: None reported",US
"Ethical approval: Reported as not applicable | Other disclosures: None reported | Previous presentations: This work was previously presented at the 2014 Spring Meeting of the Association of American Medical Colleges Council on Deans/Council on Teaching Hospitals, New Orleans, Louisiana, March 2014",
Ethical approval: This study was approved by the behavioral research ethics board at the University of British Columbia (H10-01716) | Other disclosures: Ms. Ross is an employee of the National Board of Medical Examiners,
"Ethical approval: This study was reviewed and deemed exempt by the University of California, San Francisco Institutional Review Board | Other disclosures: R.M. Chen: Former resident physician in a residency program that received a Primary Care Residency Expansion grant. K. Grumbach: Faculty member in a residency program that received a Primary Care Residency Expansion grant. S. Petterson and A. Bazemore: No conflicts of interest reported | Previous presentations: Portions of this report were presented at the North American Primary Care Research Group Annual Meeting, New York, New York, November 23, 2014",
"N.A. Shlobin, Feinberg School of Medicine, Northwestern University",
"Medical student, Temerty Faculty of Medicine, University of Toronto, Toronto, Ontario, Canada; email:; Twitter: @chantalp_MD; ORCID: | email:",CA
Jersey,JE
"Resident, Harvard Radiation Oncology Program, Boston, Massachusetts; email:; Twitter: @michaelgordonm3; ORCID: | email:",US
"N.R. Lenzeis a first-year resident, otolaryngology/head and neck surgery, University of Michigan, Ann Arbor, Michigan; email:; Twitter: @NRLenze",US
"assistant professor, Department of Family Medicine",
"assistant professor, Department of Psychiatry",
"assistant professor, Department of Family Medicine, University of North Carolina School of Medicine",
"D.M. Rubiois professor of medicine, biostatistics, bioinformatics, and clinical and translational science, assistant vice chancellor for clinical research education and training, Health Sciences, director, Institute for Clinical Research Education, and director, KL2, Team Science, and Workforce Development, Clinical and Translational Science Institute, University of Pittsburgh, Pittsburgh, Pennsylvania",US
"Medical student, Harvard Medical School, Boston, Massachusetts, and founder and director, COVID-19 Health Literacy Project; email:; Twitter: @poojac99",US
"Resident physician, Department of Medicine, University of Toronto, Toronto, Ontario, Canada; email:; Twitter: @NikitaK_Singh | email:",CA
"Author affiliations:A.E. Burgess, O. Morrison, P. Kent, Rush Medical College",US
"Author affiliation:L.A. Heidemann, S. Kempner, E. Jones, E. Kobernik, A. Stricklen, R. Ross, M. Wixson, G.J. Kim, H.K. Morgan, University of Michigan",US
"A.A. Shahriar is a second-year internal medicine resident, University of Chicago Medical Center, Chicago, Illinois ; email: shahr019@umn.edu ; Twitter: @ArmanAShahriar ; shahr019@umn.edu | A.A. Shahriaris a second-year internal medicine resident, University of Chicago Medical Center, Chicago, Illinois; email:; Twitter: @ArmanAShahriar | email:",US
"Undergraduate student, Harvard College, Cambridge, Massachusetts ; email: akilamoctober@gmail.com ; X (formerly Twitter): @akila29m | Massachusetts",US
"Department of Psychiatry and Neurobehavioral Sciences, University of Virginia, Charlottesville, Virginia Assistant Professor, ; ZGV3RW@uvahealth.org | Pennsylvania",US
"Department of Psychiatry and Neurobehavioral Sciences, University of Virginia, Charlottesville, Virginia Professor, ; JLP4N@uvahealth.org | Pennsylvania",US
Washington,US
Massachusetts,US
"N.E. Fitzpatrickis innovation project manager, Clinical and Translational Science Institute, University of Pittsburgh, Pittsburgh, Pennsylvania | E. Wagner is business development manager, Blue Origin, Kent, Washington.; K. Qua is founder and chief executive officer, Qualifyor, Las Vegas, Nevada.; N.E. Fitzpatrick is innovation project manager, Clinical and Translational Science Institute, University of Pittsburgh, Pittsburgh, Pennsylvania.; Other disclosures: None reported.; The authors have informed the journal that they agree both N. Edgar Fitzpatrick and J. Maier completed the intellectual and other work typical of the first author.; Twitter: @Pitt_PInCh.; telephone: (412) 648-9516",US
"L. Yaskois administrative director of operations, Clinical and Translational Science Institute, University of Pittsburgh, Pittsburgh, Pennsylvania | E. Wagner is business development manager, Blue Origin, Kent, Washington.; K. Qua is founder and chief executive officer, Qualifyor, Las Vegas, Nevada.; L. Yasko is administrative director of operations, Clinical and Translational Science Institute, University of Pittsburgh, Pittsburgh, Pennsylvania.; Other disclosures: None reported.; The authors have informed the journal that they agree both N. Edgar Fitzpatrick and J. Maier completed the intellectual and other work typical of the first author.; Twitter: @Pitt_PInCh.; telephone: (412) 648-9516",US
"D. Mathiasis administrative director of finance, Clinical and Translational Science Institute, University of Pittsburgh, Pittsburgh, Pennsylvania | D. Mathias is administrative director of finance, Clinical and Translational Science Institute, University of Pittsburgh, Pittsburgh, Pennsylvania.; E. Wagner is business development manager, Blue Origin, Kent, Washington.; K. Qua is founder and chief executive officer, Qualifyor, Las Vegas, Nevada.; Other disclosures: None reported.; The authors have informed the journal that they agree both N. Edgar Fitzpatrick and J. Maier completed the intellectual and other work typical of the first author.; Twitter: @Pitt_PInCh.; telephone: (412) 648-9516",US
"E. Milleris professor of pediatrics and clinical and translational science, University of Pittsburgh, Pittsburgh, Pennsylvania | E. Wagner is business development manager, Blue Origin, Kent, Washington.; K. Qua is founder and chief executive officer, Qualifyor, Las Vegas, Nevada.; Other disclosures: None reported.; S.E. Reis is associate vice chancellor for clinical research, health sciences, and professor of medicine and clinical and translational science, University of Pittsburgh, Pittsburgh, Pennsylvania.; The authors have informed the journal that they agree both N. Edgar Fitzpatrick and J. Maier completed the intellectual and other work typical of the first author.; Twitter: @Pitt_PInCh.; telephone: (412) 648-9516",US
"S.E. Reisis associate vice chancellor for clinical research, health sciences, and professor of medicine and clinical and translational science, University of Pittsburgh, Pittsburgh, Pennsylvania | E. Wagner is business development manager, Blue Origin, Kent, Washington.; K. Qua is founder and chief executive officer, Qualifyor, Las Vegas, Nevada.; Other disclosures: None reported.; S.E. Reis is associate vice chancellor for clinical research, health sciences, and professor of medicine and clinical and translational science, University of Pittsburgh, Pittsburgh, Pennsylvania.; The authors have informed the journal that they agree both N. Edgar Fitzpatrick and J. Maier completed the intellectual and other work typical of the first author.; Twitter: @Pitt_PInCh.; telephone: (412) 648-9516",US
Japan,JP
"Ethical approval: This study was approved by the University of Toronto health sciences research ethics board | Other disclosures: None reported | Previous presentations: Partial and preliminary findings from this study were presented at the Association for Medical Education in Europe meeting on August 27, 2012, in Lyon, France, and at the Ottawa Conference on April 28, 2014, in Ottawa, Ontario, Canada",
"Fourth-year resident, University of Toronto Medicine, Royal College Emergency Resident Medicine Program, Toronto, Ontario, Canada;; Twitter: @EMNiran; ORCID:",CA
"E. Kutscheris a resident physician, Department of Internal Medicine, NYU Langone Health, New York, New York; email:; Twitter: @ekutscher | E. Kutscher | is a resident physician, Department of Internal Medicine, NYU Langone Health, New York, New York; email:; Twitter: @ekutscher",US
"Third-year medical student, University of Michigan Medical School, Ann Arbor, Michigan; email:; Twitter: @NikkiTrupiano; ORCID: | Third-year medical student, University of Michigan Medical School, Ann Arbor, Michigan; email: niktrup@med.umich.edu ; Twitter: @NikkiTrupiano; ORCID: https://orcid.org/0000-0002-0657-9098 ",US
"associate professor of Biomedical Education, California Health Sciences University, College of Osteopathic Medicine",
"assistant dean, Academic Affairs, Noorda College of Osteopathic Medicine",
Texas,US
"Third-year internal medicine resident, Northwestern McGaw Medical Center, Chicago, Illinois;; Twitter: @QuentinYoumans; ORCID:",US
"Chief resident, Internal Medicine, NYU Langone Health, New York, New York;; Twitter: @ChristianT_MD | Twitter: @ChristianT_MD",US
"Fourth-year resident, Department of Anesthesiology, Perioperative and Pain Medicine, Stanford University, Stanford, California;; Twitter: @SolvngResBrnout | Twitter: @SolvngResBrnout | First published online March 3, 2020",US
外國語文學系,
"Fourth-year medical student, Faculty of Medicine, University of Toronto, Toronto, Ontario, Canada; email:; Twitter: @stevensmcho; ORCID:",CA
"Medical student, University of Michigan Medical School, Ann Arbor, Michigan; email:; Twitter: @VictorAgbafe | email:",US
"I. Horton, M. Rustici, University of Colorado",US
associate professor of internal medicine,
"A.Z. Yangis a second-year medical student, Harvard Medical School, Boston, Massachusetts; email:; Twitter: @alanzyang",US
"professor of pediatrics, Perelman School of Medicine",
"assistant professor, Department of Obstetrics, Gynecology, and Reproductive Biology",
"assistant professor, Department of Medicine",
"Third-year medical student, Mayo Clinic Alix School of Medicine, Jacksonville, Arizona ; email: lee.yeonsoo@mayo.edu ; Twitter: @YSaraLee | Third-year medical student, Mayo Clinic Alix School of Medicine, Jacksonville, Arizona; email:; Twitter: @YSaraLee; ORCID: | email:",US
"Assistant professor of learning health sciences and family medicine, University of Michigan, and director of the DocsWithDisabilities Initiative, Ann Arbor, Michigan ; meeksli@med.umich.edu ; Twitter: @meekslisa | Assistant professor of learning health sciences and family medicine, University of Michigan, and director of the DocsWithDisabilities Initiative, Ann Arbor, Michigan;; Twitter: @meekslisa; ORCID:",US
"T.K. Paulis a resident physician, Department of Pediatrics, University of Minnesota, Minneapolis, Minnesota; email:; Twitter: @trishakpaul2 | Twitter: @trishakpaul2 | An Academic Medicine Podcast episode featuring this article is available wherever you get your podcasts",US
"Fourth-year medical student, University of Chicago Pritzker School of Medicine, Chicago, Illinois; email:; Twitter:@anaseasom; ORCID:",US
fellow,
Assistant editor for AM Last Pages | Deputy editor for research,
Deputy editor for research | Assistant editor for AM Last Pages,
"Associate editor, Academic Medicine",
"AAMC, Washington, DC, United States",US
"A. Messinger is a first-year psychiatry resident, Department of Psychiatry, University of Toronto, Toronto, Ontario, Canada ; email: atara.messinger@mail.utoronto.ca ; telephone: (647) 709-9470; Twitter: @AtaraMessinger | A. Messingeris a first-year psychiatry resident, Department of Psychiatry, University of Toronto, Toronto, Ontario, Canada; email:; telephone: (647) 709-9470; Twitter: @AtaraMessinger",CA
"Consulting editor, Academic Medicine",
"is a medical student at University of Michigan Medical School, Ann Arbor, Michigan; J.R. Lewy email: lewyja@med.umich.edu ; Twitter: @JxLewy | J.R. Lewy is a medical student at University of Michigan Medical School, Ann Arbor, Michigan; email: lewyja@med.umich.edu ; Twitter: @JxLewy; ORCID: https://orcid.org/0000-0003-0418-9309 ",US
Sculpture by Augusto Rivalta,
e-mail:,
school,
"Third-year MD candidate, Harvard Medical School, Boston, Massachusetts; email:; Twitter: @katherinemrich; ORCID: | email",US
"Fourth-year MD–MBA candidate, Harvard Medical School and Harvard Business School, Boston, Massachusetts; Twitter: @AdamLBeckman; ORCID: | ORCID",US
"Resident in pediatrics, in psychiatry, and in child and adolescent psychiatry, Brown University, Providence, Rhode Island; email:; Twitter: @colleenvictormd | email:",US
"Medical student, Harvard Medical School, Boston, Massachusetts; email:; Twitter: @LashNolen; ORCID: | email",US
"Resident physician, Internal Medicine, New York University Grossman School of Medicine, New York, New York; email:; Twitter: @gabmayer; ORCID: | email:",US
"G. Ferriis a fourth-year medical student, Boston University School of Medicine, Boston, Massachusetts; email:; Twitter: @grace_ferri",US
"Fourth-year medical student, University of California, San Francisco School of Medicine, San Francisco, California; email:; Twitter: @AnyaGreenberg10; ORCID: | email:",US
"Medical student, Temerty Faculty of Medicine, University of Toronto, Toronto, Ontario, Canada; email:; Twitter: @IsraMHussein; ORCID: | email:",CA
"Resident physician, Family Medicine Residency Program, Duke University, Durham, North Carolina ; email: taw51@duke.edu ; Twitter: @TAustinWitt | email: | Resident physician, Family Medicine Residency Program, Duke University, Durham, North Carolina; email:; Twitter: @TAustinWitt; ORCID:",US
"P. Pillai, S. Bagwell, J. Orman, M. Beamsley, University of Wisconsin School of Medicine and Public Health | Author affiliations:",
"E. Brennan-Wydra, K.M. Wilkins, Yale School of Medicine",
"National Clinician Scholars Program fellow, Philip R. Lee Institute of Health Policy Studies, University of California, San Francisco, San Francisco, California; email:; Twitter: @suenlw; ORCID: | email:",US
"J. Weiss, L. Balasuriya, L.D. Cramer, M. Nunez-Smith, I. Genao, R. Gonzalez-Colaso, A.H. Wong, D. Latimore, D. Boatright, M. Sharifi, Yale University School of Medicine",
"Y. Iwaiis a second-year medical student, University of North Carolina School of Medicine, Chapel Hill, North Carolina; email:; Twitter: @yoshiko_iwai; ORCID: | ""Y. Iwai; is a second-year medical student | is a second-year medical student, University of North Carolina School of Medicine, Chapel Hill, North Carolina; email:; Twitter: @yoshiko_iwai; ORCID:",US
Ohio,US
"C. Brodar is a first-year family medicine resident, Inova-Fairfax Family Medicine Residency Program, Fairfax, Virginia ; email: brodar@med.miami.edu ; Twitter: @brodar",US
"S. Khan is a fourth-year MD/MEng student, University of Toronto Faculty of Medicine, Toronto, Ontario, Canada ; email: shaw.khan@mail.utoronto.ca ; Twitter: @_ShawnKhan | is a fourth-year MD/MEng student, University of Toronto Faculty of Medicine, Toronto, Ontario, Canada; email:; Twitter: @_ShawnKhan; ORCID:",CA
Pennsylvania,US
"P.M. Devlinis a first-year obstetrics and gynecology resident, University of Utah Health, Salt Lake City, Utah. At the time this essay was written, she was a fourth-year medical student, University of Michigan Medical School, Ann Arbor, Michigan; email:; Twitter: @Paulina_Dev; ORCID: | is a first-year obstetrics and gynecology resident, University of Utah Health, Salt Lake City, Utah. At the time this essay was written, she was a fourth-year medical student, University of Michigan Medical School, Ann Arbor, Michigan; email:; Twitter: @Paulina_Dev; ORCID:",US
"pediatric cardiology fellow, Advocate Children’s Hospital",
"Fourth-year medical student, Anne Burnett Marion School of Medicine at TCU, Fort Worth, Texas ; email: s.lyon20@tcu.edu ; Twitter: @sarahthelyon | Fourth-year medical student, Anne Burnett Marion School of Medicine at TCU, Fort Worth, Texas; email:; Twitter: @sarahthelyon; ORCID: | email:",US
A. Gupta,
"Author affiliation:C.L. Coe, T. Koonce, M. Deichmeister, A. Harris, G. Beck Dallaghan, University of North Carolina School of Medicine",
Author affiliations:,
anesthesiology resident,
"executive vice chair for academic affairs, Anesthesiology",
"Third-year medical student, University of Michigan Medical School, Ann Arbor, Michigan ; email: uiqbal@med.umich.edu ; Twitter: @_UswaIqbal | email: | Third-year medical student, University of Michigan Medical School, Ann Arbor, Michigan; email:; Twitter: @_UswaIqbal; ORCID:",US
J. Pflaum-Carlson,
"P. Varman was a fourth-year medical student at Creighton University School of Medicine, Omaha, Nebraska, at the time of writing and is now a general surgery intern at Cleveland Clinic, Cleveland, Ohio ; email: pooja.varman@gmail.com ; Twitter: @pooja_varman | P. Varman | was a fourth-year medical student at Creighton University School of Medicine, Omaha, Nebraska, at the time of writing and is now a general surgery intern at Cleveland Clinic, Cleveland, Ohio; email:; Twitter: @pooja_varman; ORCID:",US
"Surgery resident, Michigan Medicine, University of Michigan, Ann Arbor, Michigan ; email: rhow@med.umich.edu ; X (formerly Twitter): @rhowMD | Michigan",US
"Medical student, George Washington School of Medicine and Health Sciences, Washington, DC ; email: scarlettbergam@gwu.edu ; X (formerly Twitter): @bergamscarlett; scarlettbergam@gmail.com | Medical student, George Washington School of Medicine and Health Sciences, Washington, DC; email: scarlettbergam@gwu.edu ; X (formerly Twitter): @bergamscarlett; ORCID: https://orcid.org/0000-0001-6550-8508",US
"Medical student, Harvard Medical School, Boston, Massachusetts ; email: salvatoredaddario@hms.harvard.edu ; X (formerly Twitter): @saldaddario | Massachusetts",US
"Resident, Center for Surgery and Public Health, Brigham and Women’s Hospital, Boston, Massachusetts ; email: mlabban@mgb.org ; X (formerly Twitter): @mdlabban | Massachusetts",US
"Medical student, George Washington School of Medicine and Health Sciences, Washington, DC ; email: ariettleson@gwu.edu ; X (formerly Twitter): @AriYWE | Medical student, George Washington School of Medicine and Health Sciences, Washington, DC; email: ariettleson@gwu.edu ; X (formerly Twitter): @AriYWE",US
"Family medicine resident, Stanford-O’Connor Family Medicine Residency Program, San Jose, California; X (formerly Twitter): @Bright-Zhou ; email: brightz@stanford.edu | California | formerly Twitter): @Bright-Zhou",US
"General surgery resident, Boston Medical Center, Boston, Massachusetts ; email: Priyanka.chugh@bmc.org ; X (formerly Twitter): @antiwheatgirl | Massachusetts",US
"S.S. Razak is an MD/MBA candidate, Harvard Medical School and Harvard Business School, Boston, Massachusetts; telephone: (954) 993-2202 ; email: shahaanrazak@hms.harvard.edu ; X (formerly Twitter): @shahaanrazak",US
"Internal medicine intern, Department of Medicine, University of California San Francisco, San Francisco, California; email: vennela.a.18@gmail.com ; X (formerly Twitter): @VennelaAvula; ORCID: https://orcid.org/0000-0002-1218-3997  | California | formerly Twitter): @VennelaAvula",US
"Medical student, Rural Physician Leadership Program, University of Kentucky College of Medicine, Morehead, Kentucky; email: bradley.firchow@uky.edu ; X (formerly Twitter): @bradfirchow; ORCID: https://orcid.org/0009-0009-5770-7203 | Kentucky",US
"Third-year chief resident physician, University of Nebraska Medical Center, Omaha, Nebraska; email: jukadike@unmc.edu ; X (formerly Twitter): @johnukadike; ORCID: https://orcid.org/0000-0003-2032-7580  | Third-year chief resident physician, University of Nebraska Medical Center, Omaha, Nebraska; email: jukadike@unmc.edu; X (formerly Twitter): @johnukadike; ORCID: https://orcid.org/0000-0003-2032-7580",US
"Medical student, University of Wisconsin Madison School of Medicine and Public Health, Madison, Wisconsin; email: shatadal@wisc.edu ; X (formerly Twitter): @like_hematocrit; ORCID: https://orcid.org/0000-0002-1269-2740  | Wisconsin",US
"Postdoctoral fellow, Department of Neuroscience, Baylor College of Medicine, Houston, Texas; email: savannah.lusk@bcm.edu ; X (formerly Twitter): @DrSavannahLusk; ORCID: http://orcid.org/0000-0002-3413-3763 | Texas | formerly Twitter): @DrSavannahLusk",US
"Medical student, Leonard M. Miller School of Medicine, University of Miami, Miami, Florida; email: rmn58@med.miami.edu ; X (formerly Twitter): @rakshamn; ORCID: https://orcid.org/0009-0009-2380-5681 | Florida",US
"Medical student, University of Illinois College of Medicine, Peoria, Illinois; email: ale50@uic.edu ; X (formerly Twitter): @austndle; ORCID: https://orcid.org/0000-0003-0491-6529 | Illinois",US
"John Sealy School of Medicine, The University of Texas Medical Branch, Galveston, TX, United States",US
"Muribushi Okinawa Center for Teaching Hospitals, Urasoe, Okinawa, Japan | Tokyo Foundation for Policy Research, Minato-ku, Tokyo, Japan",JP
"Assistive Technology & Alternative Format, Office of Student Accessibility Services (OSAS), University of Southern California , Los Angeles, CA,",
"Centre for the Advancement of Interprofessional Education, London, UK;",GB
"AKM-STATS, Scotland, UK;",GB
"AMEE, Dundee, UK",GB
"Department of Psychosomatic Medicine and Psychotherapy, University Hospital Tuebingen, Tuebingen, Germany;",DE
"a Work Psychology Group , UK  | Work Psychology Group, UK,",GB
"Work Psychology Group, Derby United Kingdom of Great Britain and Northern Ireland, UK,",GB
"WHO Headquarters, Sciez-sur-Léman, France;",FR
"AMEE, Dundee, Scotland",GB
"Discipline of General Practice, School of Medicine | Discipline of General Practice, School of Medicine, Galway, Ireland",IE
"Assisi Hospice, Singapore, Singapore;",SG
"Department of General Practice, RCSI, Dublin, Ireland;",IE
"Monson Consulting and Evaluation, Minneapolis, MN, USA;",US
"Medical Education Unit, Leeds Institute of Medical Education, Leeds, UK;",GB
"UCSF, San Francisco, CA, USA",US
"The Netherlands’ Network of the GP Specialty Training Institutes, Utrecht, The Netherlands | The Netherlands' Network of the GP Specialty Training Institutes, Utrecht, The Netherlands",NL
"a Washington University School of Medicine , USA ",US
"Centre for Advancement of Interprofessional Education, London, UK;",GB
"The Academy for Global Interprofessional Learning and Education (AGILE), Thonex, Switzerland;",CH
"b BMJ Learning , UK",GB
"Education Office, National Healthcare Group, Singapore, Singapore;",SG
"Brillig Understanding, Inc., Atascadero, CA, USA;",US
"Environmental Physiotherapy Association, Oslo, Norway",NO
"Barts and the London School of Anesthesia, London, UK",GB
"Barts and The London School of Medicine & Dentistry, Turner St, Whitechapel, London, UK",GB
"Center for Research and Development of Education, University Medial Center Utrecht, Utrecht, the Netherlands",NL
"Education Consultant and Facilitator, Lusby, MD, USA;",US
"BMJ Learning and Quality, BMJ, London, United Kingdom",GB
"GP Education Unit, University Hospitals Southampton, Southampton, United Kingdom of Great Britain and Northern Ireland",GB
"b Harvard Medical School , USA ",US
"c University of South Dakota , USA",US
"Chartable, New York, NY, USA",US
"Qatar Cancer Society, Doha, Qatar",QA
"John Sealy School of Medicine, University of Texas Medical Branch, Galveston, TX, USA",US
"Department of Health Education, Severn PGME Foundation School, Bristol, UK;",GB
"RCSI Library, RCSI University of Medicine and Health Sciences, Dublin Ireland",IE
"Department of Health Psychology, RCSI University of Medicine and Health Sciences, Dublin 2, Ireland | Department of Psychiatry, RCSI University of Medicine and Health Sciences, Dublin 2, Ireland",IE
"Department of Health Psychology, RCSI University of Medicine and Health Sciences, Dublin 2, Ireland",IE
"Institute of Anatomy and Neurobiology, Westfälische Wilhelms-University, Münster, Germany",DE
"Health Systems Collaborative, Nuffield Department of Medicine, Oxford, UK",GB
"Division of Pulmonary, Critical Care, and Sleep Medicine, Suburban Lung Associates in Elk Grove, IL, USA",US
"DeepCyto LLC, Tianjin, China",CN
"eMedici | eMedici, Adelaide, Australia",AU
"Medical Teacher, Dundee, UK",GB
"EACH: International Association for Communication in Healthcare, Salisbury, UK | National Network for GP Training Programs, Utrecht, the Netherlands",GB
"Sparta Commodities – CO of Data, Analytics and Intelligence",
"Department of Medical Education, University Hospital of South Manchester, Manchester, UK;",GB
"Department of Medical Statistics, University Hospital of South Manchester, Manchester, UK",GB
"Medical Education Research and Scholarship Unit (MERSU), Lee Kong Chian School of Medicine, Singapore, Singapore",SG
"UCSF – Medicine, San Francisco, CA, USA",US
"Fondo para el Desarrollo de los Pueblos Indígenas de América Latina y El Caribe (FILAC), La Paz, Bolivia",BO
"Arctic Indigenous Wellness Foundation, Yellowknife, Canada",CA
"Department of Assessment and Evaluation, Institute of Medical Education, Bern, Switzerland;",CH
"b University of Leicester , UK ",GB
"c National University of Singapore , Singapore ",SG
"d University of Wisconsin School of Medicine , USA ",US
"a Queen's University Belfast , UK",GB
"Global Medical Writing and Translation, Kent, WA, USA",US
"HOMER, NHG Education, National Healthcare Group, Singapore, Singapore;",SG
"Dr Sushila Nayar School of Public Health, Sewagram, India;",IN
"St Francis University College of Health, Ifakara, Tanzania;",TZ
"b University of California , USA | University of California USA",US
"Hokkaido Center for Mental Health and Welfare, Sapporo-Shi, Hokkaido, Japan;",JP
"Aichi Medical School of Medicine, Medical Education Center, Aichi, Japan",JP
"Medical Education Research and Development and Head of Research, Institute of Health Sciences Education, Barts and The London School of Medicine and Dentistry, London, UK;",GB
"Centre for clinical Education, Copenhagen, Denmark;",DK
"BMJ Learning and Quality, London, United Kingdom of Great Britain and Northern Ireland",GB
"Contrail Consulting Services, Toronto, Canada;",CA
"Centre for Medical Education, Dundee Medical School, Dundee, Scotland",GB
"Skillslab, Berner Bildungszentrum Pflege, Bern, Switzerland;",CH
"Kubify, Leeds, UK",GB
"University of California, USA, | a  University of California ,  USA",US
"Washington University, USA,",US
"Medical Department VI/Psychosomatic Medicine and Psychotherapy, University Hospital Tübingen, Tübingen, Germany;",DE
"Medical Education & Informatics Unit, College of Medicine & Health Sciences SQU, Alkoudh, Sultanate of Oman",OM
"a University of North Carolina School of Medicine , USA  | University of North Carolina School of Medicine, USA,",US
"c NCSU College of Veterinary Medicine , USA | NCSU College of Veterinary Medicine, USA",US
"AMEE, Dundee, United Kingdom of Great Britain and Northern Ireland;",GB
"Canadian Institute for Climate Choices, Vancouver, Canada",CA
"Dutch Centre of Expertise on Health Disparities, Pharos, Utrecht, The Netherlands",NL
"Institute of Education and Student Affairs, Studienhospital, Münster, NRW, Germany;",DE
"Institute of Education and Student Affairs, Münster, NRW, Germany;",DE
"Adrienne Wasik Consulting, Vancouver, Canada",CA
"Vagelos College of Physicians and Surgeons, New York, NY, USA",US
"Batterjee Medical College , Saudi Arabia ",SA
"Independent Research Consultant, Halifax, Canada",CA
"Department of Medical Education and Examination, Department of Health, Abu Dhabi, United Arab Emirates",AE
"Autism Advisory and Support Service, Liverpool, Australia",AU
"Department of Paediatrics, RCSI, Dublin, Ireland",IE
"Department of Epidemiology and Public Health Medicine, RCSI, Dublin, Ireland",IE
"Medical Education Development, Global Consulting, New York, NY, USA",US
"Dr. Reinfried Pohl-Centre for Medical Education, Marburg, Germany;",DE
"SIM-One Canadian Network for Simulation in Healthcare, Toronto, Canada;",CA
"BMJ Learning, BMJ, BMA House, London, UK; | Society for Cost and Value in Health Professions Education;",GB
"Medical Schools Council, London, United Kingdom",GB
"Birmingham Medical School, Birmingham, UK",GB
"Academy for Global Interprofessional Learning and Education, Thonex, Switzerland;",CH
"Freelance Specialist in Health Professions Education, Beuningen, The Netherlands",NL
"Hamburg, Germany",DE
"Faculty of Medicine, Educational Institute (IfAS), Muenster University (WWU), Muenster, Germany",DE
"Foundation for Family Medicine in Palestine, London, UK",GB
"Medical Teacher, Dundee, United Kingdom",GB
"Haymarket Medical Education, Paramus, NJ, USA",US
"Wandsworth Crisis and Home Treatment Team, London, UK",GB
"Public Contributor, London, UK",GB
"ArtMed InSight, Cambridge, MA, USA",US
"Research Department, Altus Assessments, Toronto, Ontario, Canada",CA
"Center for Advanced Medical Learning and Simulation, USF Health, Tampa, FL, USA",US
"Institute for Medical Education Research, Rotterdam, Erasmus University of Rotterdam, Rotterdam, The Netherlands",NL
"Lewis Katz School of Medicine | Lewis Katz School of Medicine, Philadelphia, Pennsylvania, USA",US
"Meducate Global, LLC., Tierra Verde, FL, USA",US
"World Federation for Medical Education, Ferney-Voltaire, France",FR
"Accreditation Commission for Education in Nursing, Atlanta, GA, USA",US
"Feinberg School of Medicine, Northwestern University",
"Associate Professor of Medicine, UCSF Department of General Internal Medicine, CA, USA",US
"Mental Health, Mayo Private Hospital, Taree, New South Wales, Australia",AU
"Department of Psychiatry, Dartmouth Medical School | Veterans Rural Health Resource Center",
"Growth and Innovation, NBME",
"Altus Assessments, Toronto, Canada",CA
"Clinic for Child and Adolescent Psychiatry, University Hospital Kiel, Germany;",DE
"Brighton and Sussex University Hospital, Brighton, UK;",GB
"Klinikum der Ludwig-Maximilians-Universität (LMU), Germany",DE
"University of Applied Sciences, Geneva, Switzerland;",CH
"Independent Management Consultant, Bodegraven, The Netherlands;",NL
"The Dutch Association of Medical Specialists, Utrecht, The Netherlands;",NL
"Uniformed Services University of the Health Sciences, Canada",CA
"New Zealand Nurses Organisation, Auckland, New Zealand;",NZ
"St George Cancer Services and UNSW Clinical School, Kogarah, Australia",AU
"Cathexis Consulting, Toronto, Canada",CA
"International Institute of Organizational Psychological Medicine, Dandenong, Australia;",AU
"Evaluation Professional Board, Argentinean Paediatrics Society, Buenos Aires, Argentina;",AR
"Orthopaedic Registrar, NE Thames (Pott) and Ph.D Candidate, Medical Education, Barts and the London School of Medicine and Dentistry, London, UK;",GB
"Institut fuer Didaktik und Ausbildungsforschung in der Medizin am Klinikum der Universitaet Muenchen, Germany,",DE
"College of medicine, Al-Maarefa Colleges for Science &amp; Technology, Riyadh, Saudi Arabia",SA
"Medical Education Development, Global Consulting, New York, USA",US
"a McLaughlin Centre for Population Health Risk Assessment , Canada  | c Association of Faculties of Medicine of Canada, Data and Analysis , Canada  | McLaughlin Centre for Population Health Risk Assessment, Canada, | Association of Faculties of Medicine of Canada, Data and Analysis, Canada,",CA
"c Association of Faculties of Medicine of Canada, Data and Analysis , Canada  | Association of Faculties of Medicine of Canada, Data and Analysis, Canada,",CA
"b Canadian Post-M.D. Education Registry (CAPER) , Canada  | c Association of Faculties of Medicine of Canada, Data and Analysis , Canada  | Association of Faculties of Medicine of Canada, Data and Analysis, Canada, | Canadian Post-M.D. Education Registry (CAPER), Canada,",CA
"a Tufts University School of Medicine , USA ",US
"b University of Michigan Medical School , USA ",US
"c Uniformed Services University of the Health Sciences , USA ",US
"d David Geffen School of Medicine UCLA , USA ",US
"e University of Texas Medical Branch , USA",US
"Department of Neurosurgery, Central Manchester University Hospitals NHS Foundation Trust, Manchester, UK;",GB
"Department of Research and Analysis, Touchstone Institute, Toronto, Ontario, Canada;",CA
"AMEE and Medical Teacher, Dundee, UK",GB
"Arkansas College of Osteopathic Medicine, Arkansas Colleges of Health Education, Fort Smith, USA",US
"Practicum Foundation, Institute of Applied Research in Health Sciences Education, Madrid, Spain",ES
"North Central London Integrated Care Board, London, United Kingdom",GB
"Office of Global Health Education, Yale School of Medicine, New Haven, CT, USA",US
"c University of Sheffield , UK",GB
HMS,US
OSU,US
OSU | McGovern,US
McGovern,US
"Santa Viola Hospital, Colibrì Consortium, Bologna, Italy",IT
"School of Medicine, American University of the Caribbean, Saint Maarten, Kingdom of the Netherlands",NL
"Educational researcher, Center for Research and Development of Education, University Medical Center at Utrecht, the Netherlands;",NL
"Department of Psychiatry & Behavioural Sciences, Avicenna Medical College & Hospital, Lahore, Pakistan",PK
"Department of Ophthalmology, Azra Naheed Medical College & Hospital, Lahore, Pakistan",PK
"Department of Medical Education, Muhammad Islam Medical & Dental College, Gujranwala, Pakistan",PK
"Department of Meetings and Events, Association of Gynecology and Obstetrics, Crofton, MD, USA",US
"District of Columbia, Cambrium Assessment, Washington, DC, USA",US
"Private Academic Consultant | Private Academic Consultant, Phonhong, Laos",LA
"National Committee for Indonesian Medical Doctor Competency Examination, 2007–2013, Indonesia",ID
"Women’s Health Reference Centre of Ribeirão Preto (MATER), São Paulo, Brazil",BR
"d Western University , Canada",CA
"Department of Obstetrics and Gynaecology, Juliane Marie Centre, Centre for Children, Women and Reproduction, University Hospital of Copenhagen, Copenhagen, Denmark;",DK
"Juliane Marie Centre, Centre for Children, Women and Reproduction, University Hospital of Copenhagen, Copenhagen, Denmark",DK
", | Institute of Primary Care, Geneva University Hospitals, Genève, Switzerland;",CH
"Cleveland Clinic Abu Dhabi, United Arab Emirates;",AE
"General Practice Training Queensland, Brisbane, Australia;",AU
"Department of Medical Simulation, Viswire Pte Ltd, Singapore, Republic of Singapore;",SG
"Independent Research Consultant, Halifax, Nova Scotia, Canada",CA
"University of California, USA | University of California USA",US
"Medical Education Unit, Gold Coast University Hospital and Health Service, Southport, Australia;",AU
"b University of Sydney , Australia",AU
"NYU School of Medicine, Institute for Innovations in Medical Education, New York, NY, USA",US
"Institute for Autoimmune Systemic and Neurological Diseases, Athens, Greece",GR
"Institut für Allgemeinmedizin, Klinikum der Universität München, Munich, Germany;",DE
"Teaching Hospital Department, OLVG Hospital, Amsterdam, The Netherlands",NL
"BMJ, UK",GB
"TIL™, Israel;",IL
"School of Medicine, Barts and The London School of Medicine and Dentistry, London, UK",GB
"AMEE, Centre for Medical Education, Dundee, UK",GB
"Department of Anesthesia Intensive Care Unit, The Second Affiliated Hospital, Air Force Military Medical University, Shaanxi, China",CN
"GKT School of Medical Education | GKT School of Medical Education, London, United Kingdom",GB
"Vigo, Spain",ES
"Murcia, Spain",ES
"Madrid, Spain",ES
"Gerona, Spain",ES
"Zaragoza, Spain",ES
"Tarragona, Spain",ES
"Salamanca, Spain",ES
"Las Palmas de Gran Canaria, Spain",ES
"Valencia, Spain",ES
"NYU Grossman School of Medicine, NYU Langone Health, New York, NY, USA",US
"Institute for Innovations in Medical Education, NYU Grossman School of Medicine, New York, NY, USA",US
"Department of General Practice, Intellectual Disability Medicine of the Erasmus Medical Center, Rotterdam, The Netherlands | Foundation of the Young Doctor, Utrecht, The Netherlands",NL
"Research Department, Acuity Insights, Toronto, Ontario, Canada",CA
"Medical Teacher Journal, Dundee, UK",GB
"International Nursing Review, Sheffield, UK",GB
"Medical Journal of Australia, Brisbane, Queensland, Australia",AU
"East African Medical Journal, Nairobi, Kenya",KE
"President-elect, World Association of Medical Editors, Winchester, UK",GB
"Higher Education Access Tracker (HEAT) | Higher Education Access Tracker (HEAT), Canterbury, UK",GB
"Gillings School of Global Public Health | Gillings School of Global Public Health, Chapel Hill, NC, USA",US
"Research Department, National Agency for Strategic Research in Medical Sciences Education, Tehran, Iran",IR
"Work Psychology Group, Derby, UK;",GB
"BMJ Learning and Quality, London, UK,",GB
"Medicine and Health Sciences, RCSI University, Dublin, Ireland",IE
"San Diego, School of Medicine, University of California",US
"a University of Tromsø - The Arctic University of Norway , Norway and",AD
"a National University Hospital , Singapore 119228 , Singapore",SG
"Bart's and the London School of Medicine and Dentistry, London, UK",GB
"AMEE, Dundee, UK;",GB
"GP, HEY NHS Trust, Yorkshire, UK",GB
"Undergraduate Medical Education, USF Morsani College of Medicine, Tampa, FL, USA",US
"NEJM Group | NEJM Group, Waltham, MA, USA;",US
"Director of the Central Board for Specialty Training in Elderly Care Medicine in the Netherlands (SOON), Utrecht, the Netherlands",NL
"Academy of Medical Educators, School of Medicine, University of Colorado, Education Building One, 4th Floor, MailStop F495, Anschutz Medical Campus, Boulder, CO, USA;",US
"Max Planck University (UNIMAX), Sao Paulo, Brazil",BR
"Obstetrics and Gynecology, University of ABC, Santo Andre, Brazil",BR
"Department of Propedeutic Internal disease, Dnipro State Medical University, Dnipro, Ukraine",UA
"Education in the Clinical Sciences, NYU Grossman School of Medicine, New York, NY, USA",US
"LEARN! Research Institute for Learning and Education, VU University Amsterdam, Amsterdam, The Netherlands | VUmc School of Medical Sciences, Institute of Education and Training, Amsterdam, The Netherlands;",NL
"VUmc School of Medical Sciences, Institute of Education and Training, Amsterdam, The Netherlands;",NL
"McGovern Medical School, University of Texas Health Science Center, Galveston, TX, USA",US
"BMJ Publishing Group, BMA House, London, United Kingdom",GB
"UT Health San Antonio Long School of Medicine, Long School of Medicine, TX, USA",US
Queen Elizabeth Hospital,
"Swiss Institute for Medical Education, Bern, and Bern University",
"Institute of Medical Education, LMU University Hospital",
"Department of Emergency Medicine, Sooncheonhyang University School of Medicine, Bucheon, Korea",KR
"Faculty of Medicine, Sydney, 2050 Australia;",AU
"Department of Clinical Medicine, Ross University School of Medicine, Roseau, Dominica; | Family Medical Clinic, Roseau, Dominica;",DM
"Family Medical Clinic, Roseau, Dominica;",DM
"Department of Clinical Medicine, Ross University School of Medicine, Roseau, Dominica;",DM
"Clinical Improvement at BMJ Learning, BMJ, London, UK",GB
"Prova Education Educational Strategy, Melville NY, USA",US
"Faculty of Medicine, Barts and the London School of Medicine and Dentistry, London, UK",GB
"KC Patty Primary Health Center, Tamil Nadu, India",IN
"France Assos Santé Bretagne, Rennes, France",FR
"a Department of Old Age Psychiatry , Cefn Coed Hospital , Waunarlwydd Road , Swansea , UK and",AD
"b Department of General Medicine , Morriston Hospital , Swansea , UK",GB
"Brighton and Sussex Medical School Office , Audrey Emerton Building, Eastern Road, Brighton BN2 5BE , UK ",GB
"b Glan Clwyd Hospital , Sarn Lane, Bodelwyddan , UK",GB
"BMJ, BMJ Learning and Quality, London, UK",GB
"Work Psychology Group, Derby, United Kingdom",GB
"London Northwest University Healthcare NHS Trust, London, UK",GB
"Medical Education, Hebrew University Hadassah Medical School, Jerusalem, Israel",IL
"Barts and The London School of Medicine and Dentistry, 4 Newark St, Whitechapel, London, London E1 2AT, United Kingdom of Great Britain and Northern Ireland",GB
"Faculty of Medicine, Barts and The London School of Medicine and Dentistry, London, UK",GB
"School for Vocational Education and Training of Physiotherapy, PT Akademie Tuebingen, Tuebingen, Germany",DE
"Institute for Vocational Education and Training of Physiotherapy, Massage and Podiatry, Ulm, Germany",DE
"Commission for Academic Accreditation, Ministry of Education, Abu Dhabi, United Arab Emirates",AE
"Interuniversity Centre for the Education of General Practitioners (ICHO), Leuven, Belgium",BE
"Möbius Business Redesign, Sint-Martens-Latem, Belgium",BE
"The Arabic Preprint Server/Arabic Science Archive (ArabiXiv), Paris, France",FR
"Beijing Alumni Association of China Medical University, Haidian, Beijing",CN
"Department of Psychiatry, Sree Balaji Medical College and Hospital, Works Road, Chromepet, Chennai, India | Department of Psychiatry , Sree Balaji Medical College and Hospital , Works Road , Chromepet, Chennai , India ",IN
"Chair, Selection Alliance, Medical Schools Council, UK",GB
"a Medical Education Department , Monklands Hospital , Airdrie, NHS Lanarkshire, ML6 OJS , UK",GB
"The University of Queensland, School of Medicine , 288 Herston Road, Herston, QLD, 4006 , Australia ",AU
"Amakusa Central Hospital, Japan",JP
"Strasbourg Faculty of Medicine, Centre for Training and Research in Health Sciences Education (CFRPS), Strasbourg, France; | Département de Médecine Générale [UNIV Strasbourg]",FR
"Faculty of Medicine, Barts and The London School of Medicine, London, UK",GB
"Perspectives on Medical Education, Maastricht, the Netherlands",NL
"Medical Education, Vancouver, Canada",CA
"MedEdPORTAL, Boston, USA",US
"AMEE, 12 Airlie Place, Dundee, DD1 4HJ, Scotland, UK",GB
"Development Dean, Three Counties Medical School, Worcester, UK",GB
"Barts and The London School of Medicine and Dentistry, Whitechapel, London",GB
"GKT School of Medical Education, London, UK",GB
"Lisbon and Tagus Valley Health Region Administration, Lisbon, Portugal",PT
"John Sealy School of Medicine, The University of Texas Medical Branch, Galveston, TX, USA",US
"College of Medicine and Veterinary Medicine, Bioquarter, Scotland, UK",GB
"Professor of Medical Education, California University of Science and Medicine, Colton, CA, USA",US
"Dnipro State Medical University, Dnipro, Ukraine | Volodymyr Berezutskyi. Vernadsky av. 9, Dnipro, Ukraine, +380679653165",UA
"SOON, Utrecht, The Netherlands",NL
"John Sealy School of Medicine, University of Texas Medical Branch, Galveston, Texas, USA",US
"Department of Ophthalmology and Visual Sciences, Washington University School of Medicine, St. Louis, MO, USA",US
"World Federation for Medical Education, London, UK",GB
"College of Pharmacy &amp; Health Sciences, Nashville, Tennessee, USA",US
University Hospitals Dorset,GB
"Departments of Biochemistry and Medical Education, Panimalar Medical College Hospital & Research Institute",
"Schulich School of Medicine & Dentistry, UWO",CA
"Clinical Trust Fellow, (Co-author), NHS Foundation Trust",GB
"Department for Educational Development, Faculty of Health Sciences, Aga Khan University",PK
Center for Medical Simulation,US
"Department of Biological and Biomedical Sciences, Aga Khan University",PK
Health Equity Research,NL
Finance,
MIT Sloan and NBER,US
Booth School of Business and NBER,US
Kelly School of Business,US
University Of Chicago University Of Maryland University Of Chicago,US
Massachusetts Institute ot Technology and Centre for Economic Performance,US
University of Illinois and NBER,US
U.S. Department of Agriculture,US
"‡Columbia Business School, Uris Hall, 3022 Broadway, New York, NY 10027",US
Cornerstone OnDemand,US
Harvard Business School,US
MIT Sloan School of Management,US
World Bank,US
"National Agricultural Research Laboratories, Kampala",UG
"Harvard Business School, United States",US
"Columbia Universitiy , United States",US
Boston Univ,US
"Ragnar Frisch Centre for Economic Research , Norway",NO
QuantCo,US
"Leeds School of Business, University of Colorado, United States",US
"Boston University, United States",US
"Harvard Business School ,",US
"University of Toronto , United States",US
"Econ One , United States",US
"Harvard Business School , United States",US
"Northwestern University , | Northwestern University",US
"MIT Sloan School of Management , | MIT Sloan School of Management",US
"Harvard Kennedy School , | Harvard Kennedy School",US
Stanford Graduate School of Business,US
Northwestern University | Northwestern University - Department of Economics,US
"Columbia Business School , United States",US
"Compass Lexecon , United Kingdom",GB
"Stanford Graduate School of Business , | Stanford GSB",US
"Northwestern University ,",US
"University of Colorado at Boulder , United States",US
INSEAD,FR
Harvard Business School | Harvard Business School - Finance Unit,US
"CompetitionSphere , Belgium",BE
"Stanford Graduate School of Business ,",US
NYU Department of Economics and NBER,US
Yale Department of Economics and NBER,US
"Chicago Booth School of Business, CEPR, IZA and NBER",US
UCLA and NBER,US
UCSD and NBER,US
Columbia Business School,US
Yale and NBER,US
UCLA & NBER,US
Swiss Prison Staff Training Center,CH
IMF,US
Yale Department of Economics,US
Stanford GSB,US
Concordia University and CIREQ,CA
OCC,US
Columbia Business School and NBER,US
Berkeley and NBER,US
Chicago Booth and NBER,US
"MIT Sloan School of Management, USA and NBER ,",US
"Boston University , USA",US
"Burning Glass Technologies , USA",US
Department of Economics Emory University,US
Department of Economics Princeton University,US
"Department of Economics , MIT, Cambridge and NBER, Cambridge and JPAL, Cambridge , USA",US
MIT Department of Economics,US
University of Genova and IZA,IT
"State Bank of Pakistan, CEP – LSE",PK
"Department of Economics, Northwestern University",US
CfM,GB
"Harvard Business School , | Harvard Business School , USA",US
"Stanford Graduate School of Business , | Stanford Graduate School of Business, USA",US
Department of Economics Northwestern University,US
"Olin Business School, Washington University, St. Louis",US
"Department of Economics, John Hopkins University",US
UNSW Business School,AU
CMU,US
UChicago,US
"UCLA, Department of Economics, CESifo, and NBER",US
University of Texas and NBER,US
"Department of Agricultural and Resource Economics, University of Maryland , USA",US
Nova School of Business and Economics,PT
"Department of Economics, UCLA, Log Angeles",US
Düsseldorf Institute for Competition Economics,DE
Resolution Economics,US
"Department of Economics and Institute for Policy Research, Northwestern University",US
ETLA Economic Research,FI
"Capture6 , USA",US
"Department of Economics, MIT",US
Stanford Graduate School of Business and NBER,US
"Cowles Foundation for Research in Economics, Yale University , | Cowles Foundation for Research in Economics, Yale University, USA",US
"MS&E, Stanford",US
"ex-Director of the Department of Economics, Lyft",US
Harvard,US
Universidad de Los Andes,CO
"Department of International Development, University of Oxford , [AQ ID=AQ5]",GB
"University of Wisconsin , | University of Wisconsin, USA",US
Mapping Prejudice,US
"Department of Economics, MIT ,",US
HEC Paris,FR
"Yale University , Cowles Foundation and NBER",US
"Department of Economics, MIT ; NBER; JPAL , USA",US
"AGORA Center for Market Design, UNSW",AU
ITAM Department of Business Administration,MX
"Lingnan University, Hong Kong SAR , China",HK
"Cowles Foundation, Yale University",US
"MIT Sloan School of Management ,",US
Wisconsin,US
Private Sector,
"Marakuja Kivu Research, Democratic Republic of the Congo",CD
"University of Georgia ,",US
"Department of Economics and Cowles Foundation, Yale University",US
"University of Michigan , Good Business Lab, NBER, BREAD, William Davidson Institute",US
"University of Wisconsin ,",US
Unaffiliated (email: ),
"MIT Department of Economics, 50 Memorial Drive, Cambridge, MA 02142, and NBER (email: )",US
"Central European University, Nádor utca 9, Budapest 1051, Hungary, and CEPR (e-mail: )",HU
"Harvard Kennedy School, 79 JFK Street, Cambridge, MA 02138 (email: )",US
"Bridge Clinical Research, 333 Hegenberger Road, Suite 208, Oakland, CA 94621 (email: )",US
"University of Texas, Austin, Speedway Stop C3100, Austin, TX 78712 (e-mail: )",US
Oxford Said Business School (email: ),GB
Chicago Booth (email: ),US
Bologna University and CEPR (email: ),IT
"Private Mail Bag 92006, Auckland 1142, New Zealand (email: )",NZ
"Stanford Law School, William H. Neukom Building, 559 Nathan Abbot Way, Stanford, CA 94305 (email: )",US
"Harvard Law School, Griswold Building, Cambridge, MA 02138, and NBER (email: )",US
"Harvard Business School, Baker Library 265, Boston, MA 02163 (email: )",US
"Columbia Business School, Uris Hall 810, New York, NY 10027 (email: )",US
"Stanford Graduate School of Business, 655 Knight Way, Stanford, CA 94305 (email: )",US
"Imperial College Business School, South Kensington Campus, Exhibition Road, Kensington, London SW7 2AZ, United Kingdom, and Centre for Economic Performance (email: )",GB
"Department of Economics, MIT, Morris and Sophie Chang Building, E52-514, 50 Memorial Drive, Cambridge, MA 02142, and Centre for Economic Performance (email: )",US
"MIT Sloan School of Management, EIEF, and CEPR. (email: )",US
"IIES, S-106 91 Stockholm, Sweden, and CIFAR (email: )",SE
"Department of Economics, Northwestern University (email: )",US
"Department of Economics, MIT (email: )",US
"Harris School of Public Policy, 1155 East 60th Street, Chicago, IL 60637 (email: )",US
"Booth School of Business, 5807 South Woodlawn Avenue, Chicago, IL 60637 (email: )",US
"Stanford Graduate School of Business, 655 Knight Way, Stanford, CA 94305, and NBER (email: )",US
"Department of Economics, Harvard, 1805 Cambridge Street, Littauer Center, M-18, Cambridge, MA 02138 (e-mail: )",US
"School of Global Policy and Strategy, UCSD, D9500 Gilman Drive, La Jolla, CA 92093, and NBER (email: ) | U of California, San Diego",US
"Department of Economics, MIT, 50 Memorial Drive, Building E52, Room 252G, Cambridge, MA 02142 (e-mail: )",US
?,
? | Groupement de Recherche et d'Etudes en Gestion à HEC,
"Department of Economics and Institute for Policy Research, Northwestern University (email: )",US
University of Wisconsin (email: ),US
"Sloan School of Management, MIT, 50 Memorial Drive, E62-465, Cambridge, MA 02142 (e-mail: )",US
Harvard Business School (email: ),US
"Chicago Booth, Room 519, 5807 South Woodlawn Avenue, Chicago, IL 60637, and NBER (e-mail: )",US
"Columbia Business School, 3022 Broadway, Uris Hall 803, New York, NY 10027 (e-mail: )",US
"Stanford Graduate School of Business, 655 Knight Way, Stanford, CA 94305 (e-mail: )",US
"Hutchin Hill Capital, LP, 142 West 57th Street, 15th Floor, New York, NY 10019 (email: )",US
"Harvard Business School, Boston, MA 02163 (e-mail: ) | HARVARD U",US
"Cornerstone Research, 599 Lexington Avenue, New York, NY 10022 (e-mail: )",US
"UCLA Department of Public Policy, 3250 Public Affairs Building, Los Angeles, CA 90095 (email: )",US
"Munich Center for the Economics of Aging, Amalienstr. 33, 80799 Munich, Germany (e-mail: )",DE
"Department of Epidemiology, Gillings School of Global Public Health, University of North Carolina (email: )",US
Harris School of Public Policy (email: ) | U of Chicago,US
"Indian Administrative Services, 23 Bel Heaven Apartments, Vitthaldas Thackersy Marg, NML, Mumbai 400020 India (e-mail: )",IN
"NBER, 1050 Massachusetts Avenue, Cambridge, MA 02138 (e-mail: )",US
University of Maryland and NBER (email: ),US
"Harvard Business School, Boston, MA 02163 (e-mail: )",US
"Finance and Economics Division, Columbia Business School, 3022 Broadway, 814 Uris Hall, New York, NY 10027 (e-mail: )",US
"Department of Economics, MIT, 50 Memorial Drive, Cambridge, MA 02142, and NBER (e-mail: )",US
MIT Department of Economics (email: ),US
"Financial Markets Group, LSE, Houghton Street, London, WC2A 2AE, UK (e-mail: )",GB
"Department of Economics, Harvard, Littauer Center, 1805 Cambridge Street, Cambridge, MA 02138, and NBER (email: )",US
"Department of Economics, Boston University, 270 Bay State Road, Boston, MA 02215, CICFS, Southwestern University of Finance and Economics, CEMA, Central University of Finance and Economics (email: )",US
PSE (),FR
"MIT Sloan School of Management, 100 Main Street, Cambridge, MA 02142 (email: )",US
"Ethiopian Development Research Institute, Addis Ababa, Ethiopia (e-mail )",ET
"Harvard Business School, 15 Harvard Way, Morgan Hall 283, Boston, MA 02163 (e-mail: ) | HARVARD U",US
"Harvard Business School, Soldiers Field, Boston, MA 02163 (e-mail: )",US
"Department of Economics, MIT, 50 Memorial Drive Building E52, Cambridge, MA 02142, and NBER (e-mail: )",US
World Justice Project (e-mail: ),US
"FUNDEF (e-mail: ) | FUNDEF, Mexico City",MX
"European Center for Advanced Research in Economics and Statistics (ECARES), Université libre de Bruxelles, Avenue Roosevelt 50, 1050 Bruxelles, Belgium, CEPR, and CESifo (email: )",BE
"Compass Lexecon, Square de Meeûs 23, 1000, Brussels, Belgium (email: )",BE
"Airbnb Data Science (email: ) | Airbnb Data Science, San Francisco",US
Amazon (email: ),US
Lightcast (email: ),US
"Department of Economics, MIT, 50 Memorial Drive, Cambridge, MA 02139 (email: )",US
"Stanford Graduate School of Business, 355 Knight Way, Stanford, CA 94305 (email: )",US
"UNC Kenan-Flagler Business School, 300 Kenan Center Drive, Chapel Hill, NC 27599 (email: )",US
"MIT Sloan School of Management, 100 Main Street, E62-621, Cambridge, MA 02139 (email: ) | Stanford Graduate School of Business, 355 Knight Way, Stanford, CA 94305 | UNC Kenan-Flagler Business School, 300 Kenan Center Drive, Chapel Hill, NC 27599",US
"NYU, 19 West Fourth Street, New York, NY 10012 (email: )",US
"MIT Media Lab, 77 Massachusetts Avenue, Cambridge, MA 02139 (e-mail: )",US
"MIT, 50 Memorial Drive, Cambridge, MA 02142, and NBER (e-mail: )",US
"Northwestern, 2040 Sheridan Road, Evanston, IL 60208, and NBER (e-mail: )",US
"Johns Hopkins Institute for Applied Economics, 3400 North Charles Street, Gilman Hall, Room 301, Baltimore, MD 21218, and Swiss Finance Institute (email: )",US
"Vancouver School of Economics, 6000 Iona Drive, Vancouver, BC Canada V6T 1L4 (email: ) | U British Columbia",CA
"Harvard Business School, Baker Library, Soldiers Field, Boston, MA 02163 (e-mail: )",US
"TNP2K and SMERU (email: ) | TNP2K, Government of Indonesia and SMERU, Jakarta",ID
"Department of Economics and Sloan School of Management, MIT (email: )",US
"Department of Economics, UCLA, 8283 Bunche Hall, Los Angeles, CA 90095, CESifo, and NBER (email: )",US
"Smith School of Enterprise and the Environment, University of Oxford, and the Technology Policy Institute (email: )",GB
"Harvard Law School, 1585 Massachusetts Avenue, Cambridge, MA 02138 (e-mail: )",US
UCL (email: ) | U College London,GB
"Sloan School of Management, MIT (email: )",US
"Harvard Business School, Baker Library 439, Soldiers Field, Boston, MA 02163 (e-mail: )",US
"School of Education and Social Policy, Northwestern University (email: )",US
"UCL, IFS, CEMMAP, and FAIR-NHH (email: )",GB
IFS (email: ),GB
Chicago Booth and NBER (email: ),US
Consumer Financial Protection Bureau (email: ),US
"Department of Economics, EUI, and WUSTL (email: ) | European U Institute and Washington U in St Louis",US
"University of Maryland Smith School of Business, NBER, and Osaka University ISER (email: )",US
Yale (email: ),US
"Department of Economics, LSE, and STICERD (email: )",GB
Stanford Graduate School of Business (email: ),US
"Harvard University, Henry Lee Professor of Economics and Lee and Ezpeleta Professorship of the Arts and Sciences (email: )",US
"Harvard Kennedy School, LEAP, NBER, and CEPR (email: )",US
Bangladesh (email: ),BD
"Duke University, CRI Foundation, and NBER (email: )",US
Yale U,US
Columbia Business School (email: ),US
Columbia Business School and CESifo (email: ),US
Cornerstone Research (email: ),US
"Model Risk Management, Fannie Mae, 3900 Wisconsin Avenue NW, Washington, DC 20016 (email: )",US
Our World in Data and University of Oxford (email: ),GB
"HBS, Soldiers Field, Boston, MA 02163 (e-mail: ) | HARVARD U",US
"Kenan-Flagler Business School, University of North Carolina, CB 3490, Chapel Hill, NC 27599, Bocconi University, CEPR, and NBER (email: )",US
"Texas A&M, 4102 Amber Trace Court, Sugar Land, TX 77479 (e-mail: )",US
"Queen’s Management School, Riddel Hall I, 185 Stranmillis Road, Belfast, BT9 5EE, United Kingdom (email: ) | s U Belfast",GB
"All Souls College, Oxford OX1 4AL, United Kingdom (email: )",GB
"Department of Economics, MIT, 50 Memorial Drive, E52-452, Cambridge, MA 02142 (e-mail: )",US
"Stanford GSB, 655 Knight Way, Stanford, CA 94305 (email: )",US
MIT Department of Economics and NBER (email: ),US
"Stanford Law School, 559 Nathan Abbot Way, Stanford, CA 94305 (e-mail: )",US
"Adobe Research, Bangalore, India (email: ) | Cornerstone Research, New York, NY",IN
MIT and NBER (email: ),US
"Sol Price School of Public Policy, USC, 650 Childs Way, Los Angeles, CA 90089 (e-mail: )",US
"Center for Economic and Social Research, USC, 635 Downey Way, Los Angeles, CA 90089 (e-mail: )",US
"Center for Economic and Social Research, USC, 1909 K Street NW, Suite 530, Washington, DC 20006 (e-mail: )",US
"Chicago Booth, 5807 South Woodlawn Avenue, Office 519, Chicago, IL 60637, and NBER (e-mail: )",US
"Department of Economics, MIT, 50 Memorial Drive, Cambridge, MA 02142 (email: )",US
"Olin Business School, Washington University, 1 Brookings Drive, Campus Box 1133, St. Louis MO, 63130 (email: )",US
"Internal Revenue Service, 77 K Street NE, Washington, DC 20002 (e-mail: )",US
Department of Economics (email: ) | Stanford U,US
"Vanguard (email: ) | Vanguard, Malvern",US
Independent Researcher (email: ) | ?; Independent Researcher (email: ),
Retired (email: ),
"Department of Agricultural, Environmental, and Development Economics; Department of Economics; and John Glenn College of Public Affairs, the Ohio State University and NBER (email: )",US
MIT Sloan School of Management (email: ),US
HEC Lausanne and CEPR (email: ),CH
Kiel Institute (email: ),DE
Nova School of Business and Economics (email: ),PT
PGIM Quantitative Solutions (email: ),US
Harvard Department of Economics (email: ),US
"Department of Economics, UCLA (email: )",US
(email: ),
"MIT, 50 Memorial Drive, Cambridge, MA 02142 (e-mail: )",US
"Harvard Business School, Soldiers Field, Boston, MA 02163 (e-mail: ) | HARVARD U",US
"Columbia Business School, 3022 Broadway, New York, NY 10027 (e-mail: )",US
"UCLA Department of Economics, Bunche Hall, Los Angeles, CA 90095 (e-mail: )",US
"Sunrun Inc., 1120 Vancouver Avenue, Burlingame, CA 94010 (email: )",US
Rotman School of Management (email: ) | U of Toronto,CA
private sector (email: ),
"Department of Economics, MIT and NBER (email: )",US
Harvard Business School (),US
"Department of Economics, UCLA (email: ) | U of California, Los Angeles",US
University of Georgia,US
"LLP, Nashville, Tennessee",US
Harvard Business School and NBER (email: ),US
Duke U,US
"Harvard Law School, 1575 Massachusetts Avenue, Cambridge, MA 02138 (email: )",US
"MIT Sloan School of Management, 100 Main Street, Cambridge, MA 02142 (e-mail: )",US
"MIT Sloan School of Management, 100 Main Street, Cambridge, MA 02142, CEPR, and NBER (e-mail: )",US
"Private Capital Research Institute, 114 Western Avenue, Boston, MA 02138 (e-mail: )",US
"Private Capital Research Institute and Harvard Business School, Arthur Rock Center for Entrepreneurship, Room 314, Boston, MA 02134 (e-mail: )",US
"Amsterdam Business School, Plantage Muidergracht 12, 1018 TV Amsterdam, Netherlands (e-mail: )",NL
Political Science,
"Social and Behavioral Sciences Team, 1650 Pennsylvania Avenue NW, Washington, DC 20502 (e-mail: )",US
"1180 Observatory Drive, Madison, WI 53706–1393 (email: )",US
"UNC Wilmington, 601 S. College Road, Wilmington, NC 28403 (e-mail: )",US
"Harvard Center for Health Decision Science, 718 Huntington Avenue, 2nd Floor, Boston, MA 02115 (e-mail: )",US
Princeton U,US
"AGORA Center for Market Design, UNSW (email: )",AU
"Department of Economics, Northwestern University and NBER (email: )",US
Vanderbilt U and U Adelaide,US
"U CA, Berkeley",US
U MI,US
Handelsbanken Capital Markets (email: ) | Handelsbanken Capital Markets,SE
"Harvard Business School, Baker Library 443, Soldiers Field, Boston, MA 02163, and NBER (e-mail: )",US
NYU Economics (email: ),US
U VA,US
U PA,US
AEA Publications Office,US
Stanford U,US
U WI,US
Independent (email: ),
"Samuel M. Hartzmark and Abigail B. Sussman are with the University of Chicago Booth School of Business. We are grateful to Jonathan Berk, Anat Bracha, Alex Edmans, Max Farrell, Mariassunta Giannetti, Matti Keloharju, Karl Lins, Vikas Mehrotra, Sanjog Misra, Giovanna Nicodano, Jacopo Ponticelli, Antonino Rizzo, Brad Shapiro, David Solomon, Kelly Shue, Paul Smeets, Oleg Urminksy, and Eric Zwick, as well as to seminar participants at Aalto, Emory, Cambridge, Chicago Booth, Warwick, London School of Economics, Imperial College, Northwestern, Bernstein Quantitative Finance Conference, Boulder Summer Conference on Financial Decision Making, UVA Darden Symposium on Mutual Funds and ETFs, Harvard Global Corporate Governance Colloquia, Development Bank of Japan Conference, Texas Finance Festival, European Finance Association Conference, Global Research Alliance for Sustainable Finance Conference, Swedish House of Finance Conference on Sustainable Finance, and Research Affiliates Investment Research Retreat for comments. We thank Halley Bayer, Nicholas Herzog, and Nathaniel Posner for excellent research assistance. We thank Ray Sin, Steve Wendel, and Sara Newcomb at Morningstar for providing the data. This work is supported by the True North Communications, Inc. Faculty Research Fund at the University of Chicago Booth School of Business. Sussman is a member of the Morningstar Behavioral Science Advisory Board. The authors have nothing further to disclose with respect to the Journal of Finance 's Submission Guidelines and Conflict of Interest Disclosure Policy | Samuel M. Hartzmark and Abigail B. Sussman are with the University of Chicago Booth School of Business. We are grateful to Jonathan Berk, Anat Bracha, Alex Edmans, Max Farrell, Mariassunta Giannetti, Matti Keloharju, Karl Lins, Vikas Mehrotra, Sanjog Misra, Giovanna Nicodano, Jacopo Ponticelli, Antonino Rizzo, Brad Shapiro, David Solomon, Kelly Shue, Paul Smeets, Oleg Urminksy, and Eric Zwick, as well as to seminar participants at Aalto, Emory, Cambridge, Chicago Booth, Warwick, London School of Economics, Imperial College, Northwestern, Bernstein Quantitative Finance Conference, Boulder Summer Conference on Financial Decision Making, UVA Darden Symposium on Mutual Funds and ETFs, Harvard Global Corporate Governance Colloquia, Development Bank of Japan Conference, Texas Finance Festival, European Finance Association Conference, Global Research Alliance for Sustainable Finance Conference, Swedish House of Finance Conference on Sustainable Finance, and Research Affiliates Investment Research Retreat for comments. We thank Halley Bayer, Nicholas Herzog, and Nathaniel Posner for excellent research assistance. We thank Ray Sin, Steve Wendel, and Sara Newcomb at Morningstar for providing the data. This work is supported by the True North Communications, Inc. Faculty Research Fund at the University of Chicago Booth School of Business. Sussman is a member of the Morningstar Behavioral Science Advisory Board. The authors have nothing further to disclose with respect to the Journal of Finance's Submission Guidelines and Conflict of Interest Disclosure Policy",US
e-mail: [email protected],
"Shai Bernstein is with Stanford University. I am deeply grateful to Fritz Foley, Josh Lerner, Andrei Shleifer, and Jeremy Stein for their invaluable comments. I also thank Philippe Aghion, Effi Benmelech, Laura Field, Paul Gompers, Robin Greenwood, Sam Hanson, Oliver Hart, Victoria Ivashina, Dirk Jenter, Bill Kerr, Jacob Leshno, Gustavo Manso, Ramana Nanda, Francisco Perez-Gonzalez, David Scharfstein, Antoinette Schoar, Amit Seru, Adi Sunderam, Rick Townsend, and Jeff Zwiebel for helpful comments. I am grateful to seminar participants at Chicago University, Columbia University, Dartmouth College, Entrepreneurial Finance and Innovation Conference, Harvard Business School, Hebrew University, London Business School, London School of Economics, NBER Productivity Lunch, Northwestern University, Searle Conference on Innovation and Entrepreneurship, Stanford University, Tel-Aviv University, University of British Columbia, and University of Pennsylvania for helpful comments and suggestions. Andrew Speen provided superb research assistance. I am grateful for funding from the Ewing Marion Kauffman Foundation",US
"Simcha Barkai is with London Business School. I thank my advisers Amir Sufi, Stavros Panageas, Hugo Sonnenschein, and Luigi Zingales for all their support. I also wish to thank Olivier Blanchard, Tony Fan, Austan Goolsbee, Evgenii Gorbatikov, Lars Hansen, Joram Mayshar, Larry Schmidt, Amit Seru, John Shea, Robert Solow, Willem van Vliet, Tony Zhang, Eric Zwick, and seminar participants at the American Economic Association Meeting, Columbia University (INET), Federal Reserve Bank of Cleveland, Growth, Stagnation and Inequality Conference (Bank of England), Haifa University, Hebrew University, Kent University, London Business School, MFM Summer Session for Young Scholars, Norges Bank, Northwestern University Kellogg, Stanford GSB, Tel Aviv University, UCLA Anderson, University of Chicago, University of Maryland, University of Pennsylvania Wharton, and the World Bank for their comments and feedback. I acknowledge financial support from the Stigler Center for the Study of the Economy and the State. I have read The Journal of Finance 's disclosure policy and have no conflicts of interest to disclose | Simcha Barkai is with London Business School. I thank my advisers Amir Sufi, Stavros Panageas, Hugo Sonnenschein, and Luigi Zingales for all their support. I also wish to thank Olivier Blanchard, Tony Fan, Austan Goolsbee, Evgenii Gorbatikov, Lars Hansen, Joram Mayshar, Larry Schmidt, Amit Seru, John Shea, Robert Solow, Willem van Vliet, Tony Zhang, Eric Zwick, and seminar participants at the American Economic Association Meeting, Columbia University (INET), Federal Reserve Bank of Cleveland, Growth, Stagnation and Inequality Conference (Bank of England), Haifa University, Hebrew University, Kent University, London Business School, MFM Summer Session for Young Scholars, Norges Bank, Northwestern University Kellogg, Stanford GSB, Tel Aviv University, UCLA Anderson, University of Chicago, University of Maryland, University of Pennsylvania Wharton, and the World Bank for their comments and feedback. I acknowledge financial support from the Stigler Center for the Study of the Economy and the State. I have read The Journal of Finance's disclosure policy and have no conflicts of interest to disclose",GB
"Campbell R. Harvey is with Duke University and the National Bureau of Economic Research. I appreciate the comments of Manuel Adelino, Geert Bekaert, Jim Berger, Alon Brav, Anna Cieslak, Wayne Ferson, David Hirshleifer, Jay Im, Ben McCartney, Stefan Nagel, Brenda Priebe, Emmanuel Roman, Stephan Siegel, Michael Stutzer, Joy Tong, and Ivo Welch. I am especially grateful to Yan Liu for comments on many versions of this paper. Jay Im and Jane Day provided research assistance",US
"Giannetti is from the Department of Finance of the Stockholm School of Economics. Wang is from the Department of Finance of the Carlson School of Management University of Minnesota. We are grateful to two anonymous referees, an Associate Editor, Kenneth Singleton (the Editor), Anup Agrawal, Allen Ferrell, Diego Garcia, Will Gerken, Cam Harvey, Gur Huberman, Zoran Ivkovic, Jonathan Karpoff, George Korniotis, Vojislav Maksimovic, Adair Morse, Stefan Nagel, Chester Spatt, Michael Weisbach, and seminar participants at Western Finance Association, the Miami Behavioral Finance Conference, the Fraud and Misconduct Conference at the University of California, Berkeley, the Law and Economics NBER Meeting, the Harvard Business School Conference on Household Behavior in Risky Asset Markets, the Society for Financial Studies Finance Cavalcade, the Financial Intermediation Research Society Meetings, the European Finance Association, the Minnesota Corporate Finance Conference, Boston College, the U.S. Securities and Exchange Commission, the University of Minnesota, the University of Lausanne, the University of Zurich, the National University of Singapore, the University of New South Wales, De Paul University, Koc University, and the Southwestern University of Finance and Economics for comments. We also thank Diego Garcia and Angie Lo for sharing some of the data we use in the paper. Giannetti acknowledges financial support from the NASDAQ/OMX Nordic Foundation, the Jan Wallander and Tom Hedelius Foundation, and the Bank of Sweden Tercentenary Foundation. The authors do not have any conflicts of interest, as identified in the Disclosure Policy",US
"Tobias Berg is at the University of Bonn, Anthony Saunders is at the Stern School of Business, New York University, and Sascha Steffen is at the University of Mannheim and Center for European Economic Research. We thank Viral Acharya, Tim Adam, Javed Ahmed, Bastian von Beschwitz, Lamont Black, Martin Brown, Michael Faulkender, Mark Flannery, Iftekhar Hasan, Elena Loutskina, Loretta Mester, Manju Puri, Michael Roberts, Tao Shen, conference participants at the 2013 SFS Cavalcade in Miami, the 2013 FIRS meetings in Dubrovnik, the 2013 Bank Structure Conference in Chicago, the WFA 2013 meetings in Lake Tahoe, the EFA 2013 meetings in Cambridge, the DGF 2013 meetings, the CAREFIN 2013 conference at Bocconi, the 2014 Corporate Finance Workshop at Tsinghua University, and seminar participants at Fordham University, the University of Bonn, and the University of St. Gallen for valuable comments and suggestions. In addition, we thank the Editor, Michael Roberts, and three anonymous referees for their comments and suggestions. Tobias Berg gratefully acknowledges financial support by a fellowship within the Postdoc Programme of the German Academic Exchange Service (DAAD) as well as from the Deutsche Forschungsgemeinschaft through SFB 649 “Economic Risk” and SFB-TR15 “Governance and the Efficiency of Economic Systems.” The authors have read the Journal of Finance disclosure policy and have no conflicts to disclose",US
Groupement de Recherche et d'Etudes en Gestion à HEC,
NOVA School of Business and Economics (NOVA SBE),PT
"Chang and Solomon are with the University of Southern California, and Westerfield is with the University of Washington. We would like to thank Nick Barberis, Zahi Ben-David, Ekaterina Chernobai, Bill Christie, Lucas Coffman, Harry DeAngelo, Wayne Ferson, Cary Frydman, Mark Grinblatt, Jarrad Harford, David Hirshleifer, Markku Kaustia, Kevin Murphy, Ed Rice, Antoinette Schoar, and seminar and conference participants at the Behavioral Economics Annual Meeting, CCFC, WFA, Cal Poly Pomona, Emory, Northwestern University, Notre Dame, UC Berkeley, UCSB, UCSD Rady, University of Oregon, University of Washington, University of Wisconsin Madison, and USC for helpful comments and suggestions. We especially thank Terry Odean for sharing the individual trading data. The authors do not have any potential conflicts of interest, as defined in the JF Disclosure Policy",US
WPC: Finance,
"Alan Moreira is with the University of Rochester. Alexi Savov is with New York University and NBER. We thank Ken Singleton (the Editor), the anonymous Associate Editor, two referees, Nick Barberis, Markus Brunnermeier, Douglas Diamond, Marco Di Maggio, Sebastian Di Tella, Itamar Drechsler, Gary Gorton, Valentin Haddad, Zhiguo He, John Ingersoll, Arvind Krishnamurthy, Matteo Maggiori, Gustavo Manso, Andrew Metrick, Holger Mueller, Tyler Muir, Fabio Natalucci, Cecilia Parlatore, Thomas Philippon, Philipp Schnabl, Vish Viswanathan, Michael Woodford, Ariel Zetlin-Jones, and Shengxing Zhang for feedback. We also thank seminar participants at Yale SOM, NYU Stern, Kellogg, Wisconsin Business School, Princeton, Columbia GSB, LSE, LBS, and the European Central Bank, as well as conference participants at the Kellogg Junior Finance Conference, NBER Monetary Economics, NBER Asset Pricing, the Macro Finance Society, the Western Finance Association, the Society for Economic Dynamics, the Tel Aviv Finance Conference, the Atlanta Fed's Financial Markets Conference, the Bank of England, the Richmond Fed, and the NBER Mathematical Economics Conference. We have read the disclosure policy of the Journal of Finance and have nothing to disclose",US
"NYU Stern‐PLXINSERT‐, and NBER",US
"ECB‐PLXINSERT‐, and LSE",GB
University of Texas at Dallas,US
"Correspondence: Sean Myers, NBER, 1050 Massachusetts Ave, Cambridge, MA 02138; e-mail: semyers@wharton.upenn.edu ",US
"MIT, Sloan#TAB#",US
"Adam Copeland; Ali Hortaçsu; Amir Sufi; Amit Seru; Casey Mulligan; Chad Syverson; Clare Célérier; Derek Neal; Frank Wolak; Gregor Matvos; Jesse Shapiro; Juhani Linnainmaa; Mark Egan is at Harvard Business School, I am grateful for the comments received from Eric Budish; Monika Piazzesi; Neale Mahoney; Norman Schürhoff; Robert McDonald; Salvatore Miglietta; Tobias Moskowitz; Tomas Philipson; the members of the University of Chicago Booth School of Business Fama Miller Corporate Finance Reading Group",US
"Doron Levit is from the Wharton School, University of Pennsylvania. Nadya Malenko is from the Carroll School of Management at Boston College. We are grateful to Bruno Biais (the Editor); the Associate Editor; three anonymous referees; Jeffrey Coles; David Dicks (discussant); Vincent Glode; Itay Goldstein; Todd Gormley; Barney Hartman-Glaser (discussant); Oguzhan Karakas; Andrey Malenko; Egor Matveyev (discussant); Christian Opp; Giorgia Piacentino (discussant); Jun “QJ” Qian; Jonathan Reuter; Raluca Roman (discussant); Nikolai Roussanov; Ali Shourideh; Jerome Taillard; Mathieu Taschereau-Dumouchel; Luke Taylor; Nicolas Serrano-Velarde (discussant); Amir Yaron; Bilge Yilmaz; John Zhu; Jeffrey Zwiebel; participants at the 9th Annual Corporate Finance Conference at the Washington University in St. Louis, the UNC's Roundtable for Junior Faculty in Finance, the 2013 EFA Meeting, the Fourth FARFE conference, the 2013 NFA Meeting, the 2014 AFA Meeting, the 2014 Financial Intermediation Research Society Conference; and seminar participants at Bentley University, Boston College, University of California Los Angeles, University of Mannheim, University of Massachusetts Amherst, and the University of Pennsylvania for helpful comments and discussions. The authors do not have any conflicts of interest, as identified in The Journal of Finance disclosure policy | Ali Shourideh; Amir Yaron; Andrey Malenko; Barney Hartman-Glaser (discussant); Bilge Yilmaz; Christian Opp; David Dicks (discussant); Doron Levit is from the Wharton School, University of Pennsylvania. Nadya Malenko is from the Carroll School of Management at Boston College. We are grateful to Bruno Biais (the Editor); Egor Matveyev (discussant); Giorgia Piacentino (discussant); Itay Goldstein; Jeffrey Coles; Jerome Taillard; John Zhu; Jonathan Reuter; Jun “QJ” Qian; Luke Taylor; Mathieu Taschereau-Dumouchel; Nicolas Serrano-Velarde (discussant); Nikolai Roussanov; Oguzhan Karakas; Raluca Roman (discussant); Todd Gormley; Vincent Glode; and seminar participants at Bentley University, Boston College, University of California Los Angeles, University of Mannheim, University of Massachusetts Amherst, and the University of Pennsylvania for helpful comments and discussions. The authors do not have any conflicts of interest, as identified in The Journal of Finance disclosure policy.; participants at the 9th Annual Corporate Finance Conference at the Washington University in St. Louis, the UNC's Roundtable for Junior Faculty in Finance, the 2013 EFA Meeting, the Fourth FARFE conference, the 2013 NFA Meeting, the 2014 AFA Meeting, the 2014 Financial Intermediation Research Society Conference; the Associate Editor; three anonymous referees",US
"NERA Economic Consulting,",US
"Ewens is with Carnegie Mellon University, Tepper School of Business, and Rhodes-Kropf is with Harvard Business School. We thank Viral Acharya, Joshua Coval, Peter DeMarzo, Joan Farre-Mensa, Thomas Hellmann, Bill Kerr, Josh Lerner, Ramana Nanda, David Robinson, Merih Sevilir, and Morten Sorensen for fruitful discussion and comments as well as participants at the American Finance Association meetings, Fed/NYU Conferences on Private Equity, Washington University 9th Annual Corporate Finance Conference, Stanford/JOIM Private Equity conference, Jackson Hole Finance Group conference, Harvard University, Stanford University GSB, Case Western University, as well as Correlation Ventures and VentureSource for access to the data. Both authors are advisors to and investors in Correlation Ventures. All errors are our own",US
"Erik P. Gilje is with The Wharton School, University of Pennsylvania. Jérôme P. Taillard is with Babson College. For their helpful comments and suggestions, we thank Zahi Ben-David, Joan Farre-Mensa, Laurent Frésard, Xavier Giroud, Itay Goldstein, Todd Henderson, Yelena Larkin, Nadya Malenko, Gordon Phillips, Lee Pinkowitz, Jon Reuter, Berk Sensoy, Andrei Shleifer, Phil Strahan, Per Strömberg, René Stulz, Michael Weisbach, Luigi Zingales, the Editor, the Associate Editor, two anonymous referees, and seminar participants at Boston College, the Federal Reserve Bank of Boston, the NBER Spring 2012 Corporate Finance conference, The Ohio State University, the 9th Annual Conference on Corporate Finance at Washington University in St. Louis, Rutgers University, the 2013 SFS Cavalcade, the 2013 Adam Smith Workshops in Asset Pricing and Corporate Finance, the 2013 Western Finance Association Meetings, and the Tenth Annual Penn/NYU Conference on Law and Finance. We also thank Saeid Hozeinade for his research assistance. All remaining errors are our own. We have read the Journal of Finance 's disclosure policy and have no conflicts of interest to disclose | Erik P. Gilje is with The Wharton School, University of Pennsylvania. Jérôme P. Taillard is with Babson College. For their helpful comments and suggestions, we thank Zahi Ben-David, Joan Farre-Mensa, Laurent Frésard, Xavier Giroud, Itay Goldstein, Todd Henderson, Yelena Larkin, Nadya Malenko, Gordon Phillips, Lee Pinkowitz, Jon Reuter, Berk Sensoy, Andrei Shleifer, Phil Strahan, Per Strömberg, René Stulz, Michael Weisbach, Luigi Zingales, the Editor, the Associate Editor, two anonymous referees, and seminar participants at Boston College, the Federal Reserve Bank of Boston, the NBER Spring 2012 Corporate Finance conference, The Ohio State University, the 9th Annual Conference on Corporate Finance at Washington University in St. Louis, Rutgers University, the 2013 SFS Cavalcade, the 2013 Adam Smith Workshops in Asset Pricing and Corporate Finance, the 2013 Western Finance Association Meetings, and the Tenth Annual Penn/NYU Conference on Law and Finance. We also thank Saeid Hozeinade for his research assistance. All remaining errors are our own. We have read the Journal of Finance's disclosure policy and have no conflicts of interest to disclose",US
"Brian T. Melzer is with the Kellogg School of Management, Northwestern University. I thank Gene Amromin, Efraim Benmelech, Daniel Cooper, Kevin Davis, Xavier Giroud, Erik Hurst, Ravi Jagannathan, Jiro Kondo, Lorenz Kueng, Lindsey Leininger, David Matsa, Edwin Mills, Laudo Ogura, Jonathan Parker, Alessandro Previtero, Timothy Riddiough, Kenneth Singleton (the Editor), Joseph Tracy, and two anonymous referees for helpful comments. Seminar participants at Duke University, Ivey Business School, Kellogg School of Management, Loyola University Chicago, Stanford GSB, and the Federal Reserve Banks of Boston and Chicago also provided valuable feedback, as did conference participants at the Summer Real Estate Symposium, NBER Summer Institute (Real Estate and Public Economics), Consumer Expenditure Survey Users’ Workshop, and the annual meetings of the Midwest Economics Association, Western Finance Association, and Financial Intermediation Research Society. I gratefully acknowledge ICPSR for providing the Consumer Expenditure data files used in this study, Fiserv for providing Case-Shiller Home Price Index data, and Laura Paszkiewicz from the BLS for help with the Consumer Expenditure data. Aaron Yoon and Kexin Qiao provided helpful research assistance. I received no external financial support for this research. I have read the Journal of Finance ’s disclosure policy and have no conflicts of interest to disclose | Brian T. Melzer is with the Kellogg School of Management, Northwestern University. I thank Gene Amromin, Efraim Benmelech, Daniel Cooper, Kevin Davis, Xavier Giroud, Erik Hurst, Ravi Jagannathan, Jiro Kondo, Lorenz Kueng, Lindsey Leininger, David Matsa, Edwin Mills, Laudo Ogura, Jonathan Parker, Alessandro Previtero, Timothy Riddiough, Kenneth Singleton (the Editor), Joseph Tracy, and two anonymous referees for helpful comments. Seminar participants at Duke University, Ivey Business School, Kellogg School of Management, Loyola University Chicago, Stanford GSB, and the Federal Reserve Banks of Boston and Chicago also provided valuable feedback, as did conference participants at the Summer Real Estate Symposium, NBER Summer Institute (Real Estate and Public Economics), Consumer Expenditure Survey Users' Workshop, and the annual meetings of the Midwest Economics Association, Western Finance Association, and Financial Intermediation Research Society. I gratefully acknowledge ICPSR for providing the Consumer Expenditure data files used in this study, Fiserv for providing Case-Shiller Home Price Index data, and Laura Paszkiewicz from the BLS for help with the Consumer Expenditure data. Aaron Yoon and Kexin Qiao provided helpful research assistance. I received no external financial support for this research. I have read the Journal of Finance's disclosure policy and have no conflicts of interest to disclose",US
"Darrell Duffie is with Stanford University Graduate School of Business and NBER. Piotr Dworczak is with Stanford University Graduate School of Business. Haoxiang Zhu is with MIT Sloan School of Management and NBER. We are grateful for helpful discussions with and comments from Bruno Biais (Editor), two anonymous referees, Ana Babus, David Bowman, Gregory Connor, Willie Fuchs, Will Gornall, Brett Green, Terry Hendershott, Gustavo Manso, Konstantin Milbradt, Paul Milgrom, Jose Moraga-Gonzalez, Marzena Rostek, Ali Shourideh, Andy Skrzypacz, Chester Spatt, Jeremy Stein, Gabor Virag, and Xavier Vives, as well as seminar and conference participants at Stanford University, Princeton University, U.C. Berkeley, Harvard University, MIT, Finance Theory Group, SFS Cavalcade, European Central Bank, Paul Woolley Centre Annual Conference, Barcelona GSE Summer Forum, Western Finance Association annual meeting, Bonn Workshop on Information Aggregation, Society for Economic Dynamics meeting, NBER Summer Institute Asset Pricing meeting, Econometric Society World Congress, Philadelphia Fed Search and Matching Conference, the 11 th Central Bank Workshop on Microstructure of Financial Markets, Conference on Monetary Policy Implementation and Transmission in the Post-Crisis Period, and American Finance Association annual meeting. We also thank members of the Market Participants Group on Reference Rate Reform (MPG) for useful discussions and comments. Duffie was appointed chair of the Market Participants Group on Reference Rate Reform by the Financial Stability Board. The authors have read the Journal of Finance 's disclosure policy and have no conflict of interest to disclose | Darrell Duffie is with Stanford University Graduate School of Business and NBER. Piotr Dworczak is with Stanford University Graduate School of Business. Haoxiang Zhu is with MIT Sloan School of Management and NBER. We are grateful for helpful discussions with and comments from Bruno Biais (Editor), two anonymous referees, Ana Babus, David Bowman, Gregory Connor, Willie Fuchs, Will Gornall, Brett Green, Terry Hendershott, Gustavo Manso, Konstantin Milbradt, Paul Milgrom, Jose Moraga-Gonzalez, Marzena Rostek, Ali Shourideh, Andy Skrzypacz, Chester Spatt, Jeremy Stein, Gabor Virag, and Xavier Vives, as well as seminar and conference participants at Stanford University, Princeton University, U.C. Berkeley, Harvard University, MIT, Finance Theory Group, SFS Cavalcade, European Central Bank, Paul Woolley Centre Annual Conference, Barcelona GSE Summer Forum, Western Finance Association annual meeting, Bonn Workshop on Information Aggregation, Society for Economic Dynamics meeting, NBER Summer Institute Asset Pricing meeting, Econometric Society World Congress, Philadelphia Fed Search and Matching Conference, the 11th Central Bank Workshop on Microstructure of Financial Markets, Conference on Monetary Policy Implementation and Transmission in the Post-Crisis Period, and American Finance Association annual meeting. We also thank members of the Market Participants Group on Reference Rate Reform (MPG) for useful discussions and comments. Duffie was appointed chair of the Market Participants Group on Reference Rate Reform by the Financial Stability Board. The authors have read the Journal of Finance's disclosure policy and have no conflict of interest to disclose",US
"Michael Johannes and Lars A. Lochstoer are at Columbia Business School, Department of Finance and Economics. Yiqun Mou is at Clarke Capital Management. We would like to thank Francisco Barillas (CEPR Barcelona discussant), Pierre Collin-Dufresne, Kent Daniel, Lars Hansen (AFA discussant), Ľuboš Pástor (NBER discussant), Tano Santos, two anonymous referees and the Editor, as well as seminar participants at AFA Denver 2011, CEPR conference in Barcelona (May 2011), Columbia University, NBER Asset Pricing meeting in Chicago 2011, Norwegian School of Economics, Stanford, University of Lausanne, University of Texas at Austin, and the University of Wisconsin at Madison for helpful comments. The authors do not have any potential conflicts of interest, as identified in the Journal of Finance's Disclosure Policy | Michael Johannes and Lars A. Lochstoer are at Columbia Business School, Department of Finance and Economics. Yiqun Mou is at Clarke Capital Management. We would like to thank Francisco Barillas (CEPR Barcelona discussant), Pierre Collin-Dufresne, Kent Daniel, Lars Hansen (AFA discussant), Ľuboš Pástor (NBER discussant), Tano Santos, two anonymous referees and the Editor, as well as seminar participants at AFA Denver 2011, CEPR conference in Barcelona (May 2011), Columbia University, NBER Asset Pricing meeting in Chicago 2011, Norwegian School of Economics, Stanford, University of Lausanne, University of Texas at Austin, and the University of Wisconsin at Madison for helpful comments. The authors do not have any potential conflicts of interest, as identified in the Journal of Finance's Disclosure Policy",US
"Petri Jylhä is with Aalto University School of Business. I thank Kenneth Singleton (the Editor), two anonymous referees, Stéphane Chrétien, Stefanos Delikouras, Darrell Duffie, Samuli Knüpfer, Ralph Koijen, Ľuboš Pástor, Lasse Pedersen, Joshua Pollet, Oleg Rytchkov, Mungo Wilson, and participants at the American Economic Association 2015, European Summer Symposium in Financial Markets 2016, Financial Intermediation Research Society 2014, the Western Finance Association 2016 meetings, and seminar participants at Aalto University, Copenhagen Business School, Imperial College London, Luxembourg School of Finance, and Manchester Business School for helpful comments. I have read the Journal of Finance 's disclosure policy and have no conflicts of interest to disclose | Petri Jylhä is with Aalto University School of Business. I thank Kenneth Singleton (the Editor), two anonymous referees, Stéphane Chrétien, Stefanos Delikouras, Darrell Duffie, Samuli Knüpfer, Ralph Koijen, Ľuboš Pástor, Lasse Pedersen, Joshua Pollet, Oleg Rytchkov, Mungo Wilson, and participants at the American Economic Association 2015, European Summer Symposium in Financial Markets 2016, Financial Intermediation Research Society 2014, the Western Finance Association 2016 meetings, and seminar participants at Aalto University, Copenhagen Business School, Imperial College London, Luxembourg School of Finance, and Manchester Business School for helpful comments. I have read the Journal of Finance's disclosure policy and have no conflicts of interest to disclose",FI
"Markus Pelger is at the Department of Management Science & Engineering, Stanford University. I thank Jason Zhu for excellent research assistance. I thank Yacine Aït-Sahalia; Torben Andersen; Robert M. Anderson; Svetlana Bryzgalova; Mikhail Chernov; John Cochrane; Frank Diebold; Darrell Duffie; Noureddine El Karoui; Steve Evans; Jianqing Fan; Kay Giesecke; Lisa Goldberg; Valentin Haddad; Michael Jansson; Martin Lettau; Ulrike Malmendier; Stefan Nagel (Editor); Olivier Scaillet; Ken Singleton; George Tauchen; Viktor Todorov; Neil Shephard; Dacheng Xiu; two anonymous referees; and audience participants at UC Berkeley, Stanford, University of Pennsylvania, University of Bonn and SoFiE, INFORMS, FERM, Econometric society, and NBER Time-Series meetings. This work was supported by the Center for Risk Management Research at UC Berkeley. I have read The Journal of Finance disclosure policy and have no conflict of interest to disclose | Dacheng Xiu; Darrell Duffie; Frank Diebold; George Tauchen; Jianqing Fan; John Cochrane; Kay Giesecke; Ken Singleton; Lisa Goldberg; Markus Pelger is at the Department of Management Science & Engineering, Stanford University. I thank Jason Zhu for excellent research assistance. I thank Yacine Aït-Sahalia; Martin Lettau; Michael Jansson; Mikhail Chernov; Neil Shephard; Noureddine El Karoui; Olivier Scaillet; Robert M. Anderson; Stefan Nagel (Editor); Steve Evans; Svetlana Bryzgalova; Torben Andersen; Ulrike Malmendier; Valentin Haddad; Viktor Todorov; audience participants at UC Berkeley, Stanford, University of Pennsylvania, University of Bonn and SoFiE, INFORMS, FERM, Econometric society, and NBER Time-Series meetings. This work was supported by the Center for Risk Management Research at UC Berkeley. I have read The Journal of Finance disclosure policy and have no conflict of interest to disclose.; two anonymous referees",US
"Refet S. Gürkaynak and Sang Seok Lee are with Bilkent University and CEPR. Hatice Gökçe Karasoy-Can is with Central Bank of the Republic of Turkey. We thank Daron Acemoğlu, Bill English, Jordi Galí, Victoria Ivashina, Anil Kashyap, Paul Luk, Michele Modugno, Ali Özdağlı, Han Özsöylev, Ander Perez-Orive, Banu Demir Pakel, Tanseli Savaşer, Başak Tanyeri, Harald Uhlig, our editor, Stefan Nagel, an Associate Editor, two anonymous referees, as well as seminar participants at Bilkent, Bank of England, Bank of Finland, ECB, Koç University, Oxford, NBER Summer Institute, Turkish Finance Workshop, University of Texas at Austin, and UPF for comments. We also thank Deniz Atalar and Ataberk Daşkıran for able research assistance. Gürkaynak's research was supported by funding from the European Research Council (ERC) under the European Union's Horizon 2020 research and innovation program (grant agreement No 726400). The views expressed in this paper are those of the authors and do not necessarily represent views of the Central Bank of the Republic of Turkey. None of the authors have potential conflicts of interest | Refet S. Gürkaynak and Sang Seok Lee are with Bilkent University and CEPR. Hatice Gökçe Karasoy-Can is with Central Bank of the Republic of Turkey. We thank Daron Acemoğlu, Bill English, Jordi Galí, Victoria Ivashina, Anil Kashyap, Paul Luk, Michele Modugno, Ali Özdağlı, Han Özsöylev, Ander Perez-Orive, Banu Demir Pakel, Tanseli Savaşer, Başak Tanyeri, Harald Uhlig, our editor, Stefan Nagel, an Associate Editor, two anonymous referees, as well as seminar participants at Bilkent, Bank of England, Bank of Finland, ECB, Koç University, Oxford, NBER Summer Institute, Turkish Finance Workshop, University of Texas at Austin, and UPF for comments. We also thank Deniz Atalar and Ataberk Daşkıran for able research assistance. Gürkaynak's research was supported by funding from the European Research Council (ERC) under the European Union's Horizon 2020 research and innovation program (grant agreement No 726400). The views expressed in this paper are those of the authors and do not necessarily represent views of the Central Bank of the Republic of Turkey. None of the authors have potential conflicts of interest",TR
University of texas,US
Nationalekonomiska institutionen,SE
"Peter DeMarzo is at the Stanford University Graduate School of Business and NBER. This Presidential Address was delivered to the American Finance Association at the annual meeting in Atlanta, January 5, 2019. I am grateful to Anat Admati, Jonathan Berk, David Bizer, Philip Bond, Doug Diamond, Darrell Duffie, Mike Fishman, Zhiguo He, Martin Hellwig, Stefan Nagel, Paul Pfleiderer, Adriano Rampini, Andy Skrzypacz, Fabrice Tourre, Branko Urošević, and Jeff Zwiebel for their comments, suggestions, and collaborations. I thank Dan Luo for research assistance, and Kau'ilani DeMarzo for helpful discussions and endless patience. I hereby declare that, under the Journal of Finance’s disclosure guidelines, I have nothing to disclose",US
"Cardiff University, 21 Cascad, 22 Central Bank of Norway,",NO
"Canadian Derivatives Institute,",CA
"Andrey Malenko is at Carroll School of Management, Boston College. Nadya Malenko is at Carroll School of Management, Boston College. We are grateful to Philip Bond (the Editor), the Associate Editor, two anonymous referees, Rui Albuquerque, Alessandro Bonatti, Guojun Chen, Jonathan Cohn, Douglas Diamond, Daniel Ferreira, Thierry Foucault, Itay Goldstein, Leonard Kostovetsky, Doron Levit, Michelle Lowry, Richmond Mathews, Jonathan Reuter, Suresh Sundaresan, Bilge Yilmaz, and participants at multiple seminars and conferences for helpful comments. The authors do not have any conflicts of interest as identified in the Journal of Finance 's disclosure policy | Andrey Malenko is at Carroll School of Management, Boston College. Nadya Malenko is at Carroll School of Management, Boston College. We are grateful to Philip Bond (the Editor), the Associate Editor, two anonymous referees, Rui Albuquerque, Alessandro Bonatti, Guojun Chen, Jonathan Cohn, Douglas Diamond, Daniel Ferreira, Thierry Foucault, Itay Goldstein, Leonard Kostovetsky, Doron Levit, Michelle Lowry, Richmond Mathews, Jonathan Reuter, Suresh Sundaresan, Bilge Yilmaz, and participants at multiple seminars and conferences for helpful comments. The authors do not have any conflicts of interest as identified in the Journal of Finance's disclosure policy",US
Department of Economics and Finance,
University of Texas at Dallas and NBER,US
"Cohen is at the Harvard Business School and NBER, Gurun is at the University of Texas at Dallas and NBER, and Malloy is at the Harvard Business School and NBER. We thank Joshua Aizenman, Gennaro Bernile, Geoffrey Booth, Lee Branstetter, Bill Cready, Robert Feenstra, Fritz Foley, Rob Hansen,George Korniotis, John McLaren, Florian Peters, Ken Singleton, Youngxiang Wang, two anonymous referees, and seminar participants at the 2014 AFA meeting in Philadelphia, the 2013 NBER International Trade and Investment Meeting at Stanford, the SFS Cavalcade at University of Miami, Brigham Young University, Australian National University, Ozyegin University, Michigan State University, Sabanci University, University of Alabama, University of Arizona, Baruch College, University of Amsterdam/Duisenberg School of Finance, University of Mannheim, University of Melbourne, University of Miami, University of South Florida, University of Texas at Dallas, University of Virginia, Washington University in Saint Louis, and Tulane University for comments. We are grateful for funding from the National Science Foundation. This paper also circulated under a previous title: “Resident Networks and Firm Trade”. We have read the Journal of Finance's disclosure policy and have no conflicts of interest to disclose",US
"All authors are with the W. P. Carey School of Business at Arizona State University. The authors thank Ken Singleton (the Editor) and two anonymous referees as well as Jonathan Berk; Sreedhar Bharath; Scott Cederburg; Darrell Duffie; Laurent Frésard; Robert Hodrick; Søren Hvidkjær; Rajnish Mehra; Kristian Miltersen; Dimitris Papanikolaou; Lasse Pedersen; Mark Rubinstein; Toni Whited; and seminar participants at Arizona State University, Copenhagen Business School, Erasmus University, New Economic School, Stanford University, University of Arizona, University of California at Berkeley, University of Luxembourg, University of Maryland, University of Minnesota, University of Rochester, the 2013 meetings of the Western Finance Association and the European Finance Association, and the 2013 UBC Summer Finance Conference. The authors have no conflicts of interest, as identified in the Disclosure Policy | All authors are with the W. P. Carey School of Business at Arizona State University. The authors thank Ken Singleton (the Editor) and two anonymous referees as well as Jonathan Berk; Darrell Duffie; Dimitris Papanikolaou; Kristian Miltersen; Lasse Pedersen; Laurent Frésard; Mark Rubinstein; Rajnish Mehra; Robert Hodrick; Scott Cederburg; Sreedhar Bharath; Søren Hvidkjær; Toni Whited; and seminar participants at Arizona State University, Copenhagen Business School, Erasmus University, New Economic School, Stanford University, University of Arizona, University of California at Berkeley, University of Luxembourg, University of Maryland, University of Minnesota, University of Rochester, the 2013 meetings of the Western Finance Association and the European Finance Association, and the 2013 UBC Summer Finance Conference. The authors have no conflicts of interest, as identified in the Disclosure Policy",US
Warwick Business Sch,GB
"Bogousslavsky and Fos are with Boston College, Carroll School of Management, and Muravyev is with Michigan State University, Eli Broad College of Business. We thank Shuaiyu Chen (discussant), Tarun Chordia (discussant), Kevin Crotty, Jefferson Duarte (discussant), Jiacui Li (discussant), George Malikov (discussant), Stefan Nagel (the Editor), Andriy Shkilko, Elvira Sojli (discussant), the Associate Editor, and two anonymous referees for many helpful comments. We also thank seminar participants at NBER Big Data and High-Performance Computing for Financial Economics Conference, CFEA, 5",US
"Isenberg School Of Management, University Of Massachusetts",US
A&F Accounting & Finance,
"Jonathan A. Parker and Antoinette Schoar are with MIT and NBER. Yang Sun is with Brandeis. For helpful comments, we thank Daniel Bergstresser, Stephen Cecchetti, Joel Dickson, Winston Dou, Qingyi Drechsler, Richard Evans, Xavier Gabaix, Joshua Goodman, Pierre Gourinchas, Kevin Khang, Ralph Koijen, Blake LeBaron, David Musto, Debarshi Nandy, Darby Neilson, Jim Poterba, Josh Rauh, Jonathan Reuter, Yao Zeng, and especially John Campbell, Dong Lou, Clemens Sialm, Jules van Binsbergen, Dimitri Vayanos, and Wei Xiong, as well as participants in seminars at Brandeis, Fidelity Investments, MIT, Northwestern, the Q-group, Shanghai Jiaotong, Vanguard, University of Washington St. Louis, and the Fall 2020 NBER Asset Pricing meeting, the 2021 ASSA Meetings, the 2021 ASU Sonoran Winter Conference, the 2021 SFS Cavalcade, and the 2021 FIRS Conference. We have read The Journal of Finance 's disclosure policy and have no conflicts of interest to disclose | Jonathan A. Parker and Antoinette Schoar are with MIT and NBER. Yang Sun is with Brandeis. For helpful comments, we thank Daniel Bergstresser, Stephen Cecchetti, Joel Dickson, Winston Dou, Qingyi Drechsler, Richard Evans, Xavier Gabaix, Joshua Goodman, Pierre Gourinchas, Kevin Khang, Ralph Koijen, Blake LeBaron, David Musto, Debarshi Nandy, Darby Neilson, Jim Poterba, Josh Rauh, Jonathan Reuter, Yao Zeng, and especially John Campbell, Dong Lou, Clemens Sialm, Jules van Binsbergen, Dimitri Vayanos, and Wei Xiong, as well as participants in seminars at Brandeis, Fidelity Investments, MIT, Northwestern, the Q-group, Shanghai Jiaotong, Vanguard, University of Washington St. Louis, and the Fall 2020 NBER Asset Pricing meeting, the 2021 ASSA Meetings, the 2021 ASU Sonoran Winter Conference, the 2021 SFS Cavalcade, and the 2021 FIRS Conference. We have read The Journal of Finance's disclosure policy and have no conflicts of interest to disclose",US
"Daniel Green and Benjamin Roth are at Harvard Business School. We thank James Blume for outstanding research assistance. We thank the editor, Thomas Philippon, and two anonymous referees for excellent feedback and suggestions. We also thank Malcolm Baker; Vivek Bhattacharya; Paul Brest; John Campbell; Henry Friedman; Xavier Gabaix; Robert Gertner; Deeksha Gupta; Oliver Hart; Dean Karlan; Divya Kirti; Scott Kominers; Ernest Liu; Paul-Henri Moisson; Paul Niehaus; Martin Oehmke; Jesse Shapiro; Ludwig Straub; Adi Sunderam; Luke Taylor; Anjan Thakor; Mark Wolfson; Luigi Zingales; and participants at Harvard Business School, Brandeis, NYU, HEC Paris, University of Minnesota, Peking University, Boston University, UBC Sauder, Utah Winter Finance Conference (2022), Western Finance Association (2021), SFS Cavalcade (2021), the 2",US
"Oleg Chuprinin is with UNSW Business School, University of New South Wales, Massimo Massa is with INSEAD, and David Schumacher is with the Desautels Faculty of Management, McGill University. We thank Cam Harvey (the Editor), two anonymous referees, an anonymous Associate Editor, Viral Acharya, Juan Pedro Gomez, Pierre Hillion, Sergei Sarkissian, Jose Scheinkman, Daniel Schmidt, Neal Stoughton, and Stefan Zeume, as well as seminar participants at INSEAD, IFABS 2011, the 9th International Paris Finance Meeting, and EFA 2012 for their valuable comments and suggestions. David Schumacher acknowledges research support from the Institute of Financial Mathematics of Montreal (IFM2). We are also grateful to Prateek Maheshwari for excellent research assistance. Some results presented here were previously part of a paper entitled “Happy Losers: Subcontracting in International Asset Management.” | Oleg Chuprinin is with UNSW Business School, University of New South Wales, Massimo Massa is with INSEAD, and David Schumacher is with the Desautels Faculty of Management, McGill University. We thank Cam Harvey (the Editor), two anonymous referees, an anonymous Associate Editor, Viral Acharya, Juan Pedro Gomez, Pierre Hillion, Sergei Sarkissian, Jose Scheinkman, Daniel Schmidt, Neal Stoughton, and Stefan Zeume, as well as seminar participants at INSEAD, IFABS 2011, the 9th International Paris Finance Meeting, and EFA 2012 for their valuable comments and suggestions. David Schumacher acknowledges research support from the Institute of Financial Mathematics of Montreal (IFM2). We are also grateful to Prateek Maheshwari for excellent research assistance. Some results presented here were previously part of a paper entitled ""Happy Losers: Subcontracting in International Asset Management.""",GB
"Jurek is at Bendheim Center for Finance, Princeton University and NBER. Stafford is at Harvard Business School. We thank Joshua Coval, Ken French, Samuel Hanson, Campbell Harvey (Editor), Jonathan Lewellen, Andrew Lo (discussant), Burton Malkiel, Robert Merton, Gideon Ozik (discussant), André Perold, David Sraer, Jeremy Stein, Marti Subrahmanyam (discussant), Jules van Binsbergen (discussant), Russell Wermers (discussant), and seminar participants at Dartmouth College, Harvard Business School, Imperial College, Bocconi University, USI Lugano, Princeton University, Spring 2013 Q-Group Seminar, 2013 CEAR Workshop on Institutional Investors, the 2012 NBER Asset Pricing Summer Institute, the 2011 NYU Five-Star Conference, the 4 th NYSE Liffe Hedge Fund Research Conference, and the BYU Red Rock Finance Conference for helpful comments and discussions | Jurek is at Bendheim Center for Finance, Princeton University and NBER. Stafford is at Harvard Business School. We thank Joshua Coval, Ken French, Samuel Hanson, Campbell Harvey (Editor), Jonathan Lewellen, Andrew Lo (discussant), Burton Malkiel, Robert Merton, Gideon Ozik (discussant), André Perold, David Sraer, Jeremy Stein, Marti Subrahmanyam (discussant), Jules van Binsbergen (discussant), Russell Wermers (discussant), and seminar participants at Dartmouth College, Harvard Business School, Imperial College, Bocconi University, USI Lugano, Princeton University, Spring 2013 Q-Group Seminar, 2013 CEAR Workshop on Institutional Investors, the 2012 NBER Asset Pricing Summer Institute, the 2011 NYU Five-Star Conference, the 4th NYSE Liffe Hedge Fund Research Conference, and the BYU Red Rock Finance Conference for helpful comments and discussions",US
ComUE Paris-Saclay,FR
Carlson School of Management,US
"Christoph Schneider is at the University of Mannheim. Oliver Spalt is at Tilburg University. We would like to thank Malcolm Baker, Martijn Cremers, Joost Driessen, Sebastian Ebert, Markus Glaser, Cam Harvey (the Editor), Byoung-Hyoun Hwang, Paul Karehnke, Han Kim, Ernst Maug, Zacharias Sautner, David Thesmar, two anonymous referees, our colleagues at Mannheim and Tilburg, and participants at seminars and conferences for comments and helpful discussions. We are responsible for all remaining errors and omissions. Christoph Schneider gratefully acknowledges financial support of the collaborative research center TR/SFB 15 “Governance and the Efficiency of Economic Systems” at the University of Mannheim. We have read the Journal of Finance's disclosure policy and have no conflicts of interest to disclose | Christoph Schneider is at the University of Mannheim. Oliver Spalt is at Tilburg University. We would like to thank Malcolm Baker, Martijn Cremers, Joost Driessen, Sebastian Ebert, Markus Glaser, Cam Harvey (the Editor), Byoung-Hyoun Hwang, Paul Karehnke, Han Kim, Ernst Maug, Zacharias Sautner, David Thesmar, two anonymous referees, our colleagues at Mannheim and Tilburg, and participants at seminars and conferences for comments and helpful discussions. We are responsible for all remaining errors and omissions. Christoph Schneider gratefully acknowledges financial support of the collaborative research center TR/SFB 15 ""Governance and the Efficiency of Economic Systems"" at the University of Mannheim. We have read the Journal of Finance's disclosure policy and have no conflicts of interest to disclose",DE
"Erik P. Gilje is with the Wharton School, University of Pennsylvania and NBER. Elena Loutskina and Daniel Murphy are with the University of Virginia Darden School of Business. We would like to thank Steve Baker; David De Angelis; Michael Faulkender; Vincent Glode; Rustom Irani; Don Keim; Doron Levit; Song Ma; Greg Nini; Krishna Ramaswamy; Julio Riutort; Michael Roberts; Mike Schwert; Phil Strahan; Mathieu Taschereau-Dumouchel; Luke Taylor; Hongda Zhong; and seminar participants at Wharton, Dartmouth (Tuck), University of Virginia (Darden), IU Bloomington, GWU, the 2016 MIT Junior Faculty Conference, 9th Annual FSU SunTrust Beach Conference, 2017 PNC University of Kentucky Finance Conference, 14th Annual Conference in Financial Economic Research IDC, 2017 Frontiers of Finance Conference, 2017 Financial Intermediation Research Society Conference, and Finance—UC 12th International Conference for helpful comments. We would also like to thank Julia Tulloh for her valuable research assistance, and the Rodney L. White center for financial support. We have read The Journal of Finance disclosure policy and have no conflicts of interest to disclose | David De Angelis; Don Keim; Doron Levit; Erik P. Gilje is with the Wharton School, University of Pennsylvania and NBER. Elena Loutskina and Daniel Murphy are with the University of Virginia Darden School of Business. We would like to thank Steve Baker; Greg Nini; Hongda Zhong; Julio Riutort; Krishna Ramaswamy; Luke Taylor; Mathieu Taschereau-Dumouchel; Michael Faulkender; Michael Roberts; Mike Schwert; Phil Strahan; Rustom Irani; Song Ma; Vincent Glode; and seminar participants at Wharton, Dartmouth (Tuck), University of Virginia (Darden), IU Bloomington, GWU, the 2016 MIT Junior Faculty Conference, 9th Annual FSU SunTrust Beach Conference, 2017 PNC University of Kentucky Finance Conference, 14th Annual Conference in Financial Economic Research IDC, 2017 Frontiers of Finance Conference, 2017 Financial Intermediation Research Society Conference, and Finance—UC 12th International Conference for helpful comments. We would also like to thank Julia Tulloh for her valuable research assistance, and the Rodney L. White center for financial support. We have read The Journal of Finance disclosure policy and have no conflicts of interest to disclose",US
University of Maryland - Robert H. Smith School of Business,US
"Viral V. Acharya is with NYU Stern School of Business, CEPR, ECGI, and NBER. Raghuram Rajan is with the University of Chicago Booth School and NBER. We are grateful to Richard Berner, Douglas Diamond, Will Diamond, Wenxin Du, Darrell Duffie, Mariassunta Giannetti, Charles Goodhart, Robin Greenwood, Sam Hanson, Zhiguo He, Yunzhi Hu, Max Jager, Zhengyang Jiang, Anil Kashyap, Yiming Ma, Maurice Ma, Stefan Nagel, Bill Nelson, Carolin Pflueger, Charles Plosser, Rafael Repullo, Bruce Tuckman, Alexi Savov, Philipp Schnabl, Andrei Sheleifer, Jeremy Stein, Adi Sunderam, Quentin Vandeweyer, Annette Vissing-Jorgensen, Olivier Wang, Yao Zheng, and participants at academic and policy conferences and seminars for helpful comments and discussions. We benefited from excellent research assistance from Huan He, Stefano Pastore, Yang Su, and Xinlin Yuan. Rajan thanks IGM and the Fama Miller Center at the Booth School as well as the Hoover Institution for research support. The authors declare that they have no relevant or material financial interests that relate to the research described in this paper",US
"Samuel Antill is with Harvard Business School. Christopher Clayton is with the Yale School of Management and NBER. We are grateful to Antoinette Schoar (the Editor); an anonymous Associate Editor; two anonymous referees; Dean Corbae; Lilas Demmou; Pablo D'Erasmo; Jason Donaldson; Darrell Duffie; Sam Hanson; Rustam Jamilov; Arvind Krishnamurthy; Howard Kung; Wenhao Li; Guillermo Ordoñez; Thomas Philippon; Giorgia Piacentino; Raghuram Rajan; David Scharfstein; Andrei Shleifer; Jeremy Stein; Adi Sunderam; Greg Weitzner; Hongda Zhong; and seminar and conference participants at AFA 2023, Finance Theory Group, NYU/NY Fed Conference on Financial Intermediation, the Bank of Italy Insolvency Workshop, the LSE Secured and Unsecured Debt Conference, the 2021 Oxford Saïd – ETH Zurich Macro-finance Conference, the 28",US
"Barkai is with Carroll School of Management, Boston College. Panageas is with Anderson School of Management, UCLA. We are grateful for comments and suggestions from Andy Atkeson; Ariel Burstein; Ryan Decker; Britta Gehrke; Kyle Herkenhoff; Loukas Karabarbounis; Jiri Knesl; Simone Lenzu; Simon Mongey; Lawrence Schmidt; and Mindy Xiaolan; as well as seminar participants at Bonn Workshop on Firm Heterogeneity and Macro, Boston College, European Finance Association, Lisbon Macro Workshop, London Business School, Macro-Finance Trends Junior Faculty Group, Midwest Finance Association, NBER Summer Institute (Macroeconomics and Productivity), Rome Junior Finance Conference, Society for Economic Dynamics, Society for the Advancement of Economic Theory, Tepper-LAEF, UCLA, Western Finance Association, and Workshop on Entrepreneurial Finance and Innovation. We acknowledge financial support from the AQR Asset Management Institute and the Fink Center for Finance",US
"Vicente Cuñat is at LSE. Mireia Gine is with WRDS, University of Pennsylvania and IESE Business School. Maria Guadalupe is with INSEAD. We would like to thank Laurent Bach; Bernard Black; Marco Becht; Emiliano Catan; François Derrien; Andrey Golubov; Denis Gromb; Nadia Malenko; Marco Pagano; Miikka Rokkanen; Antoinette Schoar; Rob Shonlau; Yishay Yafeh; and seminar/conference participants at MIT-Sloan, McCombs UT Austin, Columbia Business School, LSE, HEC, LBS, Exeter, Carlos III, INSEAD, Duke University, UNC Kenan Flagler, Tilburg University, Amsterdam University, University of Rotterdam, Tel Aviv University, Hebrew University, CEPR Adam Smith workshop, SFS Cavalcade, ECGI, CGCG Colloquia, FMA Europe, and AFA meetings for helpful comments and suggestions. We are also grateful to Amit Seru, an anonymous Associate Editor, and three anonymous referees for constructive comments and suggestions that have significantly improved the paper. We have read The Journal of Finance disclosure policy and have no conflicts of interest to disclose | Andrey Golubov; Antoinette Schoar; Bernard Black; Denis Gromb; Emiliano Catan; François Derrien; Marco Becht; Marco Pagano; Miikka Rokkanen; Nadia Malenko; Rob Shonlau; Vicente Cuñat is at LSE. Mireia Gine is with WRDS, University of Pennsylvania and IESE Business School. Maria Guadalupe is with INSEAD. We would like to thank Laurent Bach; Yishay Yafeh; and seminar/conference participants at MIT-Sloan, McCombs UT Austin, Columbia Business School, LSE, HEC, LBS, Exeter, Carlos III, INSEAD, Duke University, UNC Kenan Flagler, Tilburg University, Amsterdam University, University of Rotterdam, Tel Aviv University, Hebrew University, CEPR Adam Smith workshop, SFS Cavalcade, ECGI, CGCG Colloquia, FMA Europe, and AFA meetings for helpful comments and suggestions. We are also grateful to Amit Seru, an anonymous Associate Editor, and three anonymous referees for constructive comments and suggestions that have significantly improved the paper. We have read The Journal of Finance disclosure policy and have no conflicts of interest to disclose",US
"Pierre Collin-Dufresne is at EPFL and Swiss Finance Institute. Benjamin Junge is at Capital Fund Management. Anders B. Trolle is at HEC Paris and Copenhagen Business School. We thank Stefan Nagel (the Editor), two anonymous referees, Bruno Biais, Darrell Duffie, Thierry Foucault, Larry Glosten, Michael Johannes, René Kallestrup, Laurence Lescourret, Albert Menkveld, Ioanid Rosu, Grigory Vilkov, Søren Willemann, Hongjun Yan, Zhaodong Zhong, Alex Zhou, Haoxiang Zhu, and seminar participants at the Bank of England, BI Norwegian Business School, Boston University, the Commodity Futures Trading Commission, Cornerstone Research, Deutsche Bundesbank, EPFL, ESSEC, the European Central Bank, the Federal Reserve Bank of New York, the Federal Reserve Board, Frankfurt School of Finance & Management, HEC Paris, Lombard Odier, McGill University, Rutgers University, University of New South Wales, University of St. Gallen, the 12th Annual Central Bank Conference on Microstructure of Financial Markets, the 2016 Paris Finance Meeting, the 2016 SFI Research Days, the 2017 Chicago Financial Institutions Conference, the 2017 Fixed Income and Financial Institutions Conference, the 2017 Four Nations Cup, the Midwest Finance Association 2017 meeting, the American Finance Association 2018 meeting, the Northern Finance Association 2018 meeting, the 2018 FRIC conference, the 2018 NFI conference, the 2018 Paris Microstructure Forum, and the Society for Financial Econometrics 2018 conference for comments and suggestions. Collin-Dufresne acknowledges research support from the Swiss Finance Institute. Trolle acknowledges support from the Investissements d'Avenir Labex (ANR-11-IDEX-0003/Labex Ecodec/ANR-11-LABX-0047) and the Danish Finance Institute. The authors do not have any conflicts of interest as identified in The Journal of Finance disclosure policy | HEC Paris",FR
"Tom Grimstvedt Meling is with the Department of Economics, University of Bergen. This paper has benefited from comments from Signe A. Abrahamsen, Oddmund Berg (discussant), Sjur D. Flåm, Xavier Giroud, Raffaele Giuliana, Ingar Haaland, Terrance Hendershott, Hans K. Hvide, Hugo Hopenhayn, Jack Light, Katrine V. Løken, Rannveig Huus Meling, Kasper M. Nielsen, Carl Nilsen, Terrance Odean, Christine Parlour (discussant), Konrad Raff (discussant), Ailsa Röell (discussant), Øvind Schøyen, Eirik Strømland, Jonas Tungodden, Jialin Yu, and Bernt Arne Ødegaard. I am also grateful to Bernt Arne Ødegaard for sharing data, and to seminar participants at the University of Bergen, UC Berkeley Haas, Norwegian School of Economics, EEA, and EWFC for their valuable comments. I am especially indebted to Stefan Nagel (the editor), two anonymous referees, and an anonymous associate editor for extensive comments that have greatly helped improve the paper. This work was partially supported by the Research Council of Norway through its Centres of Excellence Scheme, FAIR project number 262675, and through Finansmarkedsfondet's grant number 250215. I have read The Journal of Finance disclosure policy and I have no conflicts of interest to disclose",NO
Finansinspektionen,SE
"Jeremy C. Stein is with Harvard University and NBER. Jonathan Wallen is with Harvard Business School. We are grateful to Wenxin Du; Robin Greenwood; Sam Hanson; Sebastian Hillenbrand; Victoria Ivashina; Adi Sunderam; Luis Viceira; seminar and conference participants at HBS, UMass Amherst, and the 2024 AFA for helpful feedback; and to Viral Acharya for discussing the paper. We have read The Journal of Finance disclosure policy and have no conflicts of interest to disclose",US
"Emily Breza is at Harvard University. Martin Kanz and Leora Klapper are at the World Bank. We are grateful to Pierre Bachas; Shawn Cole; Xavier Giné; Tarek Ghani; Jessica Goldberg; Rawley Heimer; Supreet Kaur; Michael Kremer; Rocco Machiavello; David McKenzie; Simone Schaner; Lore Vandewalle; and numerous seminar and conference participants for helpful comments and suggestions. Financial support from the Asian Development Bank, Innovations for Poverty Action Financial Inclusion Initiative, International Growth Centre, United States Department of Labor, and the World Bank is gratefully acknowledged. This study was approved by the Harvard and Columbia University Institutional Review Boards and registered in the American Economic Association Registry for randomized control trials (AEARCTR-0001107). Camilla Fabbri, Maura Farrell, Rayhanul Islam, Sawal Chowdhary, Zinedine Partipilo Cornielles, Michel Nehme, Smita Nimilita, Minita Varghese, and Rebecca Wu provided outstanding research assistance. The authors declare they have no relevant or material financial interest that relate to the research described in this paper. The opinions expressed in this paper do not necessarily reflect the views of the World Bank, its executive directors, or the countries they represent",US
CEPR; NBER,US
"Department of Economics, UCLA",US
"Microeconomic Studies Function, FRB of New York",US
International Food Policy Research Institute,US
"Department of Economics, Northwestern University | NBER | Department of Economics, Northwestern University; NBER",US
"Sam M. Walton College of Business, University of Arkansas",US
Department of EconomicsWashington University in St. Louis,US
Department of FinanceLondon School of Economics,GB
"Department of Economics, MIT | Stanford Graduate School of Business and NBER",US
"Department of Economics, IGC and STICERD, LSE",GB
"Department of Economics, USC",US
"Department of Economics, UCL and IFS",GB
Department of EconomicsPrinceton University,US
Department of EconomicsUniversity of Toronto 150 St. George St.TorontoONM5S 3G7Canada,CA
Department of Economics and Cowles FoundationYale University,US
Department of EconomicsUniversity of Mannheim,DE
NBER,US
Department of Economics and BusinessCentral European University,HU
Department of FinanceImperial College Business School,GB
"Department of Economics, MIT | NBER | Department of Economics, MIT; NBER",US
Department of EconomicsUniversity of Notre Dame,US
Harvard Business School; NBER,US
Chicago Booth | NBER,US
Dept. of EconomicsUniversity of Bonn Adenauerallee 24-4253115BonnGermany,DE
Department of EconomicsUniversity of Edinburgh,GB
"Department of Economics, University of Munich",DE
FMO - Dutch Development Bank,NL
"Department of Economics, Federmann Center for the Study of Rationality, Hebrew University",IL
CFPB,US
"Department of Finance, Stanford Graduate School of Business | NBER | SIEPR",US
Columbia Business School | NBER | Columbia Business School; NBER,US
Central Bank of Costa Rica,CR
"Economics Department, University of Stockholm",SE
"Department of Economics, Northwestern University | NBER",US
"Department of Economics, MIT | NBER",US
"Department of Finance, Northwestern University | NBER | Department of Finance, Northwestern University and NBER",US
"Cowles Foundation for Research in Economics, Yale University",US
Department of EconomicsColumbia University,US
Department of EconomicsSeoul National University,KR
Department of EconomicsStanford University,US
Dept. of Economics and LawUniversity of Rome Tor‐Vergatta RomeItaly,IT
Department of EconomicsSimon Fraser University,CA
Department of EconomicsDuke University,US
Department of EconomicsNew York University,US
NBER | Stanford Graduate School of Business | NBER; Stanford Graduate School of Business,US
"Department of Economics, MIT, 50 Memorial Drive, Cambridge, MA 02139, U.S.A.;",US
Pinterest,US
"Graduate School of Business and Department of Economics, Stanford",US
Meta,US
BRAC NGO,BD
"Department of Mathematics, MIT",US
Uber Technologies,US
"Department of Economics and Cowles Foundation, Yale University | NBER",US
"Department of Economics, UCLA | NBER",US
"School of Economics, UNSW Business School",AU
"Division of the Humanities and Social Sciences, Caltech | NBER | Division of the Humanities and Social Sciences, Caltech; NBER",US
Dept. of ManagementUniversity of Toronto Mississauga 3359 Mississauga RdMississaugaONL5L 1C6Canada,CA
Department of Economics and ManagementKarlsruhe Institute of Technology,DE
Chicago Booth,US
"Department of Economics and Finance, University of Rome II",IT
Department of EconomicsUniversity of Toronto,CA
Department of EconomicsMassachusetts Institute of Technology,US
"Berkeley School of Law, University of California",US
"Department of Economics and RSCAS, EUI | WUSTL",IT
"Dept. of Economics, MIT | JPAL | NBER",US
JPAL,US
"Department of Economics, Cowles Foundation, Yale University",US
NBER | Stanford GSB,US
"Technology and Operations Management, Harvard Business School",US
"Harvard Business School, Boston, MA, United States",US
"AQR Capital Management, Two Greenwich Plaza, Greenwich, CT 06830, USA",US
"Washington University, Olin Business School, One Brookings Dr, St. Louis, MO 63130, USA",US
"W.P. Carey School of Business, 400 E Lemon St., Tempe, AZ 85287, USA",US
"Carey Business School, 100 International Drive, Baltimore, MD 21202, USA",US
"Epoque, Inc., and Zinoplex, Inc., United States",US
"Sam M. Walton College of Business, University of Arkansas, United States",US
"Stanford Graduate School of Business, United States",US
"MIG Capital, 660 Newport Center Drive Suite 1300, Newport Beach, CA 92660, USA",US
"Fuqua School of Business, 100 Fuqua Drive, Durham, NC 27708, United States",US
"MIG Capital, 660 Newport Center Drive Suite1300, Newport Beach, CA 92660, USA",US
"Department of Finance, LSE, Houghton Street, WC2A 2AE London, UK",GB
"Chicago Booth, United States",US
"Arizona State and Stanford, United States",US
"Chicago Booth and NBER, United States",US
"E62-668, 100 Main Street, Cambridge, MA 02142, USA",US
"Columbia Business School, ABFER, and NBER, United States",US
"AQR Capital Management, LLC, 2 Greenwich Plaza, Greenwich, CT 06830, USA",US
"Stanford Graduation School of Business, Knight Way, E264, Stanford, CA 94305, USA",US
"Harvard Business School and NBER, United States",US
"University of Texas at Dallas, United States",US
No Affiliation,
"Harvard Business School, Boston, MA 02163, United States",US
"MIT Sloan and NBER, 77 Massachusetts Avenue, Cambridge, MA 02139, USA",US
"Pacific Investment Management Company (PIMCO), United States",US
"UCLA Anderson, 110 Westwood Plaza, D406, Los Angeles, CA 90095, United States",US
"Harvard Business School and NBER, 25 Harvard Way, Baker Library 265, Boston, MA 02163, United States",US
"Sloan School of Management at MIT, CAFR, and NBER",US
"CREI and BGSE, Ramon Trias Fargas 25–27, Barcelona 08005, Spain",ES
"AQR Capital Management, LLC, Two Greenwich Plaza, Greenwich, CT 06830, USA",US
"Harvard Business School and NBER, Baker Library 263, Soldiers Field, Boston, MA 02163 USA",US
"CREST, ENSAE Paris, Institut Polytechnique de Paris, Palaiseau 91764 CEDEX, France",FR
"Cornerstone Research, 1919 Pennsylvania Avenue NW, Suite 600, Washington, DC 20006-3420, USA",US
"Crimson Capital Partners, New York City, NY, USA",US
"Stanford Graduate School of Business, Stanford, CA, USA",US
"STOXX Ltd, Theilerstrasse 1A, Zug 6300, Switzerland",CH
"Robeco Asset Management, Weena 850, Rotterdam 3014 DA, Netherlands",NL
"University of North Carolina, Kenan-Flagler Business School, Chapel Hill NC 27599, United States",US
"Finance department of the Wharton School at University of Pennsylvian, 2318 Steinberg-Dietrich Hall, 3620 Locust Walk, Philadelphia, PA 19104, USA",US
"Credit Suisse Fund Services (Luxembourg) S.A., 5 rue Jean Monnet, L-2013, Luxembourg",LU
"Ohio State University, NBER, and ECGI, United States",US
"HighTech Gruenderfonds, Schlegelstrasse 2, 53115 Bonn, Germany",DE
"Columbia Business School, 3022 Broadway, New York, NY 10024, United States | NBER, 1050 Massachusetts Ave, Cambridge, MA 02138, United States",US
"Financial Engines, Inc., 1050 Enterprise Way, Sunnyvale, CA 94089, United States",US
"Columbia Business School, 3022 Broadway, New York, NY 10024, United States",US
"Vega Economics, 2040 Bancroft Way, Suite 200, Berkeley, CA 94704, USA",US
USA,US
"MIT Sloan School of Management, Cambridge, MA 02142, USA",US
"Lynx Asset Management, Box 7060, Stockholm SE–103 86, Sweden",SE
"School of Banking and Finance, UNSW Business School, Level 3, UNSW Business School Building, NSW 2052, Australia",AU
"Harvard Business School, 25 Harvard Way, Boston, MA 02163, United States",US
"University of Toronto, 105 St George St, Toronto, ON M5S 3E6 United States",US
"Quantitative Investments, Robeco Institutional Asset Management, Rotterdam, the Netherlands",NL
"Harvard Business School, NBER, Soldiers Field, Boston, MA 02163, United Kingdom",GB
"MIT Sloan, NBER, CEPR, 62-638, 100 Main Street, Cambridge, MA 02138, United Kingdom",GB
"Prime Quantitative Research LLC, Millburn, NJ 07041, USA",US
"Simon Graduate School of Business, Rochester, NY 1462, Box 270100, USA",US
"Nanyang Business School, NTU, Singapore | Nanyang Business School, NTU, Singapore,",SG
"MIT, United States of America | NBER, United States of America",US
"Mandatum Life Insurance Company Limited, P.O. Box 627, 00101 Helsinki, Finland",FI
"Guidewell, 4800 Deerwood Campus Parkway, Jacksonville, FL 33246, USA",US
"UBS, 1000 Harbor Blvd., Weekhawken, NJ 07086, USA",US
"Burgiss, United States",US
"Booth School of Business, University Chicago and NBER, United States",US
"Columbia Business School, United States of America",US
"Columbia Business School and NBER, United States of America",US
"Economic Innovation Group, USA",US
"Columbia Business School, United States",US
"USC Marshall Business School, United States",US
"Harvard Business School, Baker Library 273 Boston, MA 02163, United States",US
"STRS Ohio, Columbus, OH 43215, USA",US
"Stanford Law School, United States",US
"Stanford, USA",US
"Secretariat, USA",US
"MIT, Sloan School of Management, Office E62-641, 100 Main Street, 02142 Cambridge, Massachusetts, United States",US
"Wellington Management Company LLP, USA",US
"NBER, United States",US
"AQR Capital Management, LLC, Two Greenwich Plaza, Greenwich, CT 06830, United States | Columbia Business School, 3022 Broadway, New York, NY 10027, United States",US
"Columbia Business School, 3022 Broadway, New York, NY 10027, United States",US
"Warburg Pincus, LLC ,USA",US
"Department of Finance, Imperial College Business School, South Kensington Campus, London, SW7 2AZ, UK",GB
"Stern School of Business, NYU, NBER and AQR Capital Management (consultant), 44 West 4th St, New York, NY 10012, United States",US
"Bloomberg LP, United Kingdom",GB
"Authority for the Financial Markets, Everard Meijsterlaan 52, Utrecht 3533CN, the Netherlands",NL
"Competition and Markets Authority, 25 Cabot Square, London E14 4QZ, UK",GB
"UBS, 100 Rope Street #5, London SE16 7TQ, UK",GB
"MIT Sloan School of Management, 100 Main St, Cambridge, MA 02142, USA",US
"UNSW Business School, School of Banking and Finance, Gate 2 High Street, Sydney, NSW 2052, Australia",AU
"Morgan Stanley Europe SE, Germany",DE
"Finance Division, Columbia Business School, United States of America",US
"Teocalli Exploration and NBER, 1000 W. Wilshire Blvd Ste 400, Nichols Hills, OK 73116, USA",US
"Stanford Law School, 559 Nathan Abbott Way, Stanford, CA 94305, United States",US
"Nanyang Business School, NTU, Singapore",SG
"Cornerstone Research, 699 Boylston Street, 5th floor, Boston, MA 02116, United States",US
"Cornerstone Research, United States",US
"Houghton St, London WC2A 2AE, United Kingdom",GB
"Department of Finance, Terry College of Business, 600 S Lumpkin St, Athens, 30602, GA, USA",US
"Department of Finance, Harbert College of Business, 405 W Magnolia Ave, Auburn, 36849, AL, USA",US
"NUS Business School, Singapore",SG
"Harvard Business School, 25 Harvard Way, Boston, MA 02163, USA",US
"Stanford Graduate School of Business, USA",US
"Aarhus Univesity and Danish Finance Institute Fuglesangs Allé 4, DK-8210 Aarhus V, Denmark, +4593507596",DK
"Aarhus Univesity and Danish Finance Institute Fuglesangs Allé 4, DK-8210 Aarhus V, Denmark, +4520585116",DK
"CEPR and IGIER, Italy",IT
"Department of Finance, Norwegian Business School, Norway",NO
"Federal Housing Finance Agency, United States",US
"Faculty of Business, Lingnan University, Hong Kong, China",HK
"Cambridge, United Kingdom",GB
"Georgetown, United States",US
"Harvard Business School, Boston, MA 02163, USA",US
"MIT Sloan, Cambridge, MA, United States",US
"GARP Risk Institute, Arlington, VA 22209, USA",US
"Lingnan University, Faculty of Business, Finance and Insurance Department, Room 203, 2/F, Simon and Eleanor Kwok Building, 8 Castle Peak Road, Tuen Mun, Hong Kong",HK
"LSE, Houghton Street, London, WC2A 2AE, UK",GB
"Harvard Business School, Baker Library, Soldiers Field, Boston, MA 02163, USA",US
"Imperial College, DRM/CNRS, and CEPR, United Kingdom",GB
"NBER, United States | University of Colorado at Boulder, United States",US
"University of Colorado at Boulder, United States",US
"E62-624 100 Main Street, Cambridge, MA 02142, United States",US
"MIT Sloan School of Management, CAFR, and NBER, E62-614 100 Main Street, MA 02142, United States",US
"Norges Bank Investment Management, Queensberry House, 3 Old Burlington Street, London W1S 3AE, United Kingdom",GB
"Columbia Business School, 3022 Broadway, New York NY 10027, United States",US
"Munich Center for the Economics of Aging, 80799 Munich, Germany;",DE
"Finance Unit, Harvard Business School, Boston, Massachusetts 02163;",US
"2Evercore ISI, Washington, DC, USA",US
"2Business, Government and the International Economy, Harvard Business School, Boston, Massachusetts, USA; email: vpons@hbs.edu",US
NYU Stern and NBER,US
Humboldt University Berlin,DE
Xia Men University,CN
Tuck School of Business at Dartmouth,US
"University of Lugano, Swiss Finance Institute, and University of Maryland",US
Wharton and ECGI,US
"Columbia Business School and NBER | Columbia Business School, and NBER",US
Bates White Economic Consulting,US
"Department of Finance, LSE, Houghton St, London WC2A 2AE,",GB
"Central European University, Nádor u. 9., 1051 Budapest, Hungary,",HU
MIT Sloan School of Management and NBER,US
"University of Maryland Robert H. Smith School of Business, , USA",US
Tepper School of Business,US
"Nova School of Business and Economics, ECGI, CEPR | *Nova School of Business and Economics, ECGI, CEPR",PT
"Jindal School of Management, University of Texas at Dallas",US
"AQR Arbitrage, LLC , USA",US
University of Oregon,US
"MIT Sloan School of Management and NBER , USA",US
"Nova School of Business and Economics, CEPR, and ECGI",PT
"CUNEF, Madrid",ES
"Ohio State University, NBER, and ECGI, USA",US
USC Marshall School of Business,US
"Shanghai LiLi Technology Co., Ltd",CN
University ofWashington,US
Humboldt University of Berlin,DE
"NBER and NYU Stern , USA",US
"NBER and Chicago Booth , USA",US
ISO New England,GB
ESSEC Business School Paris-Singapore | ESSEC Business School Paris‐Singapore,SG
Rotman School of Management,CA
Competition and Markets Authority,GB
"Johns Hopkins Carey Business School, CEPR, and NBER",US
GMO LLC,US
"Research Affiliates , USA",US
Hong Kong Monetary Authority,HK
"Smith School of Business, University of Maryland , USA",US
"University of Nebraska , USA",US
"Harvard Business School , USA",US
"University Technology Sydney, FIRN",AU
Bayes Business School,GB
"McKinsey & Company , Italy",IT
"Betterfly , Santiago, Chile",CL
"MIT Sloan School of Management , USA",US
"Robert H. Smith School of Business at the University of Maryland , USA",US
"MKT MediaStats LLC , | MKT MediaStats LLC, United States",US
"Columbia Business School , USA | NBER , USA | Columbia Business School and NBER, USA",US
NYU Stern School of Business and NBER,US
E.CA Economics,DE
Chicago Booth School of Business,US
"Ohio State University, NBER, ECGI, and Wharton Financial Institutions Center",US
"Institute of Accounting and Finance, University of Marburg",DE
European Banking Authority and Nova SBE,PT
Danske Bank,DK
Mandatum Life,FI
"Smith School of Business, University of Maryland",US
FINRA,US
Korea University,KR
"Stanford Graduate School of Business and NBER , USA",US
ECB,DE
ITAM Business School,MX
USI and SFI,CH
Universitá Cattolica,IT
HEC Paris | Ecole des Hautes Etudes Commerciales,FR
"Columbia Business School and NBER , USA",US
Marshall School at USC,US
"Imperial College Business School , UK and CEPR",GB
"Department of Mathematics and Risk Management Institute, NUS",SG
Imperial College Business School,GB
"Columbia Business School , USA",US
"MIT , USA",US
"Circle Internet Financial ,",US
"UBC Sauder , Canada",CA
"Southern Illinois University , USA",US
"Bayes Business School , UK",GB
"NYU Stern and NBER , USA",US
"School of Economics and Humboldt University Berlin Berlin , Germany",DE
"University of Pennsylvania, NBER, and Bank of Israel",IL
"University of Lugano, Swiss Finance Institute, University of Maryland",US
Thurgau Institute of Economics,CH
World Bank | World Bank;,US
Melbourne Business School,AU
"University of Texas at Dallas , USA",US
"University of Wisconsin , | University of Wisconsin, United States",US
"Executive Editor, Review of Corporate Finance Studies",
"Executive Editor, Review of Financial Studies",
SFS Secretary-Treasurer,
"Cavalcade Chair, 2018 SFS Cavalcade Asia-Pacific",
"Executive Editor, Review of Asset Pricing Studies",
"Cavalcade Chair, 2019 SFS Cavalcade North America",US
Unaffiliated,
European Systemic Risk Board,DE
"NHH Bergen , Norway",NO
"Health Policy Commission , USA",US
"Department of Industrial Engineering and Management Sciences, Northwestern University",US
"INSEAD | Boulevard de Constance, 77300 Fontainebleau ,",FR
"Research Affiliates, LLC , USA",US
UCLA and ASU,US
"MIT Sloan School of Management and NBER | MIT Sloan School of Management and NBER,",US
Hong Kong Monetary Authority | (Hong Kong Monetary Authority),HK
"Columbia Business School, and NBER",US
"Cavalcade Chair, 2019 SFS Cavalcade Asia-Pacific",
"Executive Editor, Review of Corporate Finance Studies",
"Cavalcade Chair, 2020 SFS Cavalcade North America",US
"Executive Editor, Review of Asset Pricing Studies",
Purdue University and NBER,US
Harvard Kennedy School,US
Harvard U,US
"Division of the Humanities and Social Sciences, Caltech",US
TWS Partners,DE
Dartmouth University,US
Yale Univeristy,US
"Evanston, IL",US
"Department of Sociology, University of California",US
"Colin W. Brown Distinguished Professor of Practice, Duke University School of Law",US
Massachusetts Institute of Technology and Canadian Institute for Advanced Research,US
Yale University and Cowles Foundation,US
Competition Bureau Canada,CA
Tim Nasional Percepatan Penanggulan Kemiskinan (TNP2K) and SMERU Research Institute,ID
"University of York, Human Capital and Economic Opportunity Global Working Group, and Institute for Labor Economics",GB
Department for International Development,GB
Kelley School of Business,US
Stanford Graduate School of Business (GSB),US
Columbia GSB and NBER,US
Toronto District School Board,CA
PSE-CNRS,FR
 | University of Oregon,US
Coursera,US
HomeAway,US
Bates White,US
Harris School of Public Policy,US
Booking.com,NL
Joint Committee on Taxation,US
 | World Bank,US
 | University of Texas,US
"Chairperson, Department of Economics",
 | University of North Carolina,US
 | Harvard Business School,US
"Oslo Business School, Oslo Metropolitan University",NO
Frisch Centre,NO
 | Northwestern University | MIT Department of Economics,US
Economic Security Planning and Fiscal Analysis Center,US
 | NERA,US
"2332 Don Onofre Trail NW, Albuquerque, NM 87107 (e-mail: )",US
"Analysis Group, 111 Huntington Avenue, Boston, MA 02199 (email: )",US
"MIT Sloan School of Management, MIT, 77 Massachusetts Avenue, Building E62–642, Cambridge, MA 02139, and NBER (email: )",US
"(email: ) | NERA Economic Consulting,",US
NYU Stern (email: and ) | New York U,US
"Vega Economics, 1625 Shattuck Ave Suite 200, Berkeley, CA 94706 (email: )",US
"GSA Capital Partners, 5 Stratton Street, London W1J 8LA (email: )",GB
Central Bank of Chile and Toulouse School of Economics (email: ),CL
"Department of Economic Analysis, Casa de Bolsa Finamex (email: )",MX
Bank of Greece (email: ),GR
European Stability Mechanism (ESM) (email: ),LU
FRB Cleveland and CIREQ (email: ),US
Mulligan Funding (email: ),US
(email: ) | (email: ); ?,
"CREi, UPF, and BSE (email: )",ES
"University of Southern Califonia, Marshall School of Business (email: )",US
"Department of Finance, Northwestern University (email: )",US
"Townsend Family Distinguished Professor, Kenan-Flagler Business School, University of North Carolina",US
"William Rand is Assistant Professor of Marketing and Director of the Center for Complexity in Business, Robert H. Smith School of Business, University of Maryland",US
"Associate Professor of Marketing, Robert H. Smith School of Business, University of Maryland",US
"Wayne D. Hoyer is James L. Bayless/William S. Farish Fund Chair for Free Enterprise and Chairman of the Department of Marketing, McCombs School of Business, University of Texas at Austin",US
"Lisette de Vries, Store Support BV, Amsterdam",NL
"Wendy W. Moe is Professor of Marketing, Robert H. Smith School of Business, University of Maryland",US
"Bryan Hochstein is Assistant Professor of Marketing, Culverhouse College of Commerce & Business Administration, University of Alabama",US
"Claes Fornell is Chairman, CFI Group",US
"Forrest V. Morgeson III is Director of Research, American Customer Satisfaction Index, LLC",US
"Rajdeep Grewal is Townsend Family Distinguished Professor of Marketing, Kenan-Flagler Business School, University of North Carolina",US
"Medill School of Journalism, Northwestern University",US
Kyuhong Han is a doctoral student in marketing,
Vikas Mittal is J. Hugh Liedtke Professor of Marketing,
Yan Zhang is Fayez Sarofim Vanguard Professor of Management,US
"Chief Operating Officer, quantilope GmbH",DE
"Rajdeep Grewal is the Townsend Family Distinguished Professor of Marketing, Kenan-Flagler Business School, University of North Carolina",US
Yogesh V. Joshi is Associate Professor of Marketing,
P.K. Kannan is Ralph J. Tyser Professor of Marketing Science,
Karen Melville Stilley is a principal at Market Rise Consulting,US
Marketing,
Head of Group,
"E. Vernon & William Smith Endowed Fellow, Gatton College of Business & Economics, University of Kentucky",US
"Sebastian Tillmanns is Assistant Professor of Marketing, University of Muenster",DE
"Manfred Krafft is Professor and Director of the Institute of Marketing, University of Muenster",DE
"Forrest V. Morgeson III is Director of Research, American Customer Satisfaction Index",US
"Analytic Center of Excellence, J.D. Power and Associates",US
"Professor of Marketing, Department Head of the Department of Marketing, Hallie Vanderhider Chair in Business, Mays Business School, Texas A&amp;M University, 4122 TAMU, 220C, College Station, TX 77843-4112, USA,",US
an independent researcher,
"MIT, United States of America",US
"University of Maryland and NBER, United States of America",US
"UPF Barcelona, Spain",ES
"University of Maryland, United States of America, and NBER, United States of America",US
NYU and NBER,US
University of Maryland and NBER,US
Columbia and NBER,US
Institute for International Economic Studies and NBER,US
"UCLA and NBER, United States of America",US
"Chicago Booth and NBER, United States of America",US
"INSTEAD, France",FR
"University of Colorado Leeds School of Business, 419 UCB, 995 Regent Drive, Boulder, CO 80309",US
"Harvard Business School, Boston, MA 02163",US
"Darden School of Business, FOB 191B, 100 Darden Blvd. Charlottesville",US
Department of Marketing & Management,
"Leeds School of Business, University of Colorado, 995 Regent Drive, Boulder",US
WPC: Marketing,
"Tandon Family Professor of Business Administration at Harvard Business School, Baker Library 447, Soldiers Field Road, Boston, MA 02163, USA",US
"Stanford Graduate School of Business Assistant Professor of Marketing at , 655 Knight Way, Stanford, CA 94305",US
Department of Marketing,
*University of Georgia;,US
"Northwestern University, Medill School of Journalism, Media, Integrated Marketing Communications, 1870 Campus Drive, Evanston",US
Marketing and Consumer Behaviour,
"Stanford Graduate School of Business, 655 Knight Way, Stanford",US
"Sanwa Bank, Ltd | Stanford Graduate School of Business, 655 Knight Way, Stanford",US
"assistant professor of management and organizations, the UCLA Anderson School of Management, University of California, 110 Westwood Plaza, Suite A405, Los Angeles, CA, 90095 (10-206-2716)",US
"Columbia Business School, Uris Hall 508, 3022 Broadway, New York, NY 10027",US
"Columbia Business School Gantcher Associate Professor of Business at , Kravis Hall 746, 665 W 130th St, New York, NY 10027",US
"Yang Yang (Yang.Yang@warrington.ufl.edu) is an assistant professor of marketing, Warrington College of Business Administration, University of Florida",US
"Robert D. Calkins professor of international business, Columbia Business School, New York City, NY 10027, USA",US
"Kravis Professor of Business in Marketing at Columbia Business School, New York, NY 10027, USA",US
"Lingnan University Assistant Professor of Marketing and International Business, , New Territories, Hong Kong",HK
Ben L. Fryrear Chair in Marketing and an associate professor of business administration,
"Insight strategist at Sanoma Media Finland, Töölönlahdenkatu 2, 00100 Helsinki, Finland",FI
Associate Professor of Marketing,
Marketing and Supply Chain Management,
"Business Administration Emeritus at the Harvard Business School, Soldiers Field Road, Boston, MA",US
"Michelle F. Weinberger ( ) is assistant professor of Integrated Marketing Communications at Northwestern University, Medill School of Journalism, Media, Integrated Marketing Communications, 1870 Campus Drive, Evanston, IL 60 208. The author would like to thank Melanie Wallendorf, Zeynep Arsel, Ashlee Humphreys, Jonathan Bean, Jane Zavisca, Hope Jensen Schau, Robert Lusch, Cele Otnes, Wendy Griswold, the members of Northwestern Sociology Department’s Culture and Society Workshop, and the entire review team for their constructive feedback at various stages of this article’s development",US
"University of British Columba Associate professor of psychology at the , 2329 West Mall, Vancouver, BC, Canada",CA
"George E. Warren Professor of Business at the Department of Marketing, Columbia Business School, 3022 Broadway, New York, NY 10027, USA",US
"Principal at the OPG, Plymouth, MN 55446, USA",US
"Concordia University Research Chair in Consumption, Markets Zeynep Arsel ( zeynep.arsel@concordia.ca ) is , and Society",CA
"Columbia Business School, 3022 Broadway, New York, NY 10027",US
"LVMH Chaired Professor of Marketing at the ESSEC Business School, 5 Nepal Park, Singapore 139408",SG
"Stanford Graduate School of Business Associate Professor of Marketing and R. Michael Shanahan Faculty Scholar at the , 655 Knight Way, Stanford, CA 94305",US
"LVMH Chaired Professor of marketing at the ESSEC Business School, 5 Nepal Park, Singapore 139408, Singapore",SG
retired early and is currently retraining as a wildlife photographer in Southern California,US
"PhD student at the Stanford Graduate School of Business, Stanford, CA, 94305",US
"StrataCom Professor of Management and Professor of Marketing at Stanford Graduate School of Business, Stanford, CA, 94305",US
"Assistant professor of marketing, Lingnan University, Faculty of Business, 1/F Simon and Eleanor Kwok Building, 8 Castle Peak Rd, Tuen Mun, Hong Kong",HK
"MMR Strategy Group in Encino, CA",US
Associate professor of marketing,
"Brand University of Applied Sciences Professor of customer experience,",DE
"doctoral candidate in marketing at Harvard Business School, Morgan Hall 178, Soldiers Field Road, Boston, MA 02163",US
Gies College of Business,US
Texas A&amp;M University,US
"Leeds School of Business University of Colorado | Leeds School of Business, University of Colorado",US
Berkeley Law School,US
Department of Management – UTM &amp; Rotman School of Management University of Toronto,CA
School of Business and Economics Humboldt‐Universität zu Berlin,DE
MIT Sloan School of Management | [email protected],US
Robert H. Smith School of Business University of Maryland,US
Northwestern University | Email: [email protected],US
Institute of Business Analytics Ulm University,DE
Department of Accounting Frankfurt School of Finance &amp; Management,DE
"Harvard Business School  Boston Massachusetts USA | Harvard Business School, Boston, Massachusetts, USA",US
Harvard Law School,US
Department of Business Administration University of Zurich,CH
"MIT Department of Economics, 40 Ames Street E17-201B, Cambridge, MA 02142 and NBER and J-PAL (e-mail: )",US
"MIT Department of Economics, 40 Ames Street Building E17, Room 201A, Cambridge, MA 02142, and J-PAL (e-mail: )",US
"Harvard Business School, Morgan 462, 25 Harvard Way, Boston, MA 02163 (e-mail: )",US
"IFS, 7 Ridgmount St, WC1E 7AE, London (email: )",GB
"Research Institute for Compassionate Economics (R.I.C.E.) 472 Old Colchester Rd, Amston, CT 06231 (e-mail: )",US
"BRAC Institute of Governance and Development, Plot 880, Heritage Road, Nsambya, PO Box 31817 (Clock Tower), Kampala, Uganda (email: )",UG
"Harvard Business School, 4229 S. Coors St., Morrison, CO 80465 (e-mail: ) | HARVARD U",US
"UNICEF Office of Research—Innocenti, Piazza S.S. Annunizata 12, 50121 Florence, Italy (e-mail: )",IT
"Duke Global Health Institute, Box 90519, Durham, NC 27708 (e-mail: )",US
"MIT, IZA, and NBER (email: )",US
"Department of Economics, Central European University, Nádor utca 9, 1051 Budapest, Hungary, CEPR, and IZA (email: )",HU
Analysis Group Dallas (email: ),US
"HEC Liège, IPP, WIL (email: )",BE
ICRISAT (email: ),IN
Airbnb Data Science (email: ),US
"MIT Department of Economics, 50 Memorial Drive, Cambridge, MA 02142, IZA and NBER (email: )",US
"348 Palisade Ave, Apt 301, Jersey City, NJ 07307 (email: )",US
"1352 Steinberg Hall-Dietrich Hall, 3620 Locust Walk, Philadelphia, PA 19104 (e-mail: )",US
"Pratham and ASER Centre, Y.B. Chavan Centre, Gen J Bhosale Marg, Nariman Point, Mumbai 400021, India (email: )",IN
"Department of Economics, University of Massachusetts at Amherst, 412 N. Pleasant Street, Amherst, MA 01002 (email: )",US
"Department of Agricultural and Resource Economics, University of California at Berkeley, 207 Giannini Hall, Berkeley, CA 94720 and FERDI ()",US
"Department of Agricultural and Resource Economics, University of California at Berkeley, 207 Giannini Hall, Berkeley, CA 94720 and FERDI (email: )",US
"Chicago Booth, 5807 S. Woodlawn Ave. Chicago, IL 60637, and NBER (email: )",US
"Harvard Graduate School of Education, 456 Gutman Library, 6 Appian Way, Cambridge, MA 02138 (email: )",US
"Banco de Chile, Agustinas 975, Office 301, Santiago, Chile 8320203 (email: )",CL
"MTA KTI, Budapest, Tóth Kálmán u. 4, Hungary H-1097 (email: )",HU
"El Colegio de la Frontera Norte, A.C. Km 18.5 Carretera Escénica Tijuana–Ensenada San Antonio del Mar Tijuana, Baja California, México C.P. 22560 (email: )",US
Kennedy School of Government (email: ) | Harvard U,US
"Cornerstone Research (email: ) | Cornerstone Research, Washington, DC",US
Independent Researcher (email: ),
Uruguayan Ministry of Labor and Social Security (email: ),UY
Federal Housing Finance Agency (email: ),US
"UCLA, Department of Economics and NBER (email: )",US
"Department of Economics, Stanford University, Research Institute for Industrial Economics, NBER, and CEPR (email: )",US
"Stanford Center on China’s Economy and Institutions, Stanford University (email: )",CN
"Wealthfront Inc., 900 Middlefield Road, Redwood City, CA 94063 (e-mail: )",US
"Analysis Group, Inc., 180 North Stetson Avenue, Suite 2300, Chicago, IL 60601 (email: )",US
University of California (email: ),US
"BRAC Uganda, Plot No 90, Busingri Zone, Kampala, Uganda (email: )",UG
"Associate Professor, Washington University School of Law (email: )",US
"Seigle Family Professor of Law, Northwestern University Pritzker School of Law (email: )",US
Centre for Applied Research at NHH (email: ),NO
Harvard Law School (email: ),US
"UCLA and NBER (email: ) | U of California, Los Angeles",US
unaffiliated (email: ),
Norwegian Ministry of Labour and Social Inclusion (email: ),NO
"Sam M. Walton College of Business, University of Arkansas (email: )",US
"International Food Policy Research Institute (IFPRI), Dhaka, Bangladesh (email: )",BD
"IFPRI, Dakar, Senegal (email: )",SN
"IFPRI, Vientiane Capital, Lao PDR (email: )",LA
),
CU Denver,US
Chicago Booth & NBER,US
Synchrony Financial,US
Greatest Good,
Johannes Gutenberg University,DE
"Independent Researcher, Finland",FI
Consejo de la Judicatura Federal,MX
Cornerstone Research,US
IFS and TARC at the time of involvement in this work,GB
UTSC and Rotman School of Management,CA
"MIT, CEP-LSE",US
International Crops Research Institute for the Semi-Arid Tropics,IN
Nankai,CN
NUFE,CN
Harvard Business School | Harvard Business School kschirmann@hbs.edu,US
Tsinghua PBCSF,CN
UVA McIntire School,US
UVA Darden School,US
Turker-Nation,
HEC Lausanne,CH
Consumer Financial Protection Bureau,US
Unaffiliated | Unaffliated,
"IESR, Jinan University",CN
University of Arkansas and Economic Science Institute,US
Harvard Business School and Centre for Economic Performance,US
Northwestern University and Cemmap,US
"Columbia Business School, CESifo, and IZA",US
Amazon Research | Amazon Research bgiera14@gmail.com,US
UCSC | UCSC as-pearot@ucsc.edu,US
Consumer Financial Protection Bureau | Consumer Financial Protection Bureau david.low@cfpb.gov,US
Gallup,US
University of Economics,
"Humboldt University of Berlin | Humboldt University of Berlin ,",DE
"Humboldt-University Berlin, IAB, IZA",DE
Harvard Business School | Harvard Business School fdellacqua@hbs.edu,US
Columbia Business School | Columbia Business School bruce.kogut@columbia.edu,US
Interos,US
UVA Darden and NBER,US
Bank Negara Malaysia,MY
National Bank of Rwanda,RW
School of Economics at the Central University of Finance and Economics,CN
CableLabs,US
MIT Economics,US
MIT and NBER rmerton@mit.edu,US
Independent Researcher fannybrun@protonmail.com,
"School of Economics, Jinan University",CN
Center for Health Economics and Policy Studies drewmcnichols@gmail.com,US
"Department of Economics, Daniels School of Business, Purdue University asoderbe@purdue.edu",US
University of California at San Diego and NBER,US
"UCL, IFS, CEMMAP, FAIR-NHH",GB
"Stanford Center on China's Economy and Institutions, Stanford University | Stanford Center on China's Economy and Institutions, Stanford Institute for Economic Policy Research, Stanford University hongbinli@stanford.edu",CN
Columbia Business School and NBER | Columbia Business School and NBER jag2367@gsb.columbia.edu,US
Open Markets Institute callaci@openmarketsinstitute.org,US
"University of Maryland, Robert H. Smith School of Business",US
Harvard Business School | Harvard Business School jtamayo@hbs.edu,US
University of Maryland and NBER | University of Maryland and NBER galiani@umd.edu,US
Harvard Business School | Harvard Business School jkrieger@hbs.edu,US
Harvard Business School | Harvard Business School kmyers@hbs.edu,US
New Zealand Ministry for Regulation isabelle.sin@regulation.govt.nz,NZ
JKU Linz and CESifo michael.irlacher@jku.at,AT
University of Maryland and NBER ottonell@umd.edu,US
Harvard Law School hshaffer@law.harvard.edu,US
"NYU Stern School of Business and NBER | Department of Economics, NYU Stern School of Business and NBER",US
"NYU Stern School of Business | Department of Economics, NYU Stern School of Business",US
UDELAR | UDELAR adean@iecon.ccee.edu.uy,UY
"Northwestern University | School of Education and Social Policy, Northwestern University",US
Royal Voluntary Service,GB
IADB,US
University of North Carolina and Copenhagen Business School,US
ASPIRE India,IN
Northwestern University and Cemmap | Northwestern University,US
"University of Arkansas, NBER agaduh@walton.uark.edu",US
"BRAC Institute of Governance and Development. SK Center, TB Gate, Mohakhali, Dhaka Bangladesh 1212 kym.cole@bracu.ac.bd",BD
"Economics and Monetary Policy, Central Bank of Iceland",IS
Northwestern University nemanja.antic@kellogg.northwestern.edu,US
UCLA and NBER fgoncalves@ucla.edu,US
UCLA Luskin School of Public Affairs and NBER weisburst@ucla.edu,US
UCSB and NBER,US
MIT and IZA,US
NYU Stern School of Business,US
Queen Mary University,GB
"Stanford Center on China's Economy and Institutions, Stanford University",CN
FDIC,US
"Leeds School of Business, University of Colorado, USA",US
"Harvard Business School, Boston, Massachusetts, United States",US
"UTD Jindal School of Management, United States",US
"Krannert School of Management, Purdue University, United States",US
"MIT Sloan School of Management, 100 Main Street, E62-683. Cambridge, MA 02142, USA",US
"Roy Bernard Kester and T.W. Byrnes Professor of Accounting and Auditing, Columbia Business School, USA",US
"Harvard Business School, USA",US
"NBER, United States | University of North Carolina, United States",US
"Assistant Professor of Accounting, Kelley School of Business, Department of Accounting, 1309 E. Tenth Street, HH 5159 Bloomington, IN 47405",US
"Krannert School of Management, Purdue University, USA",US
"Rotman School of Management, University of Toronto, Toronto, ON, M5S 3E6, USA",US
"Public Company Accounting Oversight Board, USA",US
"MIT Sloan School of Management, USA",US
"University of North Carolina, USA | University of North Carolina",US
"University of North Carolina, USA",US
"Columbia Business School, 604 Uris Hall, 3022 Broadway, New York, NY 10027, USA | Columbia Business School",US
"University of Colorado, Leeds School of Business, 995 Regent Drive, Boulder, CO, 80309, United States",US
"School of Banking and Finance, UNSW Business School, Australia",AU
"Lingnan University, Hong Kong",HK
"Technological University Dublin and Stockholm School of Economics (SITE), Italy",IT
"European Economics and Financial Centre, Senate House, Malet Street, London, WC1E 7HU, UK",GB
"University of Texas at Dallas, USA",US
School of Accounting and Finance,
"Mitchell E. Daniels, Jr School of Business, Purdue University",US
"Harvard Business School, Boston, Massachusetts 02163",US
"Boston University, Boston, Massachusetts 02215",US
"Harvard Business School, Boston, Massachusetts 02163 | Harvard Business School, Boston, Massachusetts 02163 ;",US
"Consumer Financial Protection Bureau, Washington, DC 20552",US
"Marketing Unit, Harvard Business School, Boston, Massachusetts 02163",US
"AOL Research, Palo Alto, California 94306",US
"Instacart, San Francisco, California 94105;",US
PerfectRec.com,US
"Harvard Business School, Boston, Massachusetts 02163;",US
"University of California, Rady School of Management, La Jolla, California 92093",US
"Arena AI, New York, New York 10010;",US
"Cherre, Inc, New York, New York 10018;",US
"MIT Sloan School of Management, Cambridge, Massachusetts 02142",US
"TikTok, Culver City, California 90230",US
"Director of Database Marketing, IHG, Atlanta, Georgia 30346",US
"HomeAway, Inc., Austin, Texas 78703",US
"Cheung Kong Graduate School of Business, New York, New York 10022",US
"Cornerstone Research, Chicago, Illinois 60602",US
"Eisengard AI, San Francisco, California 94108",US
"I2B Technologies, Santiago 7500010, Chile;",CL
"Equifax Inc, St. Louis, Missouri 63146;",US
"Foster School of Business, Unviersity of Washington, Seattle, Washington 98195;",US
"Strategic Management Department, Shenwan Hongyuan (International), Wan Chai, Hong Kong, China",HK
"vdo.ai, Vancouver, British Columbia V5Y 0E3, Canada",CA
"Independent Researcher, Riverside, California 92507",US
"Stanford Graduate School of Business, Stanford, California 94304;",US
"Marketing, Harvard Business School, Boston, Massachusetts 02163;",US
"Independent Researcher, Beijing 100163, China",CN
"Forethought Research, New York, New York 10017",US
"Forethought Research, Melbourne, VIC 3000, Australia",AU
"Data Science, Mindstrong, Mountain View, California 94041;",US
"HEAG Südhessische Energie AG (HSE), 64289 Darmstadt, Germany",DE
"NUS Global Asia Institute, Singapore 117602, Singapore",SG
"NUS Global Asia Institute, Singapore 117602, Singapore; and NUS Business School, Singapore 117602, Singapore",SG
"INDEED, Austin, Texas 78750 | Indeed",US
"Catalyst Management Service, Bengaluru, Karnataka 560094, India",IN
"Swasti Health, Pragati Programme, Bengaluru, Karnataka 560094, India",IN
"Independent Researcher, Somerville, Massachusetts 02143",US
"UW Foster School of Business, Seattle, Washiington 98105;",US
"Marketing Division, Columbia Business School, New York, New York 10027;",US
"Harvard Business School, Boston, Massachusetts 02138",US
"Télécom Paris, Center for Research in Economics and Statistics, Institut Polytechnique de Paris, 91120 Palaiseau, France",FR
"Wichita NCI Community Oncology Research Program (NCORP), Wichita, KS, USA",US
"University Cancer Center Leipzig (UCCL), University Medical Center Leipzig, Leipzig, Germany",DE
"Escola de Ciències de la Salut, Universitat de Vic, Barcelona, Spain",ES
"VGSU Essen, Association for Health Related Fitness and Sports Therapy at University Duisburg-Essen, Henri-Dunant-Str. 65, 45131, Essen, Germany",DE
"Center for Comprehensive Gynecology Clinic, Mannheim, Germany",DE
"Tom Baker Cancer Centre, Calgary, AB, Canada",CA
"Urology Associates, Christchurch, New Zealand",NZ
"Center of Excellence for Health Services Research in Primary Care, Durham Veterans Affairs Medical Center, 508 Fulton Street, Durham, NC, 27705, USA",US
"Health Economics and Outcomes Research, Novartis Oncology, 1 Health Plaza, East Hanover, NJ, 07936, USA",US
"Nutrition Unit, University Hospital, 87042, Limoges, France",FR
"The Blessed Father Jerzy Popiełuszko Hospice in Bydgoszcz, Ks. Prałata Biniaka 3, 85-862, Bydgoszcz, Poland",PL
"Department of Nutrition, Guangzhou Red Cross Hospital, Guangzhou, 510220, Guangdong, China",CN
"Breast Cancer Research Program, Mary Babb Randolph Cancer Center, Morgantown, WV, USA",US
"The Social Research Centre, Melbourne, Victoria, Australia",AU
"Department for Diagnostic and Interventional Radiology, University Hospital Centre Sestre Milosrdnice, Vinogradska 29, Zagreb, 10 000, Croatia",HR
"Department of Medical Laboratory Diagnostics, University Hospital ""Sveti Duh"", Sveti Duh 64, Zagreb, 10 000, Croatia",HR
"Department of Nutrition Sciences, UAB, 1675 University Blvd, Birmingham, AL, 35233, USA",US
"UAB Comprehensive Cancer Center, 1824 6th Avenue South, Birmingham, AL, 35233, USA",US
"Department of Preventive Medicine, UAB, 1720 2nd Avenue South, Birmingham, AL, 35294, USA",US
"Department of Medicine, Division of Geriatrics, Gerontology, and Palliative Care, UAB Center for Palliative and Supportive Care, 1720 2nd Avenue South, Birmingham, AL, 35294, USA",US
"Department of Health Sciences, VU University Amsterdam, Amsterdam, The Netherlands",NL
"Centre for Gynecological Cancer Amsterdam, Amsterdam, The Netherlands",NL
"Thoracic Oncology Research Group, Yokohama, Japan",JP
"British Columbia Cancer-Vancouver Centre, Vancouver, Canada",CA
"Al-Maha Cancer Foundation, Bethlehem, Palestine",PS
"Compounding Solutions, Tel-Mond, Israel",IL
"Colorado Cancer Research NCORP, Denver, CO, USA",US
"British Columbia Cancer - Vancouver Centre, Vancouver, Canada",CA
"Al-Maha Cancer foundation, Bethlehem, Palestine",PS
"Department of Worldwide Health Outcomes, Novartis Pharmaceuticals Corporation, East Hanover, NJ, USA",US
"Dorothy Hodges Olson Endowed, Omaha, NE, USA",US
"St Columba's Hospice, 15 Boswall Road, Edinburgh, EH5 3RW, UK",GB
"Humana Healthcare Research, Portland, OR, USA",US
"University of Texas Health/East Texas Cancer Institute, Athens, TX, USA",US
"Internal Medicine and Medical Oncology Department, Ospedale Civile di Vigevano, Pavia, Vigevano, Italy",IT
"Department of Hematology and Oncology, West-Palatinate Clinical Centre, Kaiserslautern, Germany",DE
"Rittenberg Oncology Consulting, Metairie, LA, USA",US
"North Shore-LIJ Cancer Institute, New Hyde Park, NY, USA",US
"School of Biological Sciences, Dublin Institute of Technology, Dublin, Ireland",IE
"Primary Endpoint Solutions, Waltham, MA, USA",US
"Clinical Psychology, VU University, Amsterdam, The Netherlands",NL
"Clinical Science Department, Cogstate Ltd., Melbourne, Australia",AU
"Professional Data Analysts, Minneapolis, MN, USA",US
"LeafLine Labs, St. Paul, MN, USA",US
"Department of Musculoskeletal Oncology and Rehabilitation, National Cancer Center Hospital, Tokyo, Japan",JP
"Northern Ireland Cancer Registry, Queen's College Belfast, Belfast, Northern Ireland",GB
"Academy of Cognitive Behavioral Sciences of Calabria (ASCoC), Lamezia Terme, Italy",IT
"Lahey Health Cancer Institute, Burlington, USA",US
"Mehdorn Consilium, Prüner Gang 7, 24103, Kiel, Germany",DE
", London, UK | London, UK",GB
"Talent Anxiety Service, Center of Hunan Provincial Health Commission, Changsha, China",CN
"Knights Cabin, Knights Cabin Cancer Retreats, 1612-17th Avenue SW, Calgary, T2T 0E3, Canada",CA
"Digestive Oncology, Institut Des Maladies De L'Appareil Digestif, Nantes University Hospital, Nantes, France",FR
", Milan, Italy | Milan, Italy",IT
"World Health Organization, Birmingham, Alabama, USA",US
"Department of Oncology, Princess Margaret Hospital, Kowloon, Hong Kong",HK
"Laboratoires Boiron, Messimy, France",FR
"Birmingham Women's and Children's Hospital, Birmingham, UK",GB
", Toronto, Canada | Toronto, Canada",CA
"Post-Acute Care Services and Palliative Care Program, Hospital Placi, Niterói, Rio de Janeiro, Brazil",BR
"Tangdu Hospital Affiliated to Air Force Military Medical University, Shaanxi, China",CN
"Department of Oncology and Hematology, Yanshi City People's Hospital, 2#, Shangdu Dong Road, Luoyang, Henan, 471900, People's Republic of China",CN
"Department of Medical Physics, BC Cancer, Surrey, BC, Canada",CA
"Department of Breast Surgery, Hakuaikai Sagara Hospital, Kagoshima, Japan",JP
"MNR Analytics, Portland, OR, USA",US
"Servicio de Oncología Médica, Hospital de Navarra, Calle Irunlarrea, 3, 31008, Pamplona, Spain | Servicio de Oncología Médica, Hospital de Navarra, Pamplona, Spain",ES
"Urologic Medical Research, Kitchener, ON, Canada",CA
"Center for the Integral Assistance of Oncology Patients, San Miguel de Tucumán, Argentina",AR
"AIM Specialty Health, Medical Oncology, Chicago, IL, USA",US
"MAPI Consultancy, London, UK",GB
"Village of Healing and Wellness, St Catharines, ON, Canada",CA
"Sandoz Biopharmaceuticals, Holzkirchen, Germany",DE
"Department of Anesthesiology, Head of Palliative Care Team, Horn Hospital, Horn, Austria",AT
"Grupo Hospitalario Quirón, Sevilla, Spain",ES
"Department of Psychooncology, Clinic of Cancer Rehabilitation UKF Reha gGmbH, University Clinic Centre Freiburg, Freiburg, Germany",DE
"Institute of Social Medicine, Occupational Health and Public Health (ISAP), University Medical Center Leipzig, Leipzig, Germany",DE
"Leipzig Breast Cancer Center, University Medical Center Leipzig, Leipzig, Germany",DE
"Canceraction, 145 King Street West, Suite # 900, Toronto, ON, M5H 1J8, Canada",CA
"St. Mary's Research Centre, Hayes Pavilion, 3830 Lacombe Avenue, suite 4758, Montreal, Quebec, H3T 1M5, Canada",CA
"Tom Baker Cancer Center and Cumming School of Medicine, Division of Psychosocial Oncology, 1331 29 St NW, Calgary, AB, T2N 4N2, Canada",CA
"Centre of Gynecological Endocrinology and Reproductive Medicine Freiburg (CERF), Freiburg, Germany",DE
"Foeldiklinik, Hinterzarten, Germany",DE
"Facharztpraxis am Rehabilitations- und Präventionszentrum, Bad Bocklet, Germany",DE
"Alcura, Selborne House, Mill Lane, Alton, Hampshire, GU34 2QJ, UK",GB
"Azienda Ospedaliera San Gerado, Via Pergolesi, 33, 20900, Monza, Italy",IT
"Humanitas Centro Catanese di Oncologia, Catania, Italy",IT
"Meijer Pharmacy, 3145 Ann Arbor-Saline Rd, Ann Arbor, MI, 48103, USA",US
"Oncological Department, Azienda USL1 di Massa Carrara, Carrara, Italy",IT
"Flinders Centre for Innovation in Cancer, Flinders Drive, Bedford Park, South Australia, Australia",AU
"Italian Federation of Volunteer-based Cancer Organizations, Rome, Italy",IT
"Clinical Nutrition Unit, National Cancer Institute, Milan, Italy",IT
"Medical Oncology IRCCS-Arcispedale S. Maria Nuova, Reggio Emilia, Italy",IT
"Zhenjiang Hospital of Traditional Chinese Medicine, Zhenjiang, China",CN
"Palliative Care, Pain Therapy and Rehabilitation, National Cancer Institute, Milan, Italy",IT
"Hôpital de la Cité-de-la-Santé (CSSS de Laval), 1755 René Laennec Boulevard, Laval, Quebec, H7M 3L9, Canada",CA
"Istituto Oncologico del Mediterraneo, Via Penninazzo, 7 - 95029, Viagrande, (Catania), Italy",IT
"Cantabria Health Service, Cantabria, Spain",ES
"Bladder Cancer Canada, Toronto, Canada",CA
"Pacific Cancer Research Consortium NCORP, Bethesda, MD, USA",US
"Millenium Health, San Diego, CA, USA",US
"Flinders Centre for Innovation in Cancer, Bedford Park, South Australia, Australia",AU
"SimulStat Incorporated, 4370 La Jolla Village Dr, San Diego, CA, 92122, USA",US
"TechData Service Company, LLC, 700 American Avenue, King of Prussia, PA, 19406, USA",US
"Oncomed SRL, Timisoara, Romania",RO
"St Luke's Radiation Oncology Network, Dublin, Ireland",IE
", Copenhagen, Denmark | Institute for Volunteering Research, NCVO, Society Building, 8 All Saints Street, London, N1 9RL, UK",DK
"FACITtrans, LLC, 381 S. Cottage Hill Ave, Elmhurst, IL, 60126, USA",US
"Department of Integrative Biology Alumnus, University of California, 3040 Valley Life Sciences Building #3140, Berkeley, CA, 94720-3140, USA",US
"Department of Surgery, Breast-Thyroid Center, Ulsan City Hospital, 1007, Saneop-ro, Buk-gu, Ulsan, 44238, South Korea",KR
"Department of Epidemiology, ACMS, 55, rue Rouget-de-Lisle, 92150, Suresnes, France",FR
"Department of Lymphology, Hôpital Cognacq-Jay, 15, rue Eugène-Millon, 75015, Paris, France",FR
"Department of Epidemiology, ACMS, 55, rue Rouget-de-Lisle, 92150, Suresnes, France | Department of Lymphology, Hôpital Cognacq-Jay, 15, rue Eugène-Millon, 75015, Paris, France",FR
"New York State Center of Excellence in Bioinformatics & Life Sciences, University at Buffalo Center for Computational Research, Buffalo, NY, USA",US
"ICTA, Fontaine-les-Dijon, France",FR
"Vifor Pharma, Neuilly-sur-Seine Cedex, France",FR
"IQVIA, Diane Bldg., Office 314, Herikerbergweg 181, 1101 CN, Amsterdam-Zuidoost, The Netherlands",NL
"Scotch Mountain Associates, LLC, 13248 Fieldstone Way, Gainesvillle, VA, 20155, USA",US
"The Partnership Project, Greensboro, NC, USA",US
"Cancer Council NSW, Sydney, NSW, Australia",AU
"Centre on Behavioral Health, 2/F, The Hong Kong Jockey Building for Interdisciplinary Research, 5 Sassoon Road, Pokfulam, Hong Kong",HK
"Department of Urology, Herlev and Gentofte University Hospital, Herlev Ringvej 75, DK-2730, Herlev, Denmark",DK
"The Partnership Project, 620 S. Elm St, Suite 381, Greensboro, NC, 27406, USA",US
"Galderma K.K., Shinjuku Grand Tower 34F, 8-17-1 Nishi-Shinjuku, Shinjuku-ku, Tokyo, 160-6134, Japan",JP
"Sakai Dental Clinic, 6-7 Hayato-cho, Showa-ku, Nagoya, 466-0833, Japan",JP
"James R. Berenson, MD, Inc., West Hollywood, CA, USA",US
"McGovern Medical School, University of Texas, 1885 El Paseo St, # 35303, Houston, TX, 77054, USA",US
"Hematological-Oncological Practice HOPA, Hamburg, Germany",DE
"Tom Baker Cancer Center, Calgary, Alberta, Canada",CA
"Neuro-Oncology Unit, ""Regina Elena"" National Cancer Institute, Via Chianesi, 53, 00144, Rome, Italy",IT
"Psychooncology Unit, ""Regina Elena"" National Cancer Institute, Rome, Italy",IT
"Departamento de Infectología, INCan, Av. San Fernando No. 22, Col. Sección XVI, Del. Tlalpan, 14000, Mexico City, Mexico",MX
"Direction du Système d'Information, Gustave Roussy, 114 Rue Edouard Vaillant, Villejuif, 94805, France",FR
"Border Medical Oncology, Wodonga, Australia",AU
"Blood and Marrow Transplant Network, New South Wales Agency for Clinical Innovation, Sydney, NSW, Australia",AU
"Service Pharmacie, Centre Hospitalier de Lunéville, 6 Rue Jean Girardet, Lunéville, France",FR
"Direction de l'Amélioration de la Qualité et de la Sécurité des Soins, Service Evaluation et Outils pour la Qualité et la Sécurité des Soins, Haute Autorité de Santé, 5 avenue du Stade de France, Saint-Denis la Plaine, France",FR
"WiSP Wissenschaftlicher Service Pharma GmbH, Karl-Benz-Strasse 1, 40764, Langenfeld, Germany",DE
"Cancer Care Center, Amsterdam, the Netherlands | The Berekuyl Academy, Hierden, the Netherlands",NL
"The Berekuyl Academy, Hierden, the Netherlands",NL
"Center for Palliative Care Hildegard, Basel, Switzerland",CH
"Mastology Service, Carmela Dutra Maternity, Santa Catarina State Department of Health, Florianópolis, Brazil",BR
"MASCC, Toronto, Canada",CA
"Cancer Care Program, Central and South America, World Health Organization, Brimingham, AL, USA",US
"Department of Internal Medicine, Division of Medical Oncology, Gaziantep Oncology Hospital, University of Gaziantep, TR-27310, Gaziantep, Turkey",TR
"""San Marco"" Hospice and Palliative Care, Latina, Italy",IT
"""Casa Margherita"" Hospice, ASL 01 Avezzano-Sulmona-L'Aquila, L'Aquila, Italy",IT
"Department of Breast and Medical Oncology, National Cancer Center Hospital, 5-1-1, Tsukiji, Chuo-ku, Tokyo, 104-0045, Japan",JP
"Knowledge Institute of the Dutch Association of Medical Specialists, Mercatorlaan 1200, Utrecht, The Netherlands",NL
"Medidata Solutions K.K, JP Tower 29F 2-7-2, Marunouchi, Chiyoda-ku, Tokyo, 100-7029, Japan | Medidata Solutions K.K, Tokyo, Japan",JP
"Associação de Investigação de Cuidados de Suporte em Oncologia (AICSO) and Centro Hospitalar Vila Nova de Gaia, Espinho, Portugal",PT
"Amgen (Europe) GmbH, Vienna, Austria",AT
"Baylor College of Medicine Children's Foundation Malawi, Lilongwe, Malawi",MW
"Penny Brohn Cancer Care, Bristol, UK",GB
"Department of Microbiology, School of Biology Sciences, Islamic Azad University, Tehran, Iran",IR
"THOR Photomedicine Ltd, Chesham, UK",GB
"British Columbia Cancer, Vancouver, BC, Canada",CA
"Main Regional Center for Pain Relief and Palliative/Supportive Care, Via san Lorenzo 312, 90145, Palermo, Italy",IT
"Hospice Medical Corporation, Junkei-kai Sotoasahikawa Hospital, 42, Aza-Sangoden, Sotoasahikawa, Akita, 010-0802, Japan",JP
"Miyazaki Medical Association Hospital, 738-1 Funato Shinbeppu-cho, Miyazaki, 880-0834, Japan",JP
", Munich, Germany | Munich, Germany",DE
"THOR Photomedicine Ltd, Chesham, Buckinghamshire, UK",GB
", Rio de Janeiro, Brazil | Rio de Janeiro, Brazil",BR
"HEVA, Health Evaluation, Lyon, France",FR
"Service d'Oncologie et Radiothérapie, Centre Hospitalier, Brive-la-Gaillarde, France",FR
"HAD Relai Santé Oncorese, Brive-la-Gaillarde, France",FR
"Pharmacie Centrale, Centre Hospitalier, Brive-la-Gaillarde, France",FR
"Walcha Multipurpose Service, 11S Middle Street, Walcha, New South Wales, Australia",AU
"Mind, Body, Spirit Institute, The Jung Center, Houston, TX, USA",US
"Department of Rehabilitation, Nozomi Orthopaedic Clinic Saijo, Hiroshima, Japan",JP
"Department of Rehabilitation, Tanabe Orthopaedics, Osaka, Japan",JP
"Pediatric Oncologic Hospital ""Octavio Lobo"", 1394 Quatorze de Abril side street, Belém, Pará, 66063-005, Brazil | Pediatric Oncologic Hospital “Octavio Lobo”, Belém, Brazil",BR
"Department of Medical Psychology and Medical Sociology, Division of Psychosocial Oncology, University Medical Center Leipzig, Philipp-Rosenthal-Str. 55, 04103, Leipzig, Germany",DE
"Rehabilitation Service, ""Serafino Rinaldi"" Territorial Assistance Hospital of Pescina, ASL 01 Avezzano-Sulmona, L'Aquila, Pescina, Italy",IT
"School of Nursing and Midwifery, Queen’s University Belfast, Medical Biology Centre, 97 Lisburn Road, Belfast, BT9 7BL, Northern Ireland | School of Nursing and Midwifery, Queen's University Belfast, Medical Biology Centre, 97 Lisburn Road, Belfast, BT9 7BL, Northern Ireland",GB
"Macmillan Cancer Support, Belfast, Northern Ireland",GB
"School of Nursing and Midwifery, Queen's University Belfast, Medical Biology Centre, 97 Lisburn Road, Belfast, BT9 7BL, Northern Ireland",GB
"GenesisCare, Fraser Coast, Australia",AU
"Department of Nursing, Ottawa General Hospital, Ottawa, Canada",CA
"Division of Medical Oncology, Cancer Centre of Southeastern Ontario, Kingston, Canada",CA
"Department of Thoracic Surgery, Katholisches Klinikum Mainz, Mainz, Germany",DE
"Department of Pneumology, Katholisches Klinikum Mainz, Mainz, Germany",DE
"Rowan Research and Evaluation, Ottawa, Ontario, Canada",CA
"Algonquins of Pikwakanagan Health Services and Family Health Team, Pikwakanagan, Ontario, Canada",CA
"AIM Specialty Health, Chicago, IL, USA",US
"Hospital Direction, Local Health Unit n° 8, Asolo, Italy",IT
"Palliative Care Unit Local Health Unit n° 3, Bassano del Grappa and Veneto Oncology Institute, Padua, Italy",IT
"Palliative Care Unit, Local Health Unit n° 4, Thiene, Italy",IT
"GP, Local Health Unit n° 7, Conegliano, Italy",IT
"Palliative Care Unit, Local Health Unit n° 7, Pieve di Soligo, Italy",IT
"Centre Hospitalier de Dunkerque - Service Oncologie, 130, avenue Louis Herbeaux, 59385, Dunkerque cedex, France",FR
"Department of Medical Oncology, Integrated Center of Oncology Paul Papin, Angers, France",FR
"Service des Maladies Professionnelles et Environnementales, CHU Toulouse, F-31000, Toulouse, France",FR
"Département de la Recherche et de l'Innovation, CHU Toulouse, F-31000, Toulouse, France",FR
"DOCS Global, Waltham, MA, USA",US
"Department of Medicine, Division of General Internal Medicine & Health Services Research, UCLA School of Medicine, Los Angeles, CA, USA",US
"PASYKAF, the Cyprus Association of Cancer Patients and Friends, Nicosia, Cyprus",CY
"The PALEMA Cancer Society, Lidingö, Sweden",SE
"Vivere Senza Stomaco Si Puó, Ferrara, Italy",IT
"Department of Child and Adolescent Psychiatry, Psychosomatics and Psychotherapy, University Medical Center Münster, Münster, Germany",DE
"IMDI Science Center, International Medical Diplomacy Institute, Vodovodska 27a, Belgrade, 11000, Serbia",RS
"Department of Women's Health, University Hospital Tuebingen, Calwerstr. 7, 72076, Tübingen, Germany",DE
"CEMES-EMG Lab, Data Medica Group, Padua, Italy",IT
"Department of Otolaryngology, University Medical Center Leipzig, Liebigstraße 10-14, 04103, Leipzig, Germany",DE
"Department of Neurosurgery, University Medical Center Leipzig, Liebigstraße 20, 04103, Leipzig, Germany",DE
"Department of Pneumology, University Medical Center Leipzig, Liebigstraße 20, 04103, Leipzig, Germany",DE
"WOMEN Centre, West Leederville, Western Australia, Australia",AU
"Van Praag Institute, Springweg 7, 3511 VH, Utrecht, The Netherlands",NL
"Tom Baker Cancer Centre, Calgary, Alberta, Canada",CA
"CrossCancer Institute, 11560 University Ave, Edmonton, Alberta, T6G 1Z2, Canada | Tom Baker Cancer Centre, Calgary, Alberta, Canada",CA
"Vilua Healthcare GmbH, Munich, Germany",DE
"Breakthrough Cancer Research, Glenlee, Western Rd., Cork, Ireland",IE
"Department of Acute Medicine and Critical Care, The Christie, Wilmslow Road, Manchester, UK",GB
"Department of Supportive Care, The Christie, Wilmslow Road, Manchester, UK",GB
"German Sarcoma Foundation, Woelfersheim, Germany",DE
"Young Adult Cancer Canada, St. John's, Newfoundland and Labrador, Canada",CA
"Italian League Against Tumors (LILT), Cancer Rehabilitation Center (Ce.Ri.On.), Florence, Italy",IT
"Division of Medical Sociology, University of Halle, Halle, Germany",DE
"Division of Neurosurgery, University Medical Center Leipzig, Leipzig, Germany",DE
"Division of Otolaryngology, University Medical Center Leipzig, Leipzig, Germany",DE
"Division of Urology, University Medical Center Leipzig, Leipzig, Germany",DE
"Division of Medical Psychology and Medical Sociology, University Medical Center Leipzig, Leipzig, Germany",DE
"Beijing EDEN Hospital, Beijing, 100000, China",CN
"Oncology Department, Ordos Central Hospital, Ordos, Inner Mongolia Autonomous Region, 017000, China",CN
"Cancer United™ (charity No. 1155747), Millfield House, Station Road, Angmering, West Sussex, BN16 4HY, UK",GB
"HIMformatics, LLC, Atlanta, GA, USA",US
"Division of Hematology Oncology, University of Texas at Houston, Houston, TX, USA",US
"Manchester centre for Clinical Neurosciences, Northern Care Alliance, Manchester, UK",GB
"WiSP Wissenschaftlicher Service Pharma GmbH, Karl-Benz-Strasse 1, D-40764, Langenfeld, Germany | WiSP Wissenschaftlicher Service Pharma GmbH",DE
"Oncology Department, A. Businco Hospital, Cagliari, Italy",IT
"Psychology Department, British Columbia Women and Children's Hospital, Vancouver, Canada",CA
"Department of Nursing, Wuchuan People's Hospital, Wuchuan, Guangdong, 524500, People's Republic of China",CN
"Ingeborg Douwes Centrum, Center for Psycho-Oncology, Amsterdam, The Netherlands",NL
"Department of Medical Psychology, CWZ Nijmegen, Nijmegen, The Netherlands",NL
"Department of Diagnostic Radiology, National Cancer Center Hospital, 5-1-1, Tsukiji, Chuo-ku, Tokyo, 1040045, Japan",JP
"Cogstate Limited, Melbourne, Victoria, Australia",AU
"MC Mutual, Barcelona, Catalonia, Spain",ES
"Associació Catalana de Dones Afectades de Càncer de Mama (Grup Agata), Barcelona, Catalonia, Spain",ES
"Department of Radiooncology, Palliative Care Unit, University Hospital of Tübingen, Tuebingen, Germany",DE
"Missouri School of Dentistry and Oral Health, Kirksville, MO, USA",US
"Federazione italiana delle Associazioni di Volontariato in Oncologia (FAVO), Rome, Italy",IT
"Azienda Ospedaliera Specialistica dei Colli, Naples, Italy",IT
"Center for Excellence in Community Mental Health, Department of Psychiatry, University of North Carolina School of Medicine, 3010 Falstaff Rd, Raleigh, NC, 27610, USA",US
"Middle East Cancer Consortium, Haifa, Israel",IL
"Department of Medical Oncology, Wilhelmina Ziekenhuis Assen, Europaweg-Zuid 1, RK, 9401, Assen, The Netherlands",NL
"CLIC Sargent, No.1 Farriers Yard, L77-85 Fulham Palace Road, London, W6 8JA, UK",GB
"Department of Physical Medicine and Rehabilitation, Bethesda Hospital, Suwon, South Korea",KR
"My Gut Feeling, Stomach Cancer Foundation of Canada, Toronto, Canada",CA
"Geriatrics department, Centre Hospitalier Layné-Mont de Marsan, 40000, Mont-de-Marsan, France",FR
"Health Observatory Valais, Valais Cancer Registry, Sion, Switzerland",CH
"Basel Cancer Registry, Cantonal Department of Health, Basel, Switzerland",CH
"Orofacial Pain and Oral Medicine, Herman Ostrow School of Dentistry of USC, Los Angeles, CA, USA",US
"Department of Diagnostic Sciences, Herman Ostrow School of Dentistry of USC, CA, Los Angeles, USA",US
"Programa de Pós-Graduação em Ecologia de Ecossistemas (PPGEE, UVV), Instituto Capixaba de Ciência e Administração (ICCA), Vila Velha, ES, Brazil",BR
"Redwood Outcomes, Vancouver, Canada",CA
"Department of Oncology, Beacon International Specialist Centre, Petaling Jaya, Selangor, Malaysia",MY
"Hong Kong Pacific Cancer Centre, Hong Kong, Hong Kong",HK
"Research Partnership, Singapore, Singapore",SG
"Mundipharma Pte Ltd, Singapore, Singapore",SG
"West German Cancer Center, Department of Medical Oncology, University Hospital Essen, 45122, Essen, Germany",DE
"Laboratory, Laboratoire Cerballiance, Nice, France",FR
"Duke Global Health Institute, Durham, UK",GB
"Post-Graduate Program in Oncology, Rodolfo Teófilo College/Ceará Cancer Institute, Fortaleza, Brazil",BR
"MMF GmbH, Lindberghweg 132, D-48155, Münster, Germany | MMF GmbH, Münster, Germany",DE
"Q3 Performance, Company for Professional Physician Development, Den Bosch, The Netherlands",NL
"Toronto Central Regional Cancer Program, Toronto, Ontario, Canada",CA
"TTi Health Research and Economics, Westminster, MD, USA",US
"CANKADO Service GmbH, Cologne, Germany",DE
"Duke Cancer Patient Support Program, Durham, NC, USA",US
"Palliative Care Unit Oncology Chair Medical University, Lodz, Poland",PL
"Alpha Crucis Group, P.O. Box 4103, Langwarrin, Victoria, 3910, Australia",AU
"Icon Cancer Centre Richmond, Richmond, Victoria, Australia",AU
"Unaffilated, Wound, Ostomy, and Continence Nurse, Tucson, AZ, USA | Unaffilated, Wound, Ostomy, and Continence Nurse, Tucson, USA",US
"Centre d'Hémato-Cancérologie Praz-Coutant, Passy, France",FR
"Centre Paul Strauss, Strasbourg, France",FR
"Sandoz Biopharmaceuticals, 49, Avenue Georges Pompidou, 92593, Levallois-Perret, Cedex, France",FR
"Centre Hospitalier, Carcassonne, France",FR
"ReVital Cancer Rehabilitation, Select Medical, Mechanicsburg, PA, USA",US
"Department of Medical Psychology and Medical Sociology, University Medical Center Leipzig, Philipp-Rosenthal-Str. 55, 04103, Leipzig, Germany",DE
"Make2ndsCount, Edinburgh, UK",GB
"Cross Cancer Institute, 11560 University Avenue, Edmonton, AB, T6G 1Z2, Canada",CA
"Consumer Representative, Brisbane, Australia",AU
"Fondazione Muto Onlus, Casavatore, Naples, Italy",IT
"Centro Aktis Diagnostica e Terapia, Marano, Naples, Italy",IT
"Casa di cura Macchiarella, U.O. Radioterapia Oncologica, Palermo, Italy",IT
"Radiation Oncology Unit, REM Radioterapia, Viagrande, Italy",IT
"Radiation Oncology Unit, Azienda Ospedaliero-Universitaria Policlinico, Bari, Italy",IT
"U.O. Radioterapia, Ospedale Fatebenefratelli S. Giovanni Calibita, Isola Tiberina, 00186, Rome, Italy",IT
"Centro Radiologico Vega, Caserta, Italy",IT
"Radioterapia Emicenter, Naples, Italy",IT
"U.O. di Oncologia ed Ematologia, Casa di Cura Villa Salus, Messina, Italy",IT
"Fondazione IOM, Viagrande, Catania, Italy",IT
"Clinique Saint-Luc Bouge, Namur, Belgium",BE
"Penny Brohn UK, Pill, Bristol, UK",GB
"British Medical Acupuncture Society, London Office, London, UK",GB
"Imaging, Royal National Orthopaedic NHS Trust, Stanmore, Middlesex, UK",GB
"British Society for Integrative Oncology, London, UK",GB
"The Christie NHS Trust GB, Manchester, UK",GB
"BC Cancer - Vancouver Centre, 600 W 10th Ave, Vancouver, BC, V5K 4E6, Canada | Univeristy of British Columbia, Vancouver, BC, Canada",CA
"BC Cancer - Vancouver Centre, 600 W 10th Ave, Vancouver, BC, V5K 4E6, Canada",CA
"Aparito, Ltd, Wrexham, UK",GB
"South County Hematology Oncology, Chula Vista, CA, USA",US
"M. Elia Nature-Based Healthcare Solutions, Mahopac, NY, USA",US
"Evidence Foundation, Cleveland Heights, OH, USA",US
"Guangzhou Special Service Recuperation, Center PLA Rocket Force, Guangzhou, China",CN
"Japanese Organization for Research and Treatment of Cancer (JORTC), JORTC Data Center, Tokyo, Japan",JP
"Montpellier Cancer Research Institute, Montpellier, Languedoc-Roussillon, France",FR
"Global Focus On Cancer, South Salem, NY, USA",US
"World Health Organization, Birmingham, AL, USA",US
"Department of Psycho-oncology, National Cancer Center Hospital, 5-1-1 Tsukiji, Chuo-ku, Tokyo, Japan",JP
"Center for Cancer Control and Information Services, National Cancer Center, 5-1-1 Tsukiji, Chuo-ku, Tokyo, Japan",JP
"MV-Zentrum für Hämatologie und Onkologie, Cologne, Germany",DE
"St. Elisabeth-Hospital Cologne-Hohenlind, Cologne, Germany",DE
"Ivy Rehab Network, White Plains, NY, USA",US
"Department of Public Health and Performance, Hôpitaux Champagne Sud, Troyes, France",FR
"Department of Palliative Care, Hôpitaux Champagne Sud, Troyes, France",FR
"Regional University of the Northwest of the State of Rio Grande do Sul, Ijuí, Rio Grande do Sul, Brazil",BR
"Dutch Federation of Cancer Patients Organisations (NFK), Utrecht, The Netherlands",NL
"MelanomeFrance, Teilhet, France",FR
"Genesis Care Victoria, Ringwood Private Hospital, Ringwood East, Victoria, Australia",AU
"Universidade Evangélica de Goiás, Dentistry School, Av. Universitária, s/n-Cidade Universitária, Goiás, Anápolis, CEP 75083-515, Brazil",BR
"Department of Psycho-Oncology, LUMC Oncology Center, Leiden, the Netherlands",NL
"Pulmonary and Critical Care Medicine, Qingdao Shi Zhongxin Yiyuan, Qingdao, 266042, Shandong, China",CN
"The Fifth Hospital of Tangshan City, Tangshan, Hebei, 063000, China",CN
"Department of Oncology, Tangshan Hospital of Traditional Chinese Medicine, Tangshan, Hebei, 063000, China",CN
"Oncology Daycare Center, Dijklander Hospital, Hoorn, the Netherlands",NL
"Medical Library, VU University Amsterdam, Amsterdam, the Netherlands",NL
"Oncology Practice, Gütersloh, Gütersloh, Germany",DE
"Internal Medicine Clinic I, Hematology, Oncology and Stem Cell Transplantation, University Clinic, Faculty of Freiburg, Freiburg, Germany",DE
"Interdiscliplinary Practice for Oncology and Hematology, Freiburg, Germany",DE
"Department of Medical Oncology, Japanese Red Cross Kitami Hospital, Kitami, Japan",JP
", Melbourne, Australia | Melbourne, Australia",AU
"Department of Neurosurgery, Central Army Hospital, Jakarta, Indonesia",ID
", Rome, Italy | Rome, Italy",IT
"Italian Federation of Volunteer-Based Cancer Organizations, Rome, Italy",IT
"Department of Physical Therapy, Federal University of Health Sciences of Porto Alegre, Sarmento Leite, 245, Porto Alegre, RS, Brazil",BR
"Institute for Cancer Control, National Cancer Center, Tokyo, Japan | Working Practitioner Group of Palliative Care Quality Evaluation, Committee On Specialized and Cross-Sectional Palliative Care Promotion, Japanese Society for Palliative Medicine, Osaka, Japan",JP
"No Affiliation, Independent Patient Advocate, Brookfield, IL, USA",US
"Department of Health Consulting, Research and Science, Outdoor Against Cancer, Munich, Germany",DE
"CEIPES ETS, Palermo, Italy",IT
"The Beacon Hospital, Dublin, Ireland",IE
"Department of Pharmacy, Kusatsu General Hospital, 1660 Yabase, Kusatsu, Shiga, Japan",JP
"Department of Global Bus. & Enterprise, Ulster Business School, Magee Campus, Londonderry, BT48 7JL, Ireland",IE
"Oncology Nursing and Science, Tumor and Breast Centre ZeTuP, CEO Foundation SONK (Foundation for Educational Activities in Oncology), St. Gallen, Switzerland",CH
"Department of Nursing, Behbahan Faculty of Medical Sciences, Behbahan, Iran",IR
"üBAG/MVZ Onkologische, Kooperation Harz GbR, Kösliner Straße 14, 38642, Goslar, Germany",DE
"Rise To Survive Cancer, New Delhi, India",IN
"Department of Psychology, Patyna Elderly Care, Harste 15, 8602 JX, Sneek, The Netherlands",NL
"Division of Integrated Medicine, IVF Namba Clinic, 1-17-28 Minamihorie Nishi-Ku, Osaka, Japan",JP
"Data Science Centre, School of Population Heath Sciences, RCSI University of Medicine and Health Sciences, Dublin, Ireland",IE
"Department of Health, Medical and Neuropsychology, University of Leiden, Leiden, the Netherlands",NL
"Amsta Healthcare Organization, Amsterdam, The Netherlands",NL
"McWilliams School of Biomedical Informatics, University of Texas Health Science Center, Houston, TX, USA",US
"Department of Oral Diagnosis, School of Dentistry, Universidade Evangélica de Goiás, Dentistry School, Anápolis, Goiás, CEP 75083-515, Brazil",BR
"Division of Geriatric and Palliative Medicine, McGovern Medical School, Houston, TX, USA",US
"Medical Department I, Vienna Healthcare Group - Clinic Ottakring, Montleartstraße 37, 1160, Vienna, Austria",AT
"Department of Internal Medicine, OLVG, Jan Tooropstraat 164, 1061 AE, Amsterdam, the Netherlands",NL
"Department of Chronic Disease Prevention and Control, Xuhui District Center for Disease Control and Prevention, Shanghai, China",CN
"Shandong Second Medical University, Weifang, Shandong, China",CN
"Department of Otorhinolaryngology, Merciful Brothers Hospital St. Elisabeth, Head & Neck Surgery, 94315, Straubing, Germany",DE
"Department of Radiation Oncology, GenesisCare, Perth, Australia",AU
"Emcara Health and PopHealthCare, 113 Seaboard Lane, Suite B200, Franklin, TN, 37067, USA",US
"MacroStat Inc, Toronto, ON, Canada",CA
"Nursing Division, Ina Central Hospital, Ina, Japan",JP
"Pharmaceutical Division, Ina Central Hospital, Ina, Japan",JP
"Department of Oncology, Ina Central Hospital, 1313-1 Koshiro-Kubo, Ina, Nagano, 396-8555, Japan",JP
"Department of Physiotherapy, Mahamana Pandit Madan Mohan Malviya Cancer Centre, Varanasi, Uttar Pradesh, India",IN
"Medical Management Service Center of Health Commission of Shandong Province, Jinan, China",CN
"Institute of General Practice and Interprofessional Care, University Hospital Tuebingen, Oesterbergstr. 9, D-72074, Tuebingen, Germany",DE
"Department of Internal Medicine, Division of Medical Oncology, Gaziantep Oncology Hospital, University of Gaziantep, TR-27310, Gaziantep, Turkey | Department of Internal Medicine, Division of Medical Oncology, Gaziantep Oncology Hospital, University of Gaziantep, Gaziantep, Turkey",TR
"Give Hair a Chance Foundation, Research Department, Knowledge Institute Scalp Cooling, PO Box 231, 5600, AE, Eindhoven, The Netherlands",NL
"Harold Alfond Center for Cancer Care, Maine General Health, Augusta, ME, USA",US
"Champlain Valley Hematology Oncology, Colchester, VT, USA",US
"Medizinische Klinik und Poliklinik III, Campus Großhadern, Klinikum der Universität München: Wilhelm Löhe Hochschule, Merkurstraße 41 / Südstadtpark, 90763, Fürth, Germany",DE
"Department of Internal Medicine, St. Joseph-Stift Hospital Dresden, Wintergartenstraße 15/17, 01307, Dresden, Germany",DE
"Department of Urology, University Hospitals Leuven, Campus Gasthuisberg, Leuven, Belgium",BE
"Hospice ""Casa di Betania"", Palliative Care Center, Tricase (Lecce), Italy",IT
"Cancer Registry Zurich and Zug, Institute of Surgical Pathology, University Hospital Zurich and Epidemiology, Biostatistics and Prevention Institute, University Zurich, Vogelsangstrasse 10, 8091, Zurich, Switzerland",CH
"Department of Gynaecology, University Medical Centre Leipzig, Leipzig, Germany",DE
"THUASNE, Levallois-Perret, France",FR
"Bothwin Clinical Study Consultant, Shanghai, China | Bothwin Clinical Study Consultant",CN
"Turbosoft Inc., Cheongwon, South Korea",KR
"PORTAL Patient Engagement Council, Portland, OR, USA",US
"School of Biological Sciences, Dublin Institute of Technology, Kevin Street, Dublin 8, Ireland",IE
"Ontario Parents Advocating for Children with Cancer (OPACC), 99 Citation Drive, Toronto, ON, M2K 1S9, Canada",CA
"Department of Health Promotion/CAPHRI, Maastricht, The Netherlands",NL
"Health Psychology Consultancy Ltd., Staffordshire, UK",GB
"Hospice ""Casa dei Gelsi"", Treviso, Italy",IT
"MMF GmbH, Heideblick 59, 44229, Dortmund, Germany",DE
"POMME-med GmbH, Von-Erckert-Str. 48, 81827, Munich, Germany",DE
"pharmEDGE, Mumbai, India",IN
"HCA Hospice Care, Singapore, Singapore",SG
"Rideau Community Health Services, Smith Falls, Canada",CA
"Federazione italiana delle Associazioni di Volontariato in Oncologia - FAVO, Via Barberini 11, 00187, Rome, Italy",IT
"Trapani Cancer Registry, Via Ammiraglio Staiti 95, 91100, Trapani, Italy",IT
"Associazione Senza Limiti, Via dei Carracci 2, 20149, Milan, Italy",IT
"Department of Medical Oncology, Numune Training and Research Hospital, Ankara, Turkey",TR
"Division of Geriatric and Palliative Medicine, University of Texas McGovern Medical School, Houston, TX, USA",US
"Department of Stem Cell Transplantation, Houston, TX, USA",US
"Horticultural Therapy Omnia Verde, Dr. Niedermayr-Gasse 14, 3021, Pressbaum, Austria",AT
"Centre Hospitalier, 3 Rue Adhémar, 26200, Montélimar, France",FR
"Clinique Armoricaine de Radiologie, 21 rue du Vieux Séminaire, 22000, Saint Brieuc, France",FR
"Centre hospitalier de Roanne, 28, Rue de Charlieu, 42300, Roanne, France",FR
"Department of Psychosocial Resources, Tom Baker Cancer Centre, Calgary, AB, Canada",CA
"Department of Psychosocial & Spiritual Resources, Cross Cancer Institute, Edmonton, AB, Canada",CA
"Division of Gynecologic Oncology, Department of Obstetrics and Gynaecology, Cross Cancer Institute, Edmonton, AB, Canada",CA
"Department of Rehabilitation Medicine, Cross Cancer Institute, Edmonton, AB, Canada",CA
"Division of Radiation Oncology, Department of Oncology, Cross Cancer Institute, 11560 University Ave NW, Edmonton, AB, T6G 1Z2, Canada",CA
"Center for Cancer Control and Information Services, National Cancer Center, Tokyo, Japan | Department of Consultation, Counseling and Support Service Center, National Cancer Center Hospital, Tokyo, Japan | Department of Psycho-oncology, National Cancer Center Hospital, Tokyo, Japan",JP
"Department of Psycho-oncology, National Cancer Center Hospital, Tokyo, Japan",JP
"Department of Breast and Medical Oncology, National Cancer Center Hospital, Tokyo, Japan",JP
"Psychiatry Division, Saitama Psychiatric Medical Center, Kitaadachi-gun, Japan",JP
"Republic of Korea Armed Forces Nursing Academy, 90 Jaun-ro, Yuseong-gu, Daejeon, 34059, South Korea",KR
"RNS Praxisgemeinschaft GbR, Beethovenstraße 20, 65189, Wiesbaden, Germany",DE
"Division of Gastrointestinal Medical Oncology, National Cancer Center Hospital, 5-1-1 Tsukiji, Chuo-ku, Tokyo, 104-0045, Japan",JP
"Young Adult Cancer Canada, St. John's, NL, Canada",CA
"Halil Haor non-profit organization for patients with Leukemia and Lymphoma, Israel, Israel",IL
"AMEN, Israeli Association of Myeloma Patients, Israel, Israel",IL
"G. Hetényi Hospital, Szolnok, Hungary",HU
"Hospice, Medical Corporation Junkei-kai Sotoasahikawa Hospital, Akita, Japan",JP
"Research Partner, Southampton, UK",GB
"Bethel South Shinjuku Clinic, Tokyo, Japan",JP
"Department of Clinical Oncology, Ishinomaki Red Cross Hospital, Ishinomaki, Miyagi, Japan",JP
"JORTC Data Center, Tokyo, Japan",JP
"Rittenberg Oncology Consulting, 500 Rue St. Ann, Suite 223, Metairie, LA, 70005, USA | Rittenberg Oncology Consulting, Metairie, USA",US
"Palliative Care Unit, Hospice INI, Istituto Neurotraumatologico Italiano, Grottaferrata, Rome, Italy",IT
"Georgia Psychological Associates, Canton, GA, USA",US
"Pinnacle Health Partnership LLP, East Cowes, Isle of Wight, UK",GB
"Geriatric Oncology Solutions, La Jolla, CA, USA | Geriatric Oncology Solutions, La Jolla, USA",US
"Private practice and Emery University, 7320 Forest Oaks Blvd, Spring Hill, FL, USA | Private practice and Emery University, Spring Hill, USA",US
"Ontario Parents Advocating for Children with Cancer (OPACC), 99 Citation Drive, Toronto, Ontario, M2K 1S9, Canada",CA
"Department of Maxillofacial Surgery, Prosthesis and Traumatology, USP, São Paulo, Brazil",BR
"Center for Health Decision Science, Harvard T.H. Chan School of Public Health, Boston, MA, USA",US
"Department of Surgery, St. Clair Hospital, Pittsburgh, PA, USA",US
"Coordination Unit Orkdal Region, Orkdal, Norway",NO
"Department of Clinical Oncology and Radiotherapy, Penang General Hospital, Jalan Residensi, 10990, George Town, Penang, Malaysia",MY
"Clinical Outcomes Solutions, Unit 68 Basepoint, Shearway Business Park, Shearway Road, Folkestone, Kent, CT19 4RH, UK",GB
"Center for Psychosocial Oncology Care, Ingeborg Douwes Center, Amsterdam, Netherlands",NL
"Division of Social Protection and Health, Jamaica Country Office, Interamerican Development Bank, Kingston, Jamaica",JM
"GenesisCare Perth Radiation Oncology, Wembley, WA, Australia",AU
"CLIC Sargent, No. 1 Farriers Yard, Assembly London, 77-85 Fulham Palace Road, London, W6 8JA, UK",GB
"Division of Medical Oncology Department of Oncology, S. Chiara University Hospital, Pisa, Italy",IT
"Quintiles IMS, Milan, Italy",IT
"DOCS Global, North Wales, PA, USA",US
"Odontologia Oncológica D'or, São Paulo, Brazil",BR
"Gratia Hospice, Gratia Hospital, Minoo, Japan",JP
"Department of Palliative Care, Senri-Chuo Hospital, Toyonaka, Japan",JP
"Hospice, The Japan Baptist Hospital, Kyoto, Japan",JP
"Herald Cancer Association, San Gabriel, CA, USA",US
"Departments of Urologic Sciences, Vancouver Prostate Centre, Vancouver, BC, Canada",CA
"Palliative Care Center, ASP Palermo, Palermo, Italy",IT
"Publicis Sapient, Cambridge, MA, USA",US
"Azienda Ospedaliera Piove di Sacco UO Terapia Dolore e Cure Palliative, Padova, Italy",IT
"Touch of Freedom Research Consulting, Vancouver, Canada",CA
"Room 217 Foundation, Port Perry, Ontario, Canada",CA
"Ankara Provincial Health Directorate, Ankara, Turkey",TR
"Lösante Children's and Adult Hospital, Ankara, Turkey",TR
"Children's Core for Biomedical Statistics, Seattle Children's Research Institute, Seattle, WA, USA",US
"Russell Medical Center, Alexander City, AL, USA",US
"Section of Clinical Oncology, Hospital de Gastroenterología Bonorino Udaondo, Buenos Aires, Argentina",AR
"Nutrition Unit, Hospital de Gastroenterología Bonorino Udaondo, Buenos Aires, Argentina",AR
"Wichita NCI Community Oncology Research Program, Wichita, KS, USA",US
"The Breast and Endocrine Centre, Toorak Gardens, South Australia, Australia",AU
"""Flora"" High School, Pordenone, Italy",IT
"Rehabilitation Progress Center Incorporated, Tokyo, Japan",JP
"Hyundai Cancer Institute, CHOC, Orange, CA, USA",US
"Clinic of Medical Oncology, Nadezhda Hospital, Sofia, Bulgaria",BG
"Dutch Federation of Cancer Patient Organizations (NFK), Utrecht, The Netherlands",NL
"Yale School of Nursing in West Haven, West Haven, CT, USA",US
"Department of ENT, University Hospital of Udine, Piazzale Santa Maria della Misericordia, 15, 33100, Udine, Italy",IT
"Trekstock, London, UK",GB
"Ingalfarma, SpA, Santiago, Chile",CL
"Diakonissestiftelsens Hospice, Frederiksberg, Denmark",DK
"Arresoedal Hospice, Frederiksvaerk, Denmark",DK
"Office of Cancer Prevention, Surveillance, and Precision Medicine, International Cancer Institute, Eldoret, Kenya",KE
"Texas Cancer Centre, Nairobi, Kenya",KE
"HammondCare, Sydney, Australia",AU
"Division of Palliative Care Konan Medical Center, Kobe, Japan",JP
"healthAbility, Box Hill, VIC, Australia",AU
"St. Claire Healthcare, Morehead, KY, USA",US
"Department of Internal Medicine, Busan University Yangsan Hospital, Busan, Republic of Korea",KR
"Whiterabbit AI, Sunnyvale, CA, USA",US
"Cancer Registry of North Rhine-Westphalia, Gesundheitscampus 10, 44801, Bochum, Germany",DE
"Schleswig-Holstein Cancer Registry, Ratzeburger Allee 160, 23562, Lübeck, Germany",DE
"Cancer Registry of Rhineland-Palatinate, Große Bleiche 46, 55116, Mainz, Germany",DE
"Centro De Câncer de Brasília, Distrito Federal, Brasilia, Brazil",BR
"Oncological Network, Prevention and Research Institute (ISPRO), Clinical Epidemiology, Florence, Italy",IT
"Radiodiagnostics and Interventional Radiology, Polyclinique ELSAN, Ollioules, France",FR
"PLA Rocket Force Characteristic Medical Center, Beijing, China",CN
"Department of Oncology, Princess Margaret Hospital, Hong Kong, Hong Kong",HK
"Department of Pathology, Princess Margaret Hospital, Hong Kong, Hong Kong",HK
"Penny Brohn UK, Pill, Bristol, BS20 OHH, England",GB
"Center for Psychosocial Oncology Care, Ingeborg Douwes Center, Amsterdam, The Netherlands",NL
"Department of Oncology, Queshan County People's Hospital, Zhumadian, Henan, China",CN
"Department of Radiation Oncology, Huanghe Sanmenxia Hospital, Sanmenxia, Henan, China",CN
"Department of Medical Oncology, Ordos Central Hospital, Ordos, 017000, China",CN
"Consumer Representative, Melbourne, VIC, Australia",AU
"Riverside Health System, Chesapeake, VA, USA",US
"Nursing Faulty of Heilongjiang Nursing College, No. 209, Xuefu Road, Nangang District, Harbin, 150086, Heilongjiang, China",CN
"Section of Psychosomatic Medicine, Psychotherapy and Psychooncology, Department of Internal Medicine II, Julius-Maximilian-University, Wuerzburg, Germany",DE
"MacroStat Inc., Toronto, Ontario, Canada",CA
"Swineshead Patient Participation Group, Swineshead Medical Group, Boston, PE20 3JE, UK",GB
"Department of Oncology, TongJi Hospital, TongJi Medical College, HuaZhong University of Science and Technology, Jiefang Avenue 1095, Wuhan, 430030, China",CN
"Department of Medicine, Division of Cardiology, Alberta Cardiovascular and Stroke Research Centre, Edmonton, Canada",CA
"Ontario Parents Advocating for Children with Cancer (OPACC), 99 Citation Drive, Toronto, Ontario, M2K 1S9, Canada | Ontario Parents Advocating for Children with Cancer (OPACC), Toronto, Canada",CA
"Xin-Ming Psychological Clinic, Taipei, Taiwan",TW
"Boulder Crest Institute for Posttraumatic Growth, Bluemont, VA, USA",US
"Rehabilitation Hospital of the Pacific, Honolulu, HI, USA",US
"Havergal College, Toronto, ON, Canada",CA
"Operative Palliative Care Unit, ASP 6, Palermo, Italy",IT
"Department of Clinical Pharmacy, Ganzhou Cancer Hospital, Jiangxi, China",CN
"KAL Research and Consulting, LLC, Denver, CO, USA",US
"Central West Cancer Care Centre, Orange, Australia",AU
"Brazilian Society of Oncology Nutrition, Rio de Janeiro, RJ, Brazil",BR
"Department of Radiation Oncology, S. Chiara University Hospital, Pisa, Italy",IT
"West Gippsland Healthcare Group, Warragul, VIC, Australia",AU
"Multidisciplinary Thoracic Oncology Program, Baptist Cancer Center, Memphis, TN, USA",US
"Department of Acute Medicine and Critical Care, The Christie, Wilmslow Road, Manchester, UK | Department of Acute Medicine and Critical Care, The Christie, Manchester, UK",GB
"Department of Endocrinology, The Christie, Wilmslow Road, Manchester, UK | Department of Endocrinology, The Christie, Manchester, UK",GB
"Department of Palliative Care, Senri-Chuo Hospital, Toyonaka, Osaka, Japan",JP
"Ottery & Associates, LLC, Vernon Hills, IL, USA",US
"The Social Research Centre, Melbourne, VIC, Australia | The Social Research Centre, Melbourne, Australia",AU
"University of Health and Rehabilitation Sciences, Qingdao, 266000, Shandong, China",CN
"Department of Pharmacy, Uonuma Kikan Hospital, Minamiuonuma, Japan",JP
"Department of Clinic Nutrition, Gangcheng Rehabilitation Hospital of Zhangjiagang, Suzhou, 215600, Jiangsu, China",CN
"Consumer Education and Training Services, Seattle, WA, USA",US
", Vancouver, Canada | Vancouver, Canada",CA
"Service d'Hématologie Clinique, CHU Sud Réunion, Saint Pierre, La Réunion, France | CHU Sud Saint Pierre [Ile de la Réunion] (France - France)",FR
"Epidemiology, IQVIA, Frankfurt am Main, Germany",DE
"Department of Medicine-2 (Oncology, Gastroenterology, Pulmonology, and Infectious Diseases), and University Cancer Center Leipzig (UCCL), University of Leipzig Medical Center, HepatologyLeipzig, Germany",DE
"Department of Haematology Oncology and Palliative Care, Klinikum Traunstein, Traunstein, Germany",DE
"Department of Medicine 2 (Oncology, Gastroenterology, Hepatology, Pulmonology, and Infectious Disease), University Cancer Center Leipzig (UCCL), University of Leipzig Medical Center, Leipzig, Germany",DE
"Ipsen Biopharmaceuticals, Cambridge, MA, USA",US
"Health Economics and Outcomes Research Unit, Quality Care Cancer Alliance, 1624 S. ""I"" Street, Suite 305, Tacoma, WA, 98405, USA",US
"Expect Miracles Foundation, Boston, MA, USA | Expect Miracles Foundation, Boston, USA",US
"Xcenda UK, York, UK",GB
"Sandoz International GmbH, Industriestr. 18, D-83607, Holzkirchen, Germany",DE
"Xcenda LLC, a Cencora company, Conshohocken, PA, USA",US
"Gran Canaria Island Maternal-Infant University Hospital Complex, 35016, Las Palmas de Gran Canaria, Spain",ES
"Head and Neck Cancer Alliance, Charleston, SC, USA",US
"Project PINK BLUE-Health & Psychological Trust Centre, Abuja, Nigeria | Project PINK BLUE—Health & Psychological Trust Centre, Abuja, Nigeria",NG
"Breast Health Angels Foundation, Huntington Beach, CA, USA",US
"Johns Hopkins Department of Radiation Oncology, 401 North Broadway, Baltimore, MD, 21287, USA",US
"Johns Hopkins McKusick-Nathans Institute of Genetic Medicine, 600 North Wolfe Street, Baltimore, MD, 21287, USA",US
"Vancouver Prostate Centre, 2660 Oak St, Vancouver, BC, V6H 3Z6, Canada",CA
"Cross Cancer Institute, 11560 University Ave, Edmonton, Alberta, Canada",CA
"Buca Seyfi Demirsoy Training and Research Hospital, İzmir, Turkey",TR
"Department of Dermatologic Oncology, National Cancer Center Hospital, Tokyo, Japan",JP
"Data Management Division, National Cancer Center Hospital, Tokyo, Japan",JP
"Biostatistics Section, Research Management Division, National Cancer Center Hospital, Tokyo, Japan",JP
"Remitigate Therapeutics, Delmar, NY, USA",US
"Department of Clinical Oncology, University Hospital of Southern Denmark, Beriderbakken 4, 7100, Vejle, Denmark",DK
"Centre Guillaume Le Conquérant, Le Havre, France",FR
"Hôpital Privé Saint Martin, Caen, France",FR
"Everest Clinical Research, Markham, Ontario, Canada",CA
"CONFIAR Radiotherapy, Goiania, Brazil",BR
"WHIN (Web Health Information Network), Milan, Italy",IT
"Risk Management and Health Technology Innovation Unit, Department of Staff, AOU Delle Marche, 60126, Ancona, Italy",IT
"Italian National Institute of Health, Rome, Italy",IT
"Oncology Unit Hospital ""Giovanni Paolo II"", Lamezia Terme, CZ, Italy",IT
"Select Medical, ReVital Cancer Rehabilitation Program, Mechanicsburg, PA, USA",US
"Department of Tumor Comprehensive Therapy, Jilin Provincial People's Hospital, Changchun, China",CN
"On Behalf of Stichting Darmkanker, Utrecht, The Netherlands",NL
"CTS 1110: Understanding Movement and Self in Health From Science (UMSS) Research Group, Andalusia, Spain",ES
"Direction à la Recherche Clinique et de l'Innovation, CHU Clermont-Ferrand, F-63000, Clermont-Ferrand, France | DRCI - Direction de la Recherche Clinique et de l’Innovation [CHU Clermont-Ferrand] (DRCI / CHU Clermont-Ferrand, 7 Pl. Henri Dunant, 63000 Clermont-Ferrand - France)",FR
"Service Chirurgie générale et viscérale, Centre Hospitalier de Saint-Flour, F-15100, Saint-Flour, France | CH Saint-Flour - Centre Hospitalier Saint-Flour (2 Rue du Dr Mallet, 15100 Saint-Flour - France)",FR
"Service Oncologie, Centre Hospitalier de Moulins Yzeure, F-03006, Moulins, France | CH Moulins-Yzeure - Centre hospitalier Moulins-Yzeure [Moulins] (10, av. du Général de Gaulle, BP 609,  03006 Moulins Cedex - France)",FR
"Service Gastro-entérologie, Centre hospitalier Intercommunal Les Hôpitaux du Léman, F-74203, Thonon les bains, France | CHI Les Hôpitaux du Léman - Centre Hospitalier Intercommunal Les Hôpitaux du Léman (3 Av. de la Dame, 74200 Thonon-les-Bains - France)",FR
"Hiwot Fana Specialized University Hospital, Harar, Ethiopia",ET
"Nafs Counselling, Sydney, NSW, Australia",AU
"Division of Medical Support and Partnership, Center for Cancer Control and Information Services, National Cancer Center, Tokyo, Japan",JP
"Lausanne University Hospital CHUV, Lausanne, Switzerland",CH
"Patient Representative, Neuchâtel, Switzerland",CH
"Saarland Cancer Society, Saarbrücken, Germany",DE
"IKK Südwest, Saarbrücken, Germany",DE
"Nantes Universté, CHU Nantes, Médecine Intensive Réanimation, F-44000, Nantes, France",FR
"Continuity of Care Center, Istituto Per La Sicurezza Sociale, Cailungo, Republic of San Marino",SM
"University of Applied Sciences and Arts, Hanover, Germany",DE
"Community Health Research Center (ReaCH), Faculty of Health Science, University Kebangsaan Malaysia, Kuala Lumpur, Malaysia",MY
"Axonal Biostatem, 92000, Nanterre, France",FR
"EVERSANA Life Science Services LLC, Chicago, IL, USA",US
"20Sense, Toronto, ON, Canada",CA
"Cardiff and Wales University Health Board, Wales, UK",GB
"BC Cancer, Vancouver, BC, Canada",CA
"Dutch Federation of Cancer Patients Organisations, Utrecht, the Netherlands",NL
"National Children's Cancer Service, Children's Health Ireland, Dublin, Ireland",IE
"Oncoclinicas&Co - Medica Scientia Innovation Research (MEDSIR), Av. Pres. Juscelino Kubitschek, 510, 2º Andar, Itaim Bibi, Sao Paulo, SP, Brazil",BR
"NSIA-LUTH Cancer Centre, Lagos, Nigeria",NG
"Southern Philippines Medical Center, Children's Cancer Institute, Davao City, Philippines",PH
"Department of Hematology, The YanCheng No.1 Peoples Hospital, Jiangsu Province, YanCheng, 224000, PR, China",CN
"IKK Südwest, Europaallee 3-4, 66113, Saarbrücken, Germany",DE
"Berekuyl Academy, Hierden, The Netherlands",NL
"Nordic Healthcare Group, Helsinki, Finland",FI
"Oncoclinicas & Co - Medica Scientia Innovation Research (MEDSIR), Sao Paulo, Brazil",BR
"Département Universitaire de Médecine Générale, 133 route de Narbonne, 31062, Toulouse, France",FR
"Arohanui Hospice, Palmerston North, New Zealand",NZ
"Cierra Sisters, Seattle, WA, USA",US
"WeSpeakLoudly, Seattle, WA, USA",US
", Rua Marselhesa, 249- Vila Mariana, São Paulo, SP, Brazil, 04020060. patysantolia@hotmail.com | Rua Marselhesa, 249- Vila Mariana, São Paulo, SP, Brazil, 04020060",BR
"Gynaecology Division, National Cancer Center Hospital, 5-1-1, Tsukiji, Chuo-ku, Tokyo, 104-0045, Japan",JP
"Breast and Medical Oncology Division, National Cancer Center Hospital, 5-1-1, Tsukiji, Chuo-ku, Tokyo, 104-0045, Japan",JP
"Division of Breast Surgery, National Cancer Center Hospital, 5-1-1, Tsukiji, Chuo-ku, Tokyo, 104-0045, Japan",JP
"Department of Nursing, National Cancer Center Hospital, 5-1-1, Tsukiji, Chuo-ku, Tokyo, 104-0045, Japan",JP
"Division of Cancer Survivorship Research, Center for Cancer Control and Information Services, National Cancer Center, 5-1-1, Tsukiji, Chuo-ku, Tokyo, 104-0045, Japan",JP
"Palliative Medicine, University of Aachen, Aachen, Germany",DE
"Regional Cancer Center, Dr. B.R. Ambedkar Memorial Hospital, Raipur, 492001, India | Regional Cancer Center, Dr. B.R. Ambedkar Memorial Hospital, Raipur, India",IN
"Rittenberg Oncology Consulting, 500 Rue St. Ann, Suite 223, Metairie, LA, 70005, USA",US
"Hospice, Medical Corporation Junkei-kai Sotoasahikawa Hospital, 42, Aza-Sangoden, Sotoasahikawa, Akita, 010-0802, Japan",JP
"NHO Yamaguchi-Ube Medical Center, 685, Higashi-Kiwa, Ube, Yamaguchi, 755-0241, Japan",JP
"Pharmerit International, Berlin, Germany",DE
"Department of Radiation Oncology, Tom Baker Cancer Centre, Calgary, AB, Canada | Department of Radiation Oncology, Tom Baker Cancer Centre, Calgary, Canada",CA
"Department of Radiation Oncology, Cross Cancer Institute, Edmonton, AB, Canada | Department of Radiation Oncology, Cross Cancer Institute, Edmonton, Canada",CA
"Newcastle Private Hospital, New Lambton Heights, NSW, Australia",AU
"Hong Kong Breast Cancer Foundation, 16/F, Jupiter Tower, 9 Jupiter Street, North Point, Hong Kong, China",CN
"Thor Photomedicine Ltd, Chesham, UK",GB
"Hôpital Monod, Department of Oncology, Flers, France",FR
"Biostatistical Unit, Regina Elena National Cancer Institute, Via Elio Chianesi, 53-00144, Rome, Italy",IT
"Pulmonary Oncology Unit, University Hospital of South Manchester, Manchester, UK",GB
"Radiation and Isotope Center, Khartoum, Sudan",SD
"El-Salam Oncology Center, Cairo, Egypt",EG
"Cyprus Anti-Cancer Society, Avodaphnousa Hospice, Nicosia, Cyprus",CY
"Children Cancer Hospital, Karachi, Pakistan",PK
"Al-Sadeel Society for Palliative Care, Bethlehem, West Bank, Palestine",PS
"Cyprus Anti-Cancer Society, Nicosia, Cyprus",CY
"European Khan Yunis Hospital, Khan Yunis, Gaza Strip, Palestine",PS
"Hematology, Pisa, Italy",IT
"Hematology, A.O. Universitaria OO.RR., Foggia, Italy",IT
"San Matteo Hospital, Pavia, Italy",IT
"UDG Salud Publica, Distrito AP Sevilla, Sevilla, Spain",ES
"Manchester Medical School, Manchester, UK | Manchester Medical School",GB
"Neurology, Public Health and Disability Unit, Neurological Institute C. Besta IRCCS Foundation, Via Celoria 11, 20133, Milan, Italy",IT
"Department of Neurosurgery, Neurological Institute C. Besta IRCCS Foundation, Milan, Italy",IT
"Unit of Molecular Neuro-Oncology, Neurological Institute C. Besta IRCCS Foundation, Milan, Italy",IT
"Department of Neuroncology, Unit of Neurology II, Neurological Institute C. Besta IRCCS Foundation, Milan, Italy",IT
"Neurosurgery Department, Radiotherapy Unit, Neurological Institute C. Besta IRCCS Foundation, Milan, Italy",IT
"Department of Oncology, Hospital Sant'Andrea, University of Rome, Rome, Italy",IT
"Digestive Cancer Department, CHU Toulouse (IUCT-Rangueil-Larrey), 1 Avenue du Professeur Jean Poulhès, 31059, Toulouse cedex 9, France",FR
"Will2Love, LLC, 1333 Old Spanish Trail, Suite G, #134, Houston, TX, 77054, USA",US
"Sussex Cancer Centre, Brighton & Sussex University Hospitals, Brighton, BN2 5DA, UK",GB
"Duke Cancer Center Biostatistics, Durham, NC, USA",US
"Cancer Care Program, Central and South AmericaWorld Health Organization, AL, Birmingham, USA",US
"Department of Otolaryngology, Leeds University Hospital, Leeds, UK",GB
"Helene Fuld College of Nursing, New York, NY, 10035, USA",US
"Polyclinique de l’Ormeau, Tarbes, France",FR
"Teva Laboratoires, La Défense, France",FR
"Department of Internal Medicine, 3990 John R, 5904 5Hudson, Detroit, MI, 48201, USA",US
"inVentiv Health, Barcelona, Spain",ES
"UBC: An Express Scripts Company, Montreal, Canada",CA
"Clinic for Hematology, Clinical Center of Serbia, Koste Todorovica 2, Belgrade, Serbia",RS
"General Surgery Unit, Stanley Dudrick's Memorial Hospital, 15 Tyniecka Street, 32-050, Skawina, Poland",PL
"Department of Oncology, Weinberg Cancer Institute, Baltimore, MD, USA",US
"Hematology, Regina Elena National Cancer Institute, Rome, Italy",IT
"Hematology, Rome Transplant Network, Department of Hematology, Stem Cell Transplant Unit, Tor Vergata University, Rome, Italy",IT
"Foamix Pharmaceuticals Ltd., 2 Holzman Street, Weizmann-Science Park, 7670402, Rehovot, Israel",IL
"Back on Track Fitness, 731 W 16th Avenue, Vancouver, BC, Canada, V5Z 1S8",CA
"Live Well Exercise Clinic, 306-1676 Martin Drive, White Rock, BC, Canada, V4A 6E7",CA
"Breast Cancer Research Centre-WA, Perth, Western Australia, 6000, Australia",AU
"Department of Acute and Critical Care, The Christie, Manchester, UK",GB
"Department of Hepatobiliary and Pancreatic Oncology, National Cancer Center Hospital, 5-1-1, Tsukiji, Chuo-ku, Tokyo, 104-0045, Japan",JP
"Oncoavanze, Seville, Spain",ES
"Division of Hematology, Oncology and Transplantation, 420 Delaware St SE, MMC 480, Minneapolis, MN, 55455, USA",US
"Department of Diagnostic Radiology, Tokyo Mertopolitan Geniatric and Institute of Gerontology, Tokyo, Japan",JP
"Department of Public and Occupational Health, Amsterdam Public Health research institute, Expertise Center for Palliative Care, VU University Medical Center, Van der Boechorststraat 7, 1081 BT, Amsterdam, The Netherlands",NL
"London Regional Cancer Program, London, Canada",CA
"Equipa Comunitária de Suporte em Cuidados Paliativos ACES Sintra, Sintra, Portugal",PT
"Hospice Zealand, Tonsbergvej 61, DK-4000, Roskilde, Denmark",DK
"Piedmont Research Strategies, Greensboro, NC, USA",US
"Carevive Systems, Inc., North Miami, FL, 33181, USA",US
"Physiotherapy Department, Beacon Hospital, Dublin, Ireland",IE
"Division of Medical Oncology, BC Cancer, Vancouver, Canada",CA
"OSP Göttingen, Göttingen, Germany",DE
"Gynäkologische Onkologie, Frauenarztpraxis Dr. Lorenz, Hildburghausen, Germany",DE
"Überörtliche Berufsausübungsgemeinschaft MVZ Onkologische Kooperation Harz, Goslar, Germany",DE
"KMG Klinikum Sömmerda, Sömmerda, Germany",DE
"Health Promotion & Behavioral Sciences, The University of Texas School of Public Health, 1200 Pressler Street, Houston, TX, 77030, USA",US
"Division of Palliative Care, Konan Medical Center, Kobe, Japan",JP
"Division of Palliative and Supportive Care, Seirei Mikatahara Hospital, 3453 Mikatahara, Kita, Hamamatsu, Japan",JP
"Advocate Aurora Research Institute, Downers Grove, IL, USA",US
"Department of Epidemiology, Consorci Sanitari Integral, L'Hospitalet de Llobregat (Barcelona), Spain",ES
"Sunny Pharmtech Inc., New Taipei City, Taiwan",TW
"Department of Medical Oncology, Tom Baker Cancer Centre, 1331-29th Street N.W., Calgary, AB, T2N 4N2, Canada",CA
"Department of Psychosocial Oncology, Tom Baker Cancer Centre, Holy Cross Site Phase 1, 2202 2nd St. SW, Calgary, AB, T2S 3C1, Canada",CA
"Die Filderklinik, Stuttgart, Germany | Paracelsus-Krankenhaus Unterlengenhardt, Bad Liebenzell, Germany",DE
"Cancer Registry of North Rhine-Westphalia, Bochum, Germany",DE
"Hamburg Cancer Registry, Ministry of Health and Consumer Protection, Hamburg, Germany",DE
"Cancer Registry of Rhineland-Palatinate, Mainz, Germany",DE
"Rittenberg Consulting, Metairie, LA, USA",US
"The Stronach Regional Cancer Centre, Newmarket, ON, Canada",CA
"Unidad de Cuidados Paliativos - Fundación FEMEBA, Hospital de Agudos Dr. E. Tornú, Buenos Aires, Argentina",AR
"Department of Psycho-Oncology, National Cancer Center Hospital, Tokyo, Japan | Division of Quality Assurance Programs, National Cancer Center Institute for Cancer Control, 5-1-1, Tsukiji, Chuo-ku, Tokyo, 104-0045, Japan",JP
"SouthWest Healthcare, Warrnambool, VIC, Australia",AU
"Top End Health Service, Darwin, NT, Australia",AU
"Department of Stomatology, School of Dentistry, UNIFAMINAS, Muriaé, Minas Gerais, Brazil",BR
"Edwards Global Pharmaceutical Consulting, 4620 N. Park Ave Unit 1680E, Chevy Chase, MD, 20815, USA",US
"Department of Chemotherapy, Outpatient Unit, Polyclinic Parc Rambot Provençal, Aix-en-Provence, France",FR
"Specialized Medical Center of Praz-Coutant, Passy, France",FR
"PE Research Consulting Ltd, Calgary, AB, Canada",CA
"Medical Department, Angelini Pharma España S.L.U., Barcelona, Spain",ES
"UCLA/VA Hospice and Palliative Medicine Program, UCLA School of Medicine, Los Angeles, CA, USA",US
"Department of Dentistry, UNIFACISA University Center, Campina Grande, PB, Brazil",BR
"World Health Organization, Atlanta, GA, USA",US
"Servier Pharmaceuticals, Boston, MA, USA",US
"Putnam Associates, New York, NY, USA",US
"Better Health Clinical Research, Newnan, GA, USA",US
"Clinical Operations, INSYS Therapeutics, Inc., Chandler, AZ, USA",US
"Joint Practices for Obstetrics and Gynecology, Krumbach, Germany",DE
"Teva Ratiopharm Pharmaceutical Industries, Vienna, Austria",AT
"Pain and Symptom Management/Palliative Care, British Columbia Cancer, 600 W 10th Ave, Vancouver, BC, V5Z 4E6, Canada",CA
"Medical Affairs, Amgen GmbH, Vienna, Austria",AT
"Quartesian, Kharkov, Ukraine",UA
"Division of Epigenomics, National Cancer Center Research Institute, Tokyo, Japan",JP
"Edward J. Bloustein School of Planning and Public Policy, New Brunswick, NJ, USA",US
"Duke Cancer Network, Durham, NC, 27710, USA",US
"Department of Palliative Care, Miyazaki Medical Association Hospital, Miyazaki, Japan",JP
"Stichting F|Fort Foundation, Haarlem, The Netherlands",NL
"Amsta Healthcare Organisation, Amsterdam, the Netherlands",NL
"US Oncology Research, Columbia, MD, USA",US
"Research Unit for General Practice, Bartholins Allé 2, 8000, Aarhus, Denmark",DK
"ICON Plc, Stockholm, Sweden",SE
"Department of Palliative Care Senri-Chuo Hospital, Toyonaka, Japan",JP
"Guiding Researchers and Advocates to Scientific Partnerships (GRASP), Baltimore, MD, USA",US
"AZ Glorieux, Ronse, Belgium and Gent University Hospital, Ghent, Belgium",BE
"OncoLogX, Antwerp, Belgium",BE
"Oncology Dept., Carpi and Mirandola Hospitals, Via G. Molinari 2, 41012, Carpi, Italy",IT
"Oncology Unit, Ist. Oncologico del Mediterraneo, Via Penninazzo, 7, Viagrande, 95029, Catania, Italy",IT
"Medical Oncology Unit, Ospedale Sacro Cuore di Gesù, Fatebenefratelli, Viale Principe di Napoli, 14/A, 82100, Benevento, Italy",IT
"Select Medical, ReVital Cancer Rehabilitation, 4714 Gettysburg Rd, Mechanicsburg, PA, 17055, USA",US
"Praxis für Urologie Kluike und Weiler, Lüneburg, Germany",DE
"Amgen GmbH, Vienna, Austria",AT
"Salzkammergut Klinikum Vöcklabruck, Vöcklabruck, Austria",AT
"Department of Otorhinolaryngology Head and Neck Surgery, Mathilde Clinic, 76100, Rouen, France",FR
"Department of Otorhinolaryngology Head and Neck Surgery, Hopital du Pays Salonais, 13300, Salon de Provence, France",FR
"Clinic of Gynecology and Obstetrics, Buca Obstetrics Gynecology and Pediatrics Disease Hospital, Izmir, Turkey",TR
"Italian League for the Fight Against Cancer (LILT) Reggio Emilia, Reggio Emilia, Italy",IT
"Psychology Unit, LILT and Center for Oncological Rehabilitation-CERION of Florence, Florence, Italy",IT
"Department of Psychiatry, Chardon-Lagache Hospital, 75016, Paris, France",FR
"Hematology and Transplant Unit, Cardinal Panico Hospital, Tricase, Italy",IT
"Department of Radiation Oncology, Cross Cancer Institute, Edmonton, AB, Canada",CA
"Department of Experimental Oncology, Cross Cancer Institute, Edmonton, AB, Canada",CA
"Oral Health Centre of Expertise in Eastern Norway (OHCE), Oslo, Norway",NO
"College of Nursing, Naval Medical University, Shanghai, 200433, People's Republic of China",CN
"Department of Oncology Research, Northwest Clinics Alkmaar, PO Box 501, AM 1800, Alkmaar, The Netherlands",NL
"Cross Cancer Institute, Edmonton, AB, Canada",CA
"Department of Physical Therapy, Ankara Training and Research Hospital, Ankara, Turkey",TR
"Remedy Healthcare Group, 271 Spring Street, Melbourne, VIC, 3000, Australia",AU
"Ramsay Health, Level 3, 5 Talavera Rd, Macquarie Park, New South Wales, 2113, Australia",AU
"AvenCell Europe GmbH, Dresden, Germany",DE
"AYA Research Partner, Amsterdam, the Netherlands",NL
"Department of Oncology, The Center for Pulmonary Diseases in Olsztyn, Jagiellońska 78, 10-357, Olsztyn, Poland",PL
"Department of Hospital Management, Shenzhou Hospital, Shenzhou, Hebei Province, China",CN
"Yunnan Cancer Hospital, 519 Kunzhou Road, Xishan District, Kunming City, Yunnan Province, P.R. China",CN
"Polyclinique Le Languedoc, Narbonne, France",FR
"Department of Palliative Care, Katholisches Klinikum Mainz (kkm), Mainz, Germany",DE
"LAPCD user advisory group, Leeds, UK",GB
"Nursing Consult LLC, 2125 First Ave #1802, Seattle, WA, 98121, USA",US
"The Jung Center's Mind Body Spirit Institute, Houston, TX, USA",US
"Ligmincha International, Shipman, VA, USA",US
"Department of Thoracic Oncology, National Cancer Center Hospital, 5-1-1 Tsukiji, Chuo-ku, Tokyo, 104-0045, Japan",JP
"Division of Palliative Care, Konan Medical Center, 1-5-16 Kamoshigawara, Higashinada-ku, Kobe-shi, Hyogo, 658-0064, Japan",JP
"Department of Palliative Medicine, National Cancer Center Hospital, 5-1-1 Tsukiji, Chuo-ku, Tokyo, 104-0045, Japan",JP
"Xcenda GmbH, Hannover, Germany",DE
"Cancer and Aging Research Group, Duarte, CA, USA",US
"Department of Psycho-Oncology, National Cancer Center Hospital, Tokyo, Japan",JP
"Department of Palliative Care, Kyowakai Medical Corporation, Daini Kyoritsu Hospital, Kawanishi, Japan",JP
"Peacefully Inc., Los Angeles, CA, USA",US
"Breast Center, University Hospital of Iceland, Reykjavik, Iceland",IS
"Lifespring Cancer Treatment Center, Seattle, WA, USA",US
"Institute of Health Services Research in Dentistry, University of Muenster, 48149, Muenster, Germany",DE
"Te Aka Whai Ora, Hamilton, New Zealand",NZ
"Department of Pediatric Hematology/Oncology, Infectious Disease Research Program, Center for Bone Marrow Transplantation, University Children's Hospital Muenster, Muenster, Germany",DE
"Babaeski State Hospital, Emergency Unit, Babaeski, Kırklareli, Turkey",TR
"Unaffiliated (Wound, Ostomy, and Continence Nurse), Tucson, AZ, USA",US
"Unaffiliated (Patient Partner), Philadelphia, PA, USA",US
"Unaffiliated (Patient Partner), Tucson, AZ, USA",US
"Unaffiliated (Patient Partner), New Haven, CT, USA",US
"Unaffiliated (Patient Partner), Duarte, CA, USA",US
"Medical Oncology Department, Centre Hospitalier Memorial, Saint-Lô, France",FR
"Instituto COI de Educação e Pesquisa, Rio de Janeiro, Brazil",BR
"Department of Digestive Endoscopy, INCA, Rio de Janeiro, Brazil",BR
"Department of Abdominal and Pelvic Surgery, INCA, Rio de Janeiro, Brazil",BR
"Oncoclinicas Institute for Research and Education, Rio de Janeiro, Brazil",BR
"Division of Clinical Research and Technological Development, INCA, Rio de Janeiro, Brazil",BR
"Department of Hematology & Oncology, The People Hospital of Ruichang, Ruichang, Jiangxi Province, China",CN
"General Incorporated Association Cancer Parents, Tokyo, Japan",JP
"Insight & Analytics Department, Medilead Inc, Tokyo, Japan",JP
"Scientific Department Pharmanutra Spa, Pisa, Italy",IT
"Fondazione VIDAS, Via U. Ojetti, 66, 20151, Milan, Italy. angela.recchia@vidas.it | Fondazione VIDAS, Via U. Ojetti, 66, 20151, Milan, Italy",IT
"Associazione VIDAS, Milan, Italy",IT
"Fondazione VIDAS, Via U. Ojetti, 66, 20151, Milan, Italy",IT
"Healthdirect, Sydney, Australia",AU
"OnCore Nutrition, 863 Glen Huntly Rd, Melbourne, VIC, 3162, Australia",AU
"Nursing Department, Ren Ai Hospital, New Taipei City, Taiwan",TW
"Oncoclinicas&Co - Medica Scientia Innovation Research (MEDSIR), São Paulo, SP, Brazil",BR
"Southern Highlands Cancer Centre, Southern Highlands Private Hospital, Bowral, NSW, Australia",AU
"Zucker School of Medicine, Hempstead, NY, USA",US
"S. Psycho-Oncology Service, Sant'Andrea Universitary Hospital, Rome, Italy",IT
"Department of Medical Oncology, Animus Kyanus Stavros General Clinic, Larissa, Greece",GR
"Oncology Departments, Hospital Universitario de Navarra, Navarra Institute for Health Research (IdiSNA), Pamplona, Spain",ES
"Department of Internal Medicine VI: Psychosomatic Medicine and Psychotherapy, University Hospital Tübingen, Tübingen, Germany",DE
"Mehrad Hospital, Tehran, Iran",IR
"Medical Department, Orchid Pharmed Company, Tehran, Iran",IR
"BC Cancer, Oral Oncology and Dentistry, Vancouver, BC, Canada",CA
"Department of Urology, Takikawa Municipal Hospital, Takikawa, Japan",JP
"Source Health Economics, Oxford, UK",GB
"ONCOMOVE - Associação de Investigação de Cuidados de Suporte Em Oncologia (AICSO), Vila Nova de Gaia, Portugal",PT
"Carevive Systems, Inc., Boston, MA, USA",US
"Translational Oncology ARCO Foundation, Cuneo, Italy",IT
"Department of Anaesthesiology, University Medical Center of Regensburg, Regensburg, Germany",DE
"Department of Internal Medicine, Oncology and Palliative Care, Medical Corporation Heiwa-No-Mori, Peace Homecare Clinic, Otsu, Japan",JP
"Tsukuba Medical Center, Public Interest Foundation, Tsukuba, Japan",JP
"S' Clinic, Guangzhou, 510000, China",CN
"Cédric Hèle Instituut Vzw, Mechelen, Belgium",BE
"Department of Palliative Care, Senri-Chuo Hospital, Osaka, Japan",JP
"Arata Clinic, Nagasaki, Japan",JP
"Oncoclinicas Do Brasil Servicos Medicos, Brasilia, Brazil",BR
"Te Whatu Ora, Wellington, New Zealand",NZ
"Nutrition and Dietetics, Te Whatu Ora Te Toka Tumai, Auckland, New Zealand",NZ
"Halasartan (Stop Cancer) NGO, Tel Aviv, Israel",IL
"Amsterdam UMC, Department of Epidemiology and Biostatistics, Amsterdam Public Health Research Institute (APH), Amsterdam, The Netherlands",NL
"Department of Head and Neck Surgery, Mishima Central Hospital, Shizuoka, Japan",JP
"Department of Pharmacy, NHO Minamikyusyu Hospital, Kagoshima, Japan",JP
"Prince of Wales Clinical School, University of NSW, Sydney, NSW, Australia",AU
"Feinberg School of Medicine, Chicago, IL, USA",US
"Phelps Health, Rolla, MO, USA",US
"Inspira Medical Center Mullica Hill, Mullica Hill, NJ, USA",US
"Department of Cardiovascular Diseases, John Ochsner Heart and Vascular Institute, New Orleans, LA, USA",US
"Novocure Ltd, Haifa, Israel",IL
"Division of Health Services Research, Institute for Cancer Control, National Cancer Center, Tokyo, Japan",JP
"Division of Behavioral Sciences, National Cancer Center Institute for Cancer Control, National Cancer Center, Tokyo, Japan",JP
"Department of Biostatistics, Japanese Organisation for Research and Treatment of Cancer (JORTC) Data Center, Tokyo, Japan",JP
"Department of Biobehavioral Health Sciences; Leonard Davis Institute of Health Economics, University of Pennsylvania, Philadelphia, PA, USA",US
"Palestinian Ministry of Health, Ramallah, Palestine",PS
"Entera Health Inc, Cary, NC, USA",US
"Gratia Hospital Hospice, 6-14-1 Aomadaninishi, Mino, Osaka, 562-8567, Japan",JP
"Palliative Care Division, Saito Yukoukai Hospital, 7-2-18 Saito Asagi, Ibaragi, Osaka, 567-0085, Japan",JP
"Pulmonary Oncology Unit, University Hospital South Manchester, Manchester, UK",GB
"Department of Hepato-gastroenterology, Wiliam Morey Hospital, Chalon-sur-Saône, France | Service d'hématologie et oncologie [Centre Hospitalier de Chalon-sur-Saône William Morey]",FR
"Cedar Rapids Oncology Project Community Clinic Oncology Program, Cedar Rapids, IA, USA",US
"Helen F. Graham Cancer Center, Newark, DE, 19713, USA",US
"Division of Internal Medicine, Higashi Sapporo Hospital, Sapporo, Hokkaido, Japan",JP
"Division of Palliative Medicine, Higashi Sapporo Hospital, Sapporo, Hokkaido, Japan",JP
"Department of Palliative Medicine, National Cancer Center Hospital, 5-1-1 Tsukiji, Chuo-ku, Tokyo, 104-0045, Japan | Department of Thoracic Oncology, National Cancer Center Hospital, 5-1-1 Tsukiji, Chuo-ku, Tokyo, 104-0045, Japan",JP
"Department of Palliative Care, Senri-Chuo Hospital, 1-4-3 Shinsenrihigashi-machi, Toyonaka City, Osaka, 560-0082, Japan",JP
"Department of Palliative Care, Miyazaki Medical Association Hospital, 1173 Arita, Miyazaki City, Miyazaki, 880-2102, Japan",JP
"Department of Cardiology National Research Institute for Mother and Child, Warsaw, Poland",PL
"Department of Thoracic Surgery, National Tuberculosis and Lung Diseases Research Institute, Warsaw, Poland",PL
"Freelance Statistical Analytic, Warsaw, Poland",PL
"Cardiopulmonary Intensive Care Unit, National Tuberculosis and Lung Diseases Research Institute, Warsaw, Poland",PL
"Department of Radiology, National Tuberculosis and Lung Diseases Research Institute, Warsaw, Poland",PL
"Department of Pathology, National Tuberculosis and Lung Diseases Research Institute, Warsaw, Poland",PL
"Department of Thoracic Oncology, National Cancer Center Hospital, Tokyo, Japan",JP
"Biostatistics Division, Center for Research Administration and Support, National Cancer Center, Tokyo, Japan",JP
"Department of Dermatological Oncology, National Cancer Center Hospital, Tokyo, Japan",JP
"Section for Neuroprotection, Hjerneeksperten, 1718, Copenhagen, Denmark | Section for Neuroprotection, Copenhagen, Denmark",DK
"Department of Physical Medicine and Rehabilitation, Division of Oncological Rehabilitation, S.B.U Ankara Training and Research Hospital, Ankara, Turkey",TR
"Department of Statistical Design and Biometrics, Medicxact SL, Alpedrete, Spain",ES
"Patient Research Partner Representative, Calgary, Alberta, Canada",CA
"Hospitalization At Home, Fondation Santé Service, Paris, France",FR
"Tisch Cancer Institute, Icahn School of Medicine At Mount Sinai, New York, NY, USA",US
"Department of Biobehavioral Health Sciences, NewCourtland Center for Transitions and Health, Leonard Davis Institute for Health Economics, University of Pennsylvania, Philadelphia, PA, USA",US
"Oral Health Centre If Expertise in Eastern Norway (OHCE), Oslo, Norway",NO
"Medical Oncology, Hospital Punta de Europa, Carretera de Getares s/n, 11207, Algeciras, Spain",ES
"Pacific Cancer Care, Monterey, CA, USA",US
"Medicine School, São Paulo University, Rio de Janeiro, Brazil",BR
"Faculty of Medical and Health Sciences, SUPREMA, Juiz de Fora, MG, Brazil",BR
"Pediatric Intensive Care Unit (PICU), Makassed Hospital, East Jerusalem, Israel",IL
"Department of Radiation Oncology, Samson Assuta Ashdod University Hospital, Ashdod, Israel",IL
"Medical Oncology Unit, Ospedale del Mare, Naples, Italy",IT
"Kachidoki Women's Clinic, Tokyo, Japan",JP
"Department of Pediatric Oncology, National Cancer Center Hospital, Tokyo, Japan",JP
"Department of Hematopoietic Stem Cell Transplantation, National Cancer Center Hospital, 5-1-1 Tsukiji Chuo-ku, Tokyo, 104-0045, Japan",JP
"IQVIA Real World Solutions, Barcelona, Spain",ES
"Incyte Biosciences International Sàrl, Rue Docteur-Yersin 10, 1110, Morges, Switzerland",CH
"Department of Palliative Medicine, National Cancer Center Hospital, 5-1-1 Tsukiji, Chuo-Ku, Tokyo, 104-0045, Japan",JP
"CyberKnife Center, Istituto Fiorentino di Cura ed Assistenza, Florence, Italy",IT
"The Third Affiliated Hospital of Naval Military Medical University, No. 700, Moyu North Road, Jiading District, Shanghai, 201805, China",CN
"Henan Foreign Trade School, No. 91 Wenhua Road, Jinshui District, Zhengzhou, 476001, Henan, China",CN
"Council of Forensic Medicine, Istanbul, Turkey",TR
"Department of Otolaryngology, Kochi Health Sciences Center, Kochi, Japan",JP
"Department of Surgery, National Centre for Oesophageal and Gastric Cancer, Trinity St James Cancer Institute, Dublin, Ireland",IE
"MacroStat Inc., Toronto, ON, Canada",CA
"CHU Clermont-Ferrand, Délégation de La Recherche Clinique Et Innovations, 63000, Clermont-Ferrand, France",FR
"BC Cancer-Vancouver Centre, Vancouver, BC, Canada",CA
"BC Cancer-Vancouver Centre, Vancouver, BC, Canada | Univeristy of British Columbia, Vancouver, BC, Canada",CA
"Municipal Prefecture of Americana, Americana, SP, Brazil",BR
"Campus Docent Sant Joan de Déu, Barcelona, Spain",ES
"Hospital de Martorell, Barcelona, Martorell, Spain",ES
"Department of Breast Surgery, Osaka Breast Clinic, Osaka, Japan",JP
"Department of Physical Medicine and Rehabilitation, Çorlu Military Hospital, Tekirdağ, Turkey",TR
"Department of Psychosocial Resources, Tom Baker Cancer Centre, Holy Cross Site, 2202 2nd St SW, Calgary, AB, T3S 2C1, Canada | Department of Psychosocial Resources, Tom Baker Cancer Centre, Calgary, Canada",CA
"Arnold & Marie Schwartz College of Pharmacy and Health Sciences, 1 University Plaza, Brooklyn, NY, 11201, USA",US
"Child Chemo Clinic, Kobe, Hyogo, Japan",JP
"Southern California Permanente Medical Group, Department of Medical Oncology, South Bay, CA, USA",US
"CTS 1110: Uncertainty, Mindfulness, Self, and Spirituality (UMSS) Research Group, Andalusia, Spain",ES
"Intensive Care Unit, Hospital of Zhejiang People's Armed Police, Hangzhou, Zhejiang, China",CN
"EMAN Research Ltd, Symonston, Australia",AU
"Notrox Research Private Limited, Hospital & Health Care Bangalore, Bangalore, Karnataka, India",IN
"Icon Cancer Centre, Island Hospital, George Town, Penang, Malaysia",MY
"SporeData Inc, Durham, NC, USA",US
"Oneball Charitable Cancer Organization, Calgary, Canada",CA
"Bone Marrow Transplant Sector, Hospital Rio Grande, Natal, RN, Brazil",BR
"Climate and Clean Energy Advocacy, Alliance of Nurses for Healthy Environments, Mahopac, NY, United States",US
"The Royal Marsden NHSFT, Southampton, United Kingdom",GB
"Department of Palliative Care, CHwapi Tournai, Tournai, Belgium",BE
"Department of Medical Oncology, AZ Glorieux, Ronse, Belgium",BE
"Department of Medical Oncology, Sint Trudo Ziekenhuis, Sint-Truiden, Belgium",BE
"Department of Health Promotion and Behavioral Sciences, School of Public Health, The University of Texas, Austin, USA",US
"Clinical Trials Unit, National Cancer Institute of Naples, Naples, Italy",IT
"Tokyo Sakura Hospital, 1-11-1 Higashishinosaki machi, Edogawa-ku, Tokyo, Japan",JP
"Department of Haematology, Regina Elena National Cancer Institute, Rome, Italy",IT
"Universidade Do Sul de Santa Catarina - UNISUL, Avenida Pedra Branca, 25 - Pedra Branca, 88137-270, Palhoça, SC, Brasil",US
"West German Cancer Center Essen, Department of Medical Oncology, University Hospital Essen, 45147, Essen, Germany",DE
"Latin American Cooperative Oncology Group, Porto Alegre, Brazil",BR
", Toronto, ON, Canada | Toronto, Canada",CA
"Women Centre, West Leederville, Western Australia, Australia",AU
"Gilda's Club, Middleton, WI, USA",US
"Department of Psycho-Oncology, National Cancer Center Hospital, 5-1-1 Tsukiji, Chuo-ku, Tokyo, Japan",JP
"OnkoZert GmbH, Neu-Ulm, Germany",DE
"Arbeitsgemeinschaft Soziale Arbeit in der Onkologie, Berlin, Germany | Deutsche Vereinigung für Soziale Arbeit im Gesundheitswesen e. V., Berlin, Germany",DE
"Department of Urology, Stiftungsklinikum Proselis, Recklinghausen, Germany",DE
"Hull University Teaching Hospitals NHS Trust, Cottingham, UK",GB
"Prostate Cancer Supportive Care Program, Vancouver Prostate Centre, Gordon and Leslie Diamond Health Care Centre, 6th Floor, 2775 Laurel Street, Vancouver, BC, V5Z 1M9, Canada",CA
"Gryt Health, Rochester, NY, USA",US
"Genesis Research, Hoboken, NJ, USA",US
"Kinderwunschärzte Berlin, Zentrum für Kinderwunschbehandlung und Fertilitätsprotektion, Berlin, Germany",DE
"Fertility Centre, Berlin, Germany",DE
"Department of Health Promotion and Behavioral Sciences, School of Public Health, University of Texas Health Science Center at Houston, Dallas, TX, USA",US
"Medical Oncology Unit, ASUR Marche AV2, Fabriano, Italy",IT
"Department of Psychiatry, Istanbul Physical Therapy and Rehabilitation Training and Research Hospital, Istanbul, Turkey",TR
"Careyn, Utrecht, the Netherlands",NL
"MOVE Charity, 21 Cleeve Mount, Registered Charity Number 1165675, Loughborough, LE11 4SD, UK",GB
"Department of Medical Oncology, HC Marbella International Hospital, Ventura del Mar, 11, 29660, Marbella, Málaga, Spain",ES
"Department of Hospital Pharmacy, Clínica Vistahermosa-HLA, Avinguda de Dénia, 103, 03015, Alicante, Spain",ES
"Astraglobe Ltd., 24 Trinity Place, Mossley, Congleton, Cheshire, CW12 3JB, UK",GB
"Department of Nursing Administration, Nanjing Yimin Hospital, Nanjing, 211103, China",CN
"Department of EBM and Guidelines, Japan Council for Quality Health Care, Nagoya, Japan",JP
"Institute of Nursing, Midwifery and Allied Health Research (OxINMAHR), Oxford, UK",GB
", London, UK",GB
"Paxman Coolers, Huddersfield, UK",GB
"Department of Oncology, the Fifth Medical Center of PLA General Hospital, 100 West Middle Forth Ring Road, Fengtai District, Beijing, China",CN
"Cape Fox Facilities Services, Chantilly, VA, USA",US
"Fuji Brain Institute and Hospital, Shizuoka, Japan",JP
"MN Santé, Lyon, France",FR
"Genitourinary Medical Oncology, MD Anderson Cancer Center, Houston, USA",US
"Henri Becquerel Comprehensive Cancer Center, Rouen, France | Centre de Lutte Contre le Cancer Henri Becquerel Normandie Rouen",FR
"Montebello-Center, The Norwegian Resource Center for Coping with Cancer, Mesnali, Norway",NO
"French Association for Supportive Care in Cancer, 20 rue leblanc, F-7515, Paris, France",FR
"Oncology Specialist Research Institute, Park Ridge, IL, USA",US
"Vista Oncology, Olympia, WA, USA",US
"Atlanta Cancer Care, Atlanta, GA, USA",US
"Practice for Color Meridian Therapy, Groningen, The Netherlands",NL
"Australian Urology Associates, Melbourne, Victoria, Australia | Australian Urology Associates, Melbourne, Australia",AU
"Department of Pediatrics, Unidad Nacional de Oncología Pediátrica, Guatemala City, Guatemala",GT
"Department of Clinical Medicine and Surgery, Federico II University School of Naples, Naples, Italy",IT
"National Cancer Institute, Naples, Italy",IT
"Medical Oncology, Perugia Hospital, Perugia, Italy",IT
"Department of Nephrology and Dialysis, Kyoritsu Hospital, Chuo-cho 16-5, Kawanishi, 666-0016, Japan | Department of Nephrology and Dialysis, Kyoritsu Hospital, Kawanishi, Japan",JP
"Multinational Association of Supportive Care in Cancer, Toronto, Canada",CA
"Department of Palliative Care Internal Medicine, Osaka General Hospital of West Japan Railway Company, Osaka, Japan",JP
"Department of Medicine and Geriatrics, Princess Margaret Hospital, Kowloon, Hong Kong",HK
"ICES, Toronto, ON, Canada",CA
"Centura Health, Denver, CO, USA | Centura Health, Denver, USA",US
"Centre Hospitalier Fleriat, 01012, Bourg-en-Bresse, France",FR
"Centre Bourgogne, 59000, Lille, France",FR
"Breakthrough Cancer Research, Glenlee, Western Rd, Cork, Ireland",IE
"Data Science Centre, School of Population Health, RCSI University of Medicine and Health Sciences, Dublin, Ireland",IE
"Medical Affairs Department, Roche Central America and the Caribbean, Heredia, Costa Rica",CR
"Personalized Healthcare, Genentech, South San Francisco, CA, 94080, USA",US
"Consultant Biostatistician, 283 Danforth Ave, Toronto, Canada",CA
School of Nursing and Midwifery,
"Vifor Pharma, Cedex, Neuilly-sur-Seine, France",FR
"Division of Multidisciplinary Oncology and Therapeutic Innovations, AP-HM, Marseille, France",FR
"National Institute of Urology and Nephrology, Cairo, Egypt",EG
"Teva Pharmaceutical Industries Ltd, 400 Interpace Pkwy, Parsippany, NJ, 07054, USA",US
"Teva Pharmaceutical Industries Ltd, 41 Moores Road, Malvern, PA, 19355, USA",US
"Yu Home Care Clinic Asahi, Yokohama, Japan",JP
"Osmol Therapeutics, New Haven, CT, USA",US
"Department of Experimental Oncology, Cross Cancer Institute, Edmonton, AB, Canada | Department of Experimental Oncology, Cross Cancer Institute, Edmonton, Canada",CA
"Stroger Cook County MU-NCORP, Chicago, IL, USA",US
"The Lancet, London, UK",GB
"CA Medlynks Medical Centre and Laboratory, East African Medical Journal, Nairobi, Kenya",KE
"Indian Doctors for Peace and Development, Ludhiana, India",IN
"International Physicians for the Prevention of Nuclear War, Springfield, IL, USA | International Physicians for the Prevention of Nuclear War, Springfield, USA",US
"O’Malley Medical Communications, Victoria, MN, 55386, USA",US
"Independent Fashion Designer, Austin, TX, USA",US
"Princess Margaret Cancer Research Institute, 610 University Avenue, Toronto, ON, M5G 2M9, Canada",CA
"Qualees, Paris, France",FR
"Assistance Pour Le Traitement des Urémiques en Provence-Corse, Centre de Néphrologie Marseille Borde, 13008, Marseille, France",FR
"Sichuan Taikang Hospital, Chengdu, 610213, Sichuan, China",CN
"Institute for Cancer Research, Prevention and Clinical Network (ISPRO), Florence, Italy",IT
"Department of Population Health & Disease Prevention, Joe C. Wen School of Population & Public Health, University of California, 856 Health Sciences Drive, Irvine, CA, 92697-3957, USA",US
"West German Proton Therapy Center Essen (WPE), Essen, Germany",DE
"Department of Childhood and Adolescent Medicine, University Clinic Tübingen, Tübingen, Germany",DE
"Radiation Oncology, National Institute of ENT, Dhaka, Bangladesh",BD
"Radiation Oncology, Ahsania Mission Cancer & General Hospital, Dhaka, Bangladesh",BD
"Clinical and Radiation Oncology, Labaid Cancer and Superspeciality Centre, Dhaka, Bangladesh",BD
"Department of Inner Medicine II (Hematology/Oncology) and University Cancer Center, Schleswig-Holstein (UCCSH), University Medical Center Schleswig-Holstein (UKSH), Kiel, Germany",DE
"Specialist Centre for Adult Dental Care, Aalborg Municipality, Denmark",DK
"Department of Public Health, Hospital Champagne Sud, Troyes, France",FR
"CorEvitas, Waltham, MA, USA",US
"Renata Poblocka, Gdynia, Poland",PL
"Qilu Medical University, School of nursing, ZiBo, China",CN
"Wellstar MCG Health and the Georgia Cancer Center, Augusta, GA, 30912, USA",US
"Liaison Psychiatry and Psycho-Oncology Unit, Department of Psychiatry and Behavioral Sciences, Graduate School of Medical and Dental Sciences, Institute of Science Tokyo, 1-5-45 Yushima, Bunkyo-Ku, Tokyo, 113-8519, Japan",JP
"Dongxiang District Institute for Dermatology and Prevention of Skin Diseases, Fuzhou, Jiangxi, People's Republic of China",CN
"FARO Foundation, Turin, Italy",IT
"Centro Oncológico del Norte, Antofagasta, Chile",CL
"Washington University School of Medicine, Washington, USA",US
"Associazione Tumori Toscana, Home Care Service, Tuscany, Italy",IT
"Academy for Public Health, Kozhikode, Kerala, India",IN
"Jacobs School of Medicine and Biomedical Sciences, University at Buffalo, Buffalo, NY, 14203, USA",US
"Editor-in-Chief, International Nursing Review, Sheffield, UK",GB
"Editor-in-Chief, Medical Journal of Australia, Brisbane, Australia",AU
"Editor-in-Chief, The Lancet, London, UK",GB
"Editor-in-Chief, African Journal of Primary Health Care & Family Medicine, Stellenbosch, South Africa",ZA
"Past President, International Physicians for the Prevention of Nuclear War, Ludhiana, India",IN
"Past President, International Physicians for the Prevention of Nuclear War, Melbourne, Australia",AU
"Editor-in-Chief, African Health Sciences, Kampala, Uganda",UG
"Editor-in-Chief, East African Medical Journal, Nairobi, Kenya",KE
"Department of Radiation Oncology, Miami Cancer Institute, Miami, FL, USA",US
"Division of Psycho-Oncology, Exploratory Oncology Research and Clinical Trial Center, National Cancer Center, Kashiwa, Chiba, Japan",JP
"Department of Palliative Care, Konan Medical Center, Kobe, Japan",JP
"Implenomics, Dover, DE, USA",US
"Initiative for Clinical Epidemiological Research, 1-2-5 Nakamachi, Machida, Tokyo, 194-0021, Japan",JP
"Department of General Surgery, The General Hospital of Western Theater Command, Chengdu, Sichuan, China",CN
"Department of Oncology, The General Hospital of Western Theater Command, Chengdu, Sichuan, China",CN
"SR Sanjeevani Hospital, Kalyanpur, Siraha, 56517, Nepal",NP
"Nanakali Cancer Hospital, Erbil, Iraq",IQ
"Hiwa Cancer Hospital, Sulaimani, Iraq",IQ
"School of Nursing, Shandong Second Medical University, Weifang, Shandong Province, China",CN
"Patient Partner, Vancouver, BC, Canada",CA
"Department of Nursing and Allied Health Research and Knowledge Translation, BC Cancer, Vancouver, BC, Canada",CA
"Department of Health Policy and Informatics, Graduate School of Medical and Dental Sciences, Institute of Science Tokyo, Tokyo, Japan",JP
"Home Palliative Care Asunaro Clinic, Komaki, Japan",JP
"Institute of Applied Technology, Fatima College of Health Sciences, Abu Dhabi, United Arab Emirates",AE
"Initiative for Clinical Epidemiological Research, Tokyo, Japan",JP
"Aozora Clinic, Matsudo, Japan",JP
"Division of Quality Assurance Programs, Institute for Cancer Control, National Cancer Center, Tokyo, Japan",JP
"Consumer Representative, Sydney, NSW, Australia",AU
"Association Patients en Réseau, Paris, France",FR
"Department of Nutrition, Gødstrup Hospital, Herning, Denmark",DK
"Upper Canada College, Toronto, ON, Canada",CA
"Childhood Cancer Survivor Canada, Toronto, ON, Canada",CA
"Independent Researcher, London, UK",GB
"Department of Medical Oncology, Adana City Training and Research Hospital, Adana, 01370, Turkey. pnnarrrr@gmail.com",TR
"Department of Hematopoietic Stem Cell Transplantation, National Cancer Center Hospital, Tokyo, Japan",JP
"The General Hospital of Western Theater Command, Chengdu, 610083, China",CN
"ICES, Kingston, Canada",CA
"Knight Therapeutics, São Paulo, Brazil",BR
"Unidad Nacional de Oncología Pediátrica, Guatemala, Guatemala",GT
"Department of Medical Oncology, Amsterdam University Medical Centre, Amsterdam, The Netherlands",NL
"Department of Medical Oncology, Erasmus University Medical Centre, Rotterdam, The Netherlands",NL
"School of Social Development and Health Management, University of Health and Rehabilitation Sciences, Qingdao, China",CN
"Center for Behavioral Health & Technology, Department of Psychiatry and Neurobehavioral Sciences, University of Virginia School of Medicine, PO Box 801075, Charlottesville, VA, USA. pic2u@virginia.edu",US
"Center for Behavioral Health & Technology, Department of Psychiatry and Neurobehavioral Sciences, University of Virginia School of Medicine, PO Box 801075, Charlottesville, VA, USA",US
"University of Wisconsin Institute for Clinical and Translational Research, Madison, WI, USA",US
"Leeds Cancer Centre, Leeds, UK",GB
"Department of Pharmacology, AISSMS College of Pharmacy, Pune, Maharashtra, India",IN
"Fizyoseyhan Wellness Center, Adana, Türkiye",TR
"Department of Hepatobiliary and Pancreatic Oncology, National Cancer Center Hospital, Tokyo, Japan",JP
"Department of Thoracic Oncology, National Cancer Center Hospital, 5-1-1 Tsukiji, Chuo-Ku, Tokyo, 104-0045, Japan",JP
"Childhood Cancer International - Europe, Vienna, Austria",AT
"School of Nursing and Midwifery, Queen's University Belfast, Belfast, Northern Ireland",GB
"San Nicolash, Argentina",AR
"Kenian Hospice and Palliative Care Association, Nairobi, Kenya",KE
"Private Practice, Rio de Janeiro, Brazil",BR
"New York, New York, USA",US
"Health Education and Practices Laboratory, University Parisse, Villetaneuse, France",FR
"Hope Institute Hospital, Kingston, Jamaica",JM
"Australasian Palliative Link International, Melbourne, Australia",AU
"Mehac Foundation, Kochi, Kerala, India",IN
"Melbourne, Australia",AU
"ResolutionCare, Eureka, California, USA",US
"Balearic Islands Palliative Care Regional Program, Palma de Mallorca, Spain",ES
"International Children's Palliative Care Network (ICPCN), Uganda/UK",
"Polistudium srl, Milan, Italy",IT
"Sunflower Children's Hospice, Bloemfontein, South Africa",ZA
"Paediatric Hospice, VIDAS Association, Milan, Italy",IT
"Service des Soins de Support and Département d'Oncologie Médicale, Centre Henri-Becquerel, Rouen, France",FR
"Psychologen Nederland (Psyned), Amsterdam, the Netherlands",NL
"Worldwide Hospice Palliative Care Alliance, Cape Town, South Africa",ZA
Pediatric and Neonatal Needs Advanced (PANDA) Education Consultants (D.L.),
"UAB Comprehensive Cancer Center, Birmingham, Alabama, USA",US
"The Dementia Centre, HammondCare, St Leonards, New South Wales, Australia",AU
"Department of Palliative Medicine, Marymount University Hospital & Hospice, Cork, Ireland",IE
"Hospice and Home Care Program, FARO Foundation, Turin, Italy",IT
"Sanford School of Public Policy, Durham, North Carolina, USA",US
"Palliative Treatment for Children (PatchSA), Rondebosch, South Africa",ZA
"Together for Short Lives, Bristol, United Kingdom",GB
"International Children's Palliative Care Network, Bristol, United Kingdom",GB
"Division of General Internal Medicine and Geriatrics, OHSU, USA",US
"Biostatistics Shared Resource, Norris Cotton Cancer Center, Lebanon, New Hampshire, USA",US
"Yanggu No. 2 People's Hospital, Liaocheng, Shandong Province, China",CN
"UCLA Center for Health Policy Research, Los Angeles, California, USA",US
"UCSF School of Medicine, San Francisco, California",US
"Division of Geriatrics, Department of Medicine, UCSF, San Francisco, California",US
"Tuscany Tumors Association, Home Care Service, Florence, Italy",IT
"Uehiro Division for Death & Life Studies and Practical Ethics, The University of Tokyo",JP
"Department of Emergency and Critical Care Medicine, Tokyo Bay Urayasu Ichikawa Medical Center",JP
"Department of General Medicine, Section of Palliative Care and Medical Ethics, Pittsburgh, Pennsylvania, USA",US
"Division of Hematology and Oncology, Department of Medicine, UAB, Birmingham, Alabama",US
"Alzheimer's Disease Center, UAB, Birmingham, Alabama, USA",US
"Isabella Geriatric Center, New York, New York",US
"Living Room International (J.M.B.), Eldoret, Kenya",KE
"All-Party Parliamentary Group on Global Health (N.C.), House of Lords, Nursing Now Global Campaign, London, UK",GB
"African Center for Research on End-of-Life Care (C.N.), Kigali, Rwanda",RW
"Treuman Katz Center for Bioethics, Center for Clinical and Translational Research, Seattle Children's Research Institute, Seattle, WA",US
"Palliative Care and Resilience Lab, Center for Clinical and Translational Research, Seattle Children's Research Institute, Seattle, WA",US
"Department of Breast surgery, Fushun Cancer Hospital, Fourth People's Hospital of Fushun, Fushun, P.R. China",CN
"Department of Medical Oncology, Flevo Hospital, Almere, The Netherlands",NL
"Mountbatten Hospice, Isle of Wight, United Kingdom",GB
"Dorothy House Hospice Care, Wiltshire, United Kingdom",GB
"Maine General Health (K.L.K.), Augusta, Maine",US
"Hans Bornefalk AB, Vallentuna, Sweden",SE
"Hospital San Juan de Dios, EAPS Caixa, Pamplona, Spain",ES
"Kenya Hospices and Palliative Care Association (Z.A., M.A., E.M., D.M.), Nairobi, Kenya",KE
"Evangelical Lutheran Church in Tanzania (ELCT) (A.M., P.M., P.N.), Arusha, Tanzania",TZ
"Open Society Initiative for East Africa (G.P., A.A.), Kampala, Uganda",UG
"Rwanda Palliative Care and Hospice Organization (A.R., B.U.), Kigali, Rwanda",RW
"Hospice Palliative Care Association (HPCA) (E.S.), Cape Town, South Africa",ZA
"Independent Research (S.A.), Boston, Massachusetts, USA",US
"Duke Clinical & Translational Science Institute, Durham, NC (K.B.)",US
"National Children's Hospital (X.G.), Quezon City, Philippines",PH
"Department of Palliative Medicine, Konan Medical Center, Kobe, Japan",JP
"Palliative and Supportive Care Division, Seirei Mikatahara Hospital, Shizuoka, Japan",JP
"USC Keck School of Medicine, Family Medicine and Geriatrics (A.C.K.), Alhambra, California, USA",US
"Best Endings, Toronto, ON, Canada",CA
"Iryouhoujinn Takumikai Osaka Kita Homecare Clinic, Osaka, Japan",JP
"Department of Primary Care Service, Shinsei Hospital, Nagano, Japan",JP
"Shishido Internal Medicine Clinic, Sakura, Japan",JP
"Soshukai Okabe Clinic, Natori, Japan",JP
"Homecare-Clinic Kobe, Kobe, Japan",JP
"Himawari Zaitaku Clinic, Kumamoto, Japan",JP
"Kanamecyo Home Care Clinic, Tokyo, Japan",JP
"Fukushima Home Palliative Care Clinic, Fukushima, Japan",JP
"Sekimoto Clinic, Kobe, Japan",JP
"Kanwakeakurinikku-Eniwa, Eniwa, Japan",JP
"Sugimoto Homecare Clinic, Nagoya, Japan",JP
"Palliative and Supportive Care Division, Hamamatsu, Japan",JP
"Hematology-Oncology, Luxembourg Medical Center, Luxembourg City, Luxembourg",LU
"Department of Palliative Care, Tokyo, Japan",JP
"Department of Anesthesiology and Resuscitology, Okayama City, Japan",JP
"British Columbia Cancer Research Centre, Vancouver, British Columbia, Canada",CA
"Department of Palliative Care, Senri Chuo Hospital, Suita, Japan",JP
"Hospice, Gratia Hospital, Minoo, Japan",JP
"Department of Palliative Care, Saito Yukoukai Hospital, Ibaragi, Osaka, Japan",JP
"Palliative Care Centre for Excellence in Research and Education (PalC), Singapore",SG
"Health Outcomes and Medical Education Research, National Healthcare Group, Singapore",SG
"HCA Hospice Care, Singapore",SG
"Dover Park Hospice, Singapore",SG
"MWAPO Health Development Group, Nairobi, Kenya",KE
"NYU Rory Meyers College of Nursing, New York City, New York, USA",US
"Department of Clinical Research and Education, Child and Adolescent Health Services, Perth, Western Australia, Australia",AU
"Center for Nursing Research, University of Texas School of Nursing, Houston, Texas, USA",US
Research Committee Writing Group,
Department of Emergency Medicine (,
"US Oncology of Virginia, Arlington, Virginia, USA",US
"Home Care Program, ASP 6, Genoa, Italy",IT
"Clinical and Molecular Medicine Department, Sapienza University, Sant'Andrea Hospital, Rome, Italy",IT
"Psychology Unit, Associazione VIDAS, Milan, Italy",IT
"Hospice ""il Nespolo"", Airuno (LC), Italy",IT
"Hospice ""Casa Madonna dell'Uliveto"", Albinea (RE), Italy",IT
"Hospice ""Nicola Falde"", Santa Maria Capua Vetere (CE), Italy",IT
"Hospice and Palliative Care Unit, AO G. Salvini, Garbagnate Milanese (MI), Italy",IT
"Daleview Associates, Silver Spring, Maryland, USA",US
"Mid-Atlantic Renal Coalition, Richmond, Virginia, USA",US
"Hospice Palliative Care Association of South Africa, Mondeor, South Africa",ZA
"Hospice Palliative Care Association of South Africa, Mowbray, South Africa",ZA
"Ontario Parents Advocating for Children with Cancer (OPACC), Toronto, Ontario, Canada",CA
"Hamburg Cancer Society, Hamburg, Germany",DE
"Siteman Cancer Center, St. Louis, Missouri, USA",US
"AIM Specialty Health, Chicago, Illinois, USA",US
"Beacon Hospital, Dublin, Ireland",IE
"Hospice West Auckland, Auckland, New Zealand",NZ
"McCloud Consulting Group, Narabang Way, Belrose, New South Wales, Australia",AU
"Higashi Sapporo Hospital, Sapporo, Hokkaido, Japan",JP
"Cardiology (111B), Denver, Colorado, USA",US
"Kingston General Health Research Institute and Clinical Evaluation Unit, Kingston, Ontario, Canada",CA
"Department of Palliative Care, Rehabilitation and Integrative Medicine, Houston, Texas",US
"HOSPICE Casa Sperantei, Brasov, Romania",RO
"Teaching and Learning Center Yale School of Medicine, Yale School of Medicine, New Haven, Connecticut",US
"Community Private Practice, New York, New York, USA",US
"MJHS Institute for Innovation in Palliative Care, New York, New York, USA",US
"Catholic Relief Services (M.J.C.), Lusaka, Zambia",ZM
"Palliative Medicine Cancer Care Centre (R.D.), United Hospital, Dhaka, Bangladesh",BD
"Critical Care Transport Team, Boston, Massachusetts, USA",US
"Cardiovascular and Critical Care Programs, Boston, Massachusetts, USA",US
"Rural Clinical School of Western Australia-Urban Centre, Perth, Western Australia, Australia",AU
"Rural Clinical School of Western Australia - Albany, Albany, Western Australia, Australia",AU
"Palliative Care Department, Polyclinique de l'Ormeau, Tarbes, France",FR
"CHU Nord, Amiens, France",FR
"CHI Alpes du Sud, Gap, France",FR
"Washington DC Veterans Affairs Medical Center, Washington, DC",US
"Division of Adolescent and Young Adult Medicine, Children's National, Center for Translational Science/Children's Research Institute, Washington, DC, USA",US
"Care2Research, Amsterdam, The Netherlands",NL
"UniversalDoctor Project, Barcelona, Spain",ES
"UniversalDoctor Project, Milan, Italy",IT
"WHOCC for Long-term Care and Palliative Care, Institute of Palliative Medicine, Kozhikode, India",IN
"Island Hospice & Healthcare, Harare, Zimbabwe",ZW
"GIGA Consciousness, Coma Science Group, Liège, Belgium",BE
"UCLA Department of Nursing, Los Angeles, California, USA",US
"Department of Critical Care Medicine, Brantford General Hospital, Brantford, Ontario, Canada",CA
"Medical Center Information Technology, NYU School of Medicine, New York, New York, USA",US
"Division of Geriatrics and Palliative Care, Department of Medicine, NYU Langone School of Medicine, New York, New York, USA",US
"Midamerica Heart Institute, Kansas City, Missouri, USA",US
"Core for Biostatistics (M.C.B.), Epidemiology, and Analytics in Research, Seattle Children's Research Institute, Seattle, Washington, USA",US
"Seattle Children's Research Institute (A.S., A.O., K.M.F., M.B.O., J.P.Y-F., A.R.R.), Center for Clinical and Translational Research, Seattle, Washington, USA",US
"Hospice Africa Uganda, Kampala, Uganda",UG
"Hospice & Palliative Care Association of Zimbabwe, Harare, Zimbabwe",ZW
"Palliabru Rue de l'Association 15, Brussels, Belgium",BE
"Department of Metamedica, EMGO+, VU Medical Center, Amsterdam, The Netherlands",NL
"Walther Global Palliative Care and Supportive Oncology, IUSCC, Indianapolis (J.C.), Indiana, USA",US
"PatchSA Palliative Treatment for Children South Africa (J.M.), Bloemfontein, South Africa",ZA
"Department of Palliative Care, Senri-chuo Hospital, Toyonaka City, Osaka, Japan",JP
"Ho Chi Minh City Cancer Hospital, Ho Chi Minh City, Vietnam",VN
"National Cancer Institute, Breast Cancer Service, Rio de Janeiro, Brazil",BR
"Oncological network (G.M.), Prevention and Research Institute-ISPRO, Firenze, Italy",IT
"Department of Internal Medicine, G Sam Hospital, Gunpo, South Korea",KR
"Independently Employed, Bethesda, Maryland, USA",US
"Duke Center on Genomics, Race, Identity, Difference, Durham, North Carolina, USA",US
"Department of Gastroenterology and Hepatology, Western Sussex NHS Foundation Trust, Worthing, UK",GB
"Mother of Mila Grace Montuno, Bereavement Coordinator (L.M.), Conquering CHD Organization",
"Oncology Unit, Ospedale di Novara, Novara, Italy",IT
"Medical Oncology, Ospedale Regionale Treviso, Treviso, Italy",IT
"The Danish Knowledge Center for Rehabilitation and Palliative Care, Copenhagen, Denmark",DK
"The Danish Institute for Local and Regional Government Research, Copenhagen, Denmark",DK
"Greater Illinois Pediatric Palliative Care Coalition, Chicago, Illinois, USA",US
"CompassionNet, Lifetime Care Home Health Care and Hospice, Rochester, New York, USA",US
"Palliative and Hospice Care Program, Department of Veteran Affairs, Washington, DC, USA",US
"Department of Palliative Care, Senri-chuo Hospital, Osaka, Japan",JP
"Ontario Health - Toronto Region (K.W., R.C., M.M., A.N.), Toronto, Ontario, Canada",CA
"L&M Policy Research, LLC, Washington, DC, USA",US
"School of Nursing, Division of Geriatrics, Gerontology, and Palliative Care, Department of Medicine, UAB Center for Palliative and Supportive Care, Birmingham, Alabama, USA",US
"Jurong Community Hospital, Singapore",SG
"Klesis Healthcare (D.F.L.), Durham, North Carolina, USA",US
"Department of Palliative Care, Saito Yukoukai Hospital, Osaka, Japan",JP
"Hanoi, Vietnam",VN
"Noto Sondaggi, Roma, Italy",IT
"Department of Orthopedics, (Q.H.) Xianggong Central Health Center, Linyi, Shandong Province, China",CN
"KKR Department of Palliative Medicine, Sapporo Medical Center, Hokkaido, Japan",JP
"Shinjo Clinic, Hyogo, Japan",JP
"Department of Musculoskeletal Rehabilitation, Poznań University of Physical Education, Poznań, Poland",PL
"Department of Adapted Physical Activity, Poznań University of Physical Education, Poznań, Poland",PL
"Department of Psychology, Poznań University of Physical Education, Poznań, Poland",PL
"Hospice Halifax, Halifax, Nova Scotia, Canada",CA
"Instituto Pallium Latinoamérica (V.A.T., G.S.), Buenos Aires, Argentina",AR
"HCA Hospice Care (P.H.C), Singapore",SG
"Megumi Zaitaku Clinic, Yokohama, Kanagawa, Japan",JP
"Shishido Internal Medicine Clinic, Sakura, Chiba, Japan",JP
"Demizu Clinic, Kishiwada-shi, Osaka, Japan",JP
"Homecare Clinic Kobe, Kobe, Hyogo, Japan",JP
"Kanamecho Home Care Clinic, Tokyo, Tokyo, Japan",JP
"Fukushima Home Palliative Care Clinic, Fukushima-shi, Fukushima, Japan",JP
"Sekimoto Clinic, Kobe, Hyogo, Japan",JP
"Kanwakeakurinikku-Eniwa, Eniwa, Hokkaido, Japan",JP
"Sugimoto Homecare Clinic, Nagoya, Aichi, Japan",JP
"Senri Pain Clinic, Toyonaka City, Osaka, Japan",JP
"Hidamari Clinic, Takasaki City, Gunma, Japan",JP
"Peace Clinic Nakai, Nakai, Kanagawa, Japan",JP
"Hospice Kuria, Valeriusplein, Amsterdam, The Netherlands",NL
"Department of Public and Occupational Health, Amsterdam Public Health Research Institute (APH), Expertise Centre for Palliative Care, VU University Medical Centre, Amsterdam, The Netherlands",NL
"Hospital Universitário Regional dos Campos Gerais (HURCG) Ponta Grossa, Paraná, Brazil",BR
"Rainbows Hospice, Lark Rise, Loughborough, UK",GB
"Patient & Public Representative, UK",GB
"Tata and the National Cancer Grid, Mumbai, India",IN
"Division of Primary Care and Population Health, Stanford School of Medicine, Palo Alto, California, USA",US
"Sankofa CPE Center (D.J.B.), LLC, Chicago, Illinois, USA",US
"Public Health Consultant, San Diego, California, USA",US
"Hungarian Hospice Foundation, Budapest, Hungary",HU
"Division of Respiratory Medicine, Gunma Prefectural Cancer Center, Ohta, Japan",JP
"Division of Medical Support and Partnership, Center for Cancer Control and Information Services, National Cancer Center, Chuo-ku, Tokyo, Japan",JP
"SICP, Italian Society of Palliative Care, Milano, Italy",IT
"Department of Internal Medicine, Section on Gerontology and Geriatrics (Palliative Care), (J.G., B.M.) Winston-Salem, North Carolina",US
"Pain and Policy Studies Group, University of Wisconsin, World Health Organization Collaborating Center for Pain Policy in Palliative Care, Madison, Wisconsin, USA",US
"Hong Kong Cancer Fund, Hong Kong",HK
"Cyprus Association of Cancer Patients and Friends (PASYKAF), Nicosia, Cyprus",CY
"Staedtisches Klinikum Karlsruhe and Paracelsus-Krankenhaus, Bad Liebenzell, Germany",DE
"Middle East Research Group in Integrative Oncology (MERGIO), Middle East Cancer Consortium, Haifa, Israel",IL
"MJHS Hospice and Palliative Care, New York, New York, USA",US
"Clinic SGM Langenthal und Research Institute for Spirituality and Health, Langenthal, Switzerland",CH
"Hospice of Central Switzerland (S.J.P.M.), Littau, Switzerland",CH
"Wolff Center (R.L.Z., P.L.K., R.M.A.), UPMC, Pittsburgh, Pennsylvania",US
"Palo Alto Medical Foundation, Palliative Care and Support Services, Palo Alto, California, USA",US
"Palo Alto Medical Foundation, Palliative Care and Support Services, San Mateo, California, USA",US
"Palo Alto Medical Foundation, Palliative Care and Support Services, Sunnyvale, California, USA",US
"Department of Biostatistics, Japanese Organization for Research and Treatment of Cancer(JORTC) Data Center",JP
"Department of Palliative and Supportive Care, Palliative Care Team, Seirei Mikatagahara General Hospice",JP
"Academy of the Sciences of Palliative Medicine (ASMEPA) (M.B., G.B.), Bentivoglio-Bologna, Italy",IT
"Division of Pharmaceutical Outcomes and Policy, UNC Eshelman School of Pharmacy (S.R.), Chapel Hill, North Carolina",US
"Department of Palliative Care (P.S.B., A.A., R.K., M.T., A.C., I.P., E.B.), Rehabilitation and Integrative Medicine, Houston, Texas, USA",US
"Kenya Hospices and Palliative Care Association (E.M.), Nairobi, Kenya",KE
"Department of Palliative Care (K.N.), Kyowakai Medical Corporation, Daini Kyoritsu Hospital, Kawanishi, Hyogo, Japan",JP
"Department of Medical Oncology (T.S.), National Cancer Center Hospital, Tokyo, Japan",JP
"Departments of Psychiatry and Behavioral Science (J.J.), Neurology and Epidemiology and Biostatistics, UCSF, San Francisco, CA, USA",US
"Japanese Organisation for Research and Treatment of Cancer (JORTC) (S.O., K.A., K.K.), Tokyo, Japan",JP
"Health Systems Group, Harvard School of Public Health (X.J.K.), Boston, Massachusetts, USA",US
"School of Nursing, Naval Medical University (W.Q., J.D., W.G., X.L., J.C.), Shanghai, China",CN
"The Marine Corps Hospital of PLA (F.C.), Guangdong, China",CN
"Department of Physical Medicine and Rehabilitation, Eisenhower Parkway, Ann Arbor, Michigan, USA",US
"UCLA Department of Family Medicine, Los Angeles, California, USA",US
"Department of Women's and Children's Health (A.D.), Pediatric Pain and Palliative Care Service, University Hospital, Padova, Italy",IT
"Hospice Foundation of America (C.B., C.R., I.P., L.C., A.T.), Washington, D.C., USA",US
"Healwell (C.C., K.J.) Arlington, Virginia, USA",US
UT MD Anderson Cancer Center (A.R.),US
KM Healthcare Consulting (K.M.L.),US
"Department of Radiation Oncology (D.I.R., C.D.F.), 1515 Holcombe Blvd., Houston, Texas 77030, USA",US
"Department of Biostatistics (Y.L.), 1515 Holcombe Blvd., Houston, Texas 77030, USA",US
"Department of Palliative, Rehabilitation & Integrative Medicine (A.T.N.-H., S.M., E.B.,L.C.), 1515 Holcombe Blvd., Houston, Texas 77030, USA",US
"Treuman Katz Center for Bioethics, Center for Clinical and Translational Research (E.O.), Seattle Children's Research Institute, Seattle, Washington, USA",US
"Palliative Care and Resilience Lab, Biostatistics Epidemiology and Analytics for Research (BEAR) Core, Seattle Children's Research Institute (K. S. B.), Seattle, Washington, USA",US
"Surgery Department (D.A.J.), First Graceland Hospitals, Abijo-Ajah, Lagos, Nigeria",NG
"Kebbi Medical Centre (A.K.A.), Kebbi State Ministry of Health, Birnin-Kebbi, Nigeria",NG
"Center for Palliative Health (J.T., N.L., M.O.O.), Buffalo, New York",US
"Mental Illness Research, Education, and Clinical Center of the Veterans Integrated Service Network 4 (G.K.K.), Corporal Michael J. Crescenz Veterans Affairs Medical Center, Philadelphia, Pennsylvania, USA",US
Department of Veterans Affairs Boston,US
Boston University,US
"Ariadne Labs (J.J.S., E.B., C.J., B.S., N.D., N.S.M., E.F., J.P.), Boston, MA, USA",US
"Institut d'éthique biomedicale, Centre médical universitaire, Geneva, Switzerland",CH
"Hospice ""Il Gabbiano"", San Vito al Tagliamento, Italy",IT
"Academic Unit of Supportive Care, School of Medicine and Biomedical Sciences",
"Chen Medical, Miami Gardens, Florida, USA",US
"Pack Health LLC, Birmingham, Alabama, USA",US
"Department of Respiratory and Critical Care Medicine, Maoming People's Hospital, Maoming, China",CN
"Department of Otolaryngology, Maoming People's Hospital, Maoming, China",CN
"Lino Maestroni Foundation, Palliative Medicine Research Institute, Cremona, Italy",IT
"Rehabilitation and Alzheimer Disease Evaluation Unit, Ancelle della Carità Hospital, Cremona, Italy",IT
"Geriatric Institute ""Pio Albergo Trivulzio"", Milano, Italy",IT
"Istituto Giano, Riano (Rm), Italy",IT
"Innovation Center for Supportive, Palliative and Psychosocial Care, National Cancer Center, Chuo-ku, Tokyo, Japan",JP
"Department of Palliative Medicine, Milford Care Centre, Castletroy, Limerick, Republic of Ireland",IE
"Department of Radiation Oncology, Henry Ford Medical Center, Detroit, Michigan, USA",US
"Green Spring Station Internal Medicine Clinic, Lutherville, Maryland, USA",US
Internal Medicine,
"Department of Palliative Medicine, University of Munich, Munich, Germany",DE
"Division of Supportive and Palliative Care, Lausanne, Switzerland",CH
"Division of Palliative Care, Passy, France",FR
"Division of Geriatrics, Geneva University Hospitals and Geneva University, Geneva, Switzerland",CH
"Department of Medicine, NYC Health and Hospitals/Woodhull, New York, New York, USA",US
"Alvarez & Marsal, New York, New York, USA",US
"Department of Musculoskeletal Oncology and Rehabilitation, National Cancer Center Hospital, Chuo-ku, Tokyo, Japan",JP
"WCCT Global, Cypress, California, USA",US
"Hospi Corporation, Newark, California, USA",US
"Palliative Care Unit, IRCCS Arcispedale S. Maria Nuova, Reggio Emilia, Italy",IT
"Willem Scholten Consultancy, Lopik, The Netherlands",NL
"MJHS Hospice & Palliative Care, New York, New York, USA",US
"Lay Carer Representative, Cambridge, UK",GB
"Diagnostic Group Integrated Healthcare System, Beaumont, Texas, USA",US
"Division of Palliative Care (T.Y.), Konan Medical Center, Kobe, Japan",JP
"Department of Palliative Care (I.M.), Senri-Chuo Hospital, Toyonaka, Japan",JP
"Hospice (S.I.), The Japan Baptist Hospital, Kyoto, Japan",JP
"Department of Palliative Care (A.S.N.), Miyazaki Medical Association Hospital, Miyazaki, Japan",JP
"Soros Foundation-Kazakhstan, Almaty, Kazakhstan",KZ
"Bridges into the Future, Flint Michigan",US
"Center for Pediatric Palliative Care (K.K., V.Z., B.G., K.K.H., N.H., A.M., D.R., M.F.), Dr von Hauner Children's Hospital, University of Munich, Munich, Germany",DE
"Pallium (J.P., B.R., J.F.), Ontario, Canada",CA
"Rainbows Hospice, Lark Rise, Loughborough , UK",GB
"Division of Palliative Care, Department of Medicine, Konan Medical Center, Kobe, Japan",JP
"Redkite, Brisbane, Queensland, Australia",AU
"Prague Emergency Medical Services, Prague, Czech Republic",CZ
"Centre for Palliative Care, Prague, Czech Republic",CZ
"Ministry of Health and Social Action, Dakar, Senegal, Africa",SN
"Dakar, Senegal, Africa",SN
"Sound Physicians, Tacoma, Washington, USA",US
"Clare Holland House (G.M.), Canberra, New South Wales, Australia",AU
"Living Room Ministries International, Eldoret, Kenya",KE
"Department of Pediatrics, MUSOM, MUCHS, Eldoret, Kenya",KE
"Division of Gerontological Nursing, Faculty of Nursing and Medical Care, Keoi University, Kanagawa, Japan (H.F.)",JP
"Johns Hopkins Community Physicians (MM), Baltimore, MD, USA",US
"Johns Hopkins Community Physicians (NH, CR), Frederick, MD, USA",US
"JHCP Mt. Washington Campus - Marbury Building (MBS), Baltimore, MD, USA",US
"Department of Public Health and Pediatrics (B.A., P.DG., V.D., Y.A.), University of Torino, Torino, Italy",IT
"Massachusetts General Hospital (P.K.E., A.Z., J.G., C.J., H.N., P.E.R., T.J.S., G.J.A., J.J.), Boston, Massachusetts, USA; Harvard Medical School (P.K.E., A.Z., J.G., H.N., P.E.R., T.J.S., G.J.A., J.J.), Boston, Massachusetts, USA. Electronic address: kepost@mgh.harvard.edu",US
"Department of Palliative Care (I.M.), Senri-Chuo Hospital, Osaka, Japan",JP
"VA Quality Improvement Resource Center for Palliative Care (K.A.L., M.M., K.F.G.), Menlo Park, California, USA",US
Community Hospice of Northeast Florida Inc. (C.N.),US
"HCA Hospice Care (P.H.C.), Singapore",SG
"Department of Palliative Care, Rehabilitation and Integrative Medicine, Houston, Texas, USA",US
"Senior Research Associate, OHSU",US
"Division of Palliative Care (R.M.), Department of Medicine, Konan Medical Center, Kobe, Japan",JP
"Instituto Ciências do Movimento (A.C.P.), Jundiaí, SP, Brazil",BR
"Thriving in Place (C.H.), San Francisco, California, USA",US
"Self-Help for the Elderly (A.C.), San Francisco, California, USA",US
"Independent community advocate (E.C.W.), San Francisco, California, USA",US
"Chinese Community Healthcare Association (J.W.W.), San Francisco, California, USA",US
"Molly Wertz Consulting (M.W.), San Francisco, California, USA",US
"Centre for Shared Decision Making and Collaborative Care Research, Oslo, Norway",NO
No affiliation,
"EpioneMD (A.B.), Carlisle, Massachusetts, USA",US
"Department of Medicine, Yas Clinic Group, Abu Dhabi, United Arab Emirates",AE
"agilon health (K.R., B.K.), Boston, Massachusetts, USA",US
"Brookdale Department of Geriatrics and Palliative Medicine (N.E.G.), Icahn School of Medicine, New York City, New York USA",US
"agilon health (L.P.), St. Petersburg, Florida, USA",US
"Department of Palliative Medicine (L.B., S.H., N.O.), Our Lady's Hospice & Care Services, Ireland",IE
"Beacon Hospital (R.M., J.A., A.M., E.T., J.W., P.T.), Ireland",IE
"Research Unit for General Practice (E.S.R, L.S.T, M.G, M.K.N), Aarhus, Denmark",DK
"VA Connecticut, Yale School of Medicine, New Haven, CT",US
University of Texas Health Science Center,US
University of Texas,US
"VA Hospital, Madison, WI",US
"Department of Veterans Affairs, Madison, WI",US
School of Medicine at Mount Sinai,US
"Center for Cancer Control and Information Services, National Cancer Center, Chuo-ku, Tokyo, Japan",JP
"Consult-Stat: Complete Statistical Services, Macungie, Pennsylvania, USA",US
"Department for Biostatistics, Epidemiology, and Health Economics, Oslo University, Oslo, Norway",NO
"Local Health Unit n. 7, Conegliano, Italy",IT
"Palliative Care Unit, Local Health Unit n. 4, Thiene, Italy",IT
"Hummingbird House, Brisbane, Queensland, Australia",AU
"Queensland Sleep, Brisbane, Queensland, Australia",AU
"Palliative Care Team, Matosinhos Local Health Unit (Unidade Local de Saúde de Matosinhos-ULSM), Matosinhos, Portugal",PT
"Center for Health Services Research in Primary Care, Durham Veterans Affairs Medical Center, Durham, North Carolina, USA",US
"Department of Pediatric Hematology and Oncology, University Children's Hospital, Munich, Germany",DE
"Zen Hospice Project, San Francisco, CA",US
"Oncology Department, Guangdong Provincial Hospital of Chinese medicine, Guangzhou, China",CN
"Kawakita Maeda Hospital, Tokyo, Japan",JP
"Support Research Service, Primary Health Care, Tenerife, Spain",ES
"Department of Veterans Affairs/Mount Sinai, Bronx, NY",US
"Centro Universitário Estácio de Ribeirão Preto, Faculdade de Medicina, Centro Universitário Estácio, Ribeirão Preto, São Paulo, Brazil",BR
"Medicine of Pain in America's Medical City, United Health Group, Rio de Janeiro, Rio de Janeiro, Brazil",BR
"Biomarin Pharmaceutical Inc, São Paulo, Brazil",BR
"Department of Acupuncture and Moxibustion, Tianjin Gong An Hospital, Tianjin, China",CN
"Hummingbird House Hospice, Chermside, Queensland, Australia",AU
"ASST-Rhodense (N.U.), Garbagnate Milanese, Milan, Italy",IT
"ASST-Rhodense, Palliative Care and Pain Therapy Department (V.S., G.F.), Garbagnate Milanese, Milan, Italy",IT
"ASST-Rhodense Bachelor School of Nursing (A.A.), Rho, Milan, Italy",IT
"Te Omanga Hospice, Hutt City, New Zealand",NZ
"Milford Hospice, Castletroy, Limerick, Ireland. Electronic address: m.oreilly@milfordcarecentre.ie | Milford Hospice, Castletroy, Limerick, Ireland",IE
"Milford Hospice, Castletroy, Limerick, Ireland",IE
"European Association for Palliative Care, Milan, Italy",IT
"St. Mary's Research Centre (E.B., M.M., S.D.L.), Montreal, Canada",CA
"Division of Medical Oncology, N.S. di Bonaria Hospital, San Gavino, Italy",IT
"Higashi Sapporo Hospital, Sapporo, Japan",JP
"ICES, Ottawa, Ontario, Canada",CA
"Hospital Municipal Dr. Moysés Deutsch (L.K.R.D.A, D.C.D.L.S., B.A.C., G.V., C.M.B.F., V.L.A., F.M.D.T.P., L.H.D.C.) Sao Paulo, Brazil",BR
"TEIEIKAI Medical Corporation (S.I.O.), Chiba, Japan",JP
"Department of Palliative Care (I.M.), Seri-Chuo Hospital, Toyonaka, Japan",JP
"VA Connecticut & Yale School of Medicine, New Haven, CT",US
"Duke Pain Prevention and Treatment Program, Durham, NC",US
"Right Brain/Left Brain, LLC, Alexandria, Virginia, USA",US
"GenesisCare Radiation Oncology South Australia, Adelaide, South Australia, Australia",AU
"Edmonton Zone Palliative Care Program, Edmonton, AB, Canada",CA
"Artfield Creative Therapy, Bangkok, Thailand",TH
"Section of Palliative Care, Division of Primary Care and Population Health, Department of Medicine, Stanford School of Medicine, Palo Alto, California, USA",US
"Center for Guardianship Excellence, Andover, Massachusetts, USA",US
"Department of Medicine & Geriatrics, Princess Margaret Hospital, Kowloon, Hong Kong",HK
"Health Outcomes and Medical Education Research (HOMER), National Healthcare Group, Singapore, Singapore",SG
"Khartoum Oncology Hospital (N.G., S.S.), Sudan",SD
"National Cancer Institute (H.A.), Wad Madani, Sudan",SD
"East Oncology Center (M.M.), Gedarif, Sudan",SD
"North Carolina Translational and Clinical Sciences Institute (S.C.), University of North Carolina, Chapel Hill, North Carolina, USA",US
"VHA National Center for Ethics in Health Care (M.S.W., C.M.A.G.), Washington, District of Columbia, USA; Departments of Psychiatry and Internal Medicine (C.M.A.G.), Ethics Education, University of New Mexico School of Medicine, Albuquerque, New Mexico, USA",US
"Department of Palliative Medicine, National Cancer Center, Tokyo, Japan",JP
"Patient Support Center, Gunma Prefectural Cancer Center, Ota, Gunma, Japan",JP
"HCA Hospice Care, Kwong Wai Shiu Hospital, Singapore, Singapore",SG
"Hospice and Palliative Care Association of New York State (HPCANYS) (C.B.), Albany, New York, USA",US
"Hospice Analytics Inc. (C.K.), Colorado Springs, Colorado, USA",US
"MJHS Institute for Innovation in Palliative Care (L.D., S.D., R.P.), New York, New York, USA",US
"Department of Palliative Medicine, National Cancer Center Hospital (K.A.), Tokyo, Japan",JP
"Marymount Hospice (H.O., C.K., S.R., F.K.), Cork, Ireland",IE
"Department of Veterans Affairs (K.F.G., M.S., M.M., A.W., K.A.L.), Menlo Park, California",US
"Department of Veterans Affairs (S.S.), VA Palliative Care, Lebanon, Pennsylvania",US
"Department of Palliative Care, Tsukuba Central Hospital, Ushiku, Japan",JP
"Uguisu Home Care Clinic, Hamamatsu, Japan",JP
"BC Centre for Palliative Care, New Westminster, BC, Canada",CA
"Department of Clinical Decision Support, Health Base Foundation, Houten, The Netherlands. Electronic address: sander.borgsteede@healthbase.nl | Department of Clinical Decision Support, Health Base Foundation, Houten, The Netherlands",NL
"Safer Care Victoria (A.S.), Melbourne, Australia",AU
"Tel Aviv Medical Center, Tel Aviv, Israel",IL
"DC Veterans Administration Medical Center, Washington, DC, United States",US
UAB School of Medicine,US
Care Dimensions,US
"Chippenham Hospital (L.B.A.), Richmond, Virginia, USA",US
McGaw Medical Center of Northwestern University,US
Northwestern University Feinberg School of Medicine,US
Northwestern,US
"Department of Biobehavioral Health Sciences NewCourtland Center for Transitions and Health (S.H.M), Leonard Davis Institute of Health Economics; University of Pennsylvania, Philadelphia, PA",US
"Department of Nursing Science, Interim Director (P.S.H), Center for Translational Research, Director, Professional Practice and Quality, Research Integrity Officer, William and Joanne Conway Chair in Nursing Research, Children's National Hospital, Professor of Pediatrics, School of Medicine and Health Sciences, George Washington University, Washington, DC",US
"Newton Ferrers (R.A.M.), Plymouth, UK",GB
Genesis Physician Services,US
University of Maryland School of Nursing,US
"Department of Palliative Care (A.S.N.), Miyazaki Medical Association Hospital, Miyazaki, Japan | Department of Palliative Care, Miyazaki Medical Association Hospital, Miyazaki, Japan",JP
"NHO Yamaguchi-Ube Medical Center, Ube, Yamaguchi, Japan",JP
"Gratia Hospital Hospice, Mino, Osaka, Japan",JP
"Palliative Care Division, Saito Yukoukai Hospital, Ibaragi, Osaka, Japan",JP
"Willem Scholten Consultancy, Medicines and Controlled Substances, Lopik, The Netherlands",NL
"Innovation Center for Supportive, Palliative and Psychosocial Care, Department of Psycho-Oncology, National Cancer Center Hospital, Tsukiji, Chuo-ku, Tokyo, Japan",JP
"Hospital and Palliative Nursing Association, Pittsburgh, Pennsylvania, USA",US
"Soros Foundation-Kyrgyzstan, Bishkek, Kyrgyzstan",KG
"Public Foundation ""Ergene"", Bishkek, Kyrgyzstan",KG
"Reliance Hospice and Palliative Care, Costa Mesa, California, USA",US
"Poursina Hakim Research Institute, Isfahan, Iran",IR
"St. Clare Hospice, Hastingwood, United Kingdom",GB
"Department of Readaptation and Palliative Medicine, University Hospitals of Geneva, Hopital de Bellerive",CH
"St. Clair Hospital, Pittsburgh, Pennsylvania, USA",US
"Center for Geriatrics, Bridgeport, CT",US
"Connecticut Burn Center, Bridgeport, CT",US
"Veteran Experience Center, Philadelphia, Pennsylvania, USA",US
"Calming Tree Counselling, Kitchener, ON, Canada",CA
"Duke School of Nursing, Durham, North Carolina, USA",US
"Living Room Ministries International (A.T., D.M., J.N., J.M.B.), Eldoret, Kenya",KE
"Brookdale Hospice, Cincinnati, OH",US
"St. Moores College, University of Saskachewan, Saskatoon, SK, Canada",CA
Boston Veterans Affairs,US
Hospice Cleveland County,US
"Former Health Program Manager of Open Society Foundation for Albania, Tirana, Albania",AL
"Ryder Albania Association, Tirana, Albania",AL
"Hospice of Yuma, Yuma, AZ",US
"Duarte, CA",US
"Covina, CA",US
"San Francisco, CA",US
"Cambridge, MA",US
"Temmy Latner Centre, Toronto, Canada",CA
Rady Children's Homecare,US
Rady Children's Hospital,US
Johns Hopkins Medical Institution,US
University of Wisconsin,US
"Shambhala Meditation Center of Chicago, Chicago, IL",US
"Seattle Children's Research Institute, Seattle, WA",US
"University of North Carolina Healthcare, Chapel Hill, NC",US
Angela Hospice Home Care,US
Harry R. Horvitz Center for Palliative Medicine,US
"St Ann's Hospice (L.K., J.P., A.P., S.C., S.K., L.A.H.), Cheadle, Cheshire, UK",GB
"VA Audie Murphy Hospital, San Antonio, TX",US
"Seven Hills Pediatric Center, Groton, MA",US
"Indo American Cancer Association, Dallas, TX",US
"Indo-American Cancer Association, Dallas, TX",US
Mount Sinai Hospital,US
Gehr Center for Health Systems Science,US
Chinese American Coalition for Compassionate Care,US
"ASST-Rhodense, Palliative Care, Hospice and Pain Therapy Department, Garbagnate Milanese, Milan, Italy",IT
"ASST-Rhodense, Garbagnate Milanese, Milan, Italy",IT
Hospital of Chicago,US
Independent,
University of North Carolina Palliative Care Program,US
Sickle Cell 101,US
"University of California, San Francsico",US
Washington University,US
Washington University School of Medicine,US
"MJHS Institute for Innovation in Palliative Care New York, New York, USA | MJHS Institute for Innovation in Palliative Care, New York, New York, USA",US
"MJHS Institute for Innovation in Palliative Care New York, New York, USA",US
"Midlands Specialist Community Palliative Care Services, Tullamore, Ireland",IE
"Genentech, Inc., South San Francisco, CA",US
"Northwestern Feinberg School of Medicine, Lake Forest, IL",US
"Center for Ethics in Health Care, Portland, OR",US
"North Shore-LIJ, Great Neck, NY",US
"Greater Illinois Pediatric Palliative Care Coalition, Chicago, IL",US
"Greater Illinois Pediatric Palliative Care Coalition, Forest Park, IL",US
"University at Buffalo, State University, Buffalo, NY",US
"Regence Blue Cross/Blue Shield, Portland, OR",US
"CareLink, LLC, Laguna Niguel, CA",US
"Taiwanese-American artist, New Orleans, LA",US
"National Institute of Health, Bethesda, MD",US
"Older Adult Homebound Program, San Fernando Valley Community Mental Health Center, Van Nuys, California, USA",US
"LifeChronicles, Santa Barbara, California, USA",US
"Department of Palliative Medicine, Universal Medical Center, Tbilisi, Republic of Georgia",GE
"Greater Illinois Pediatric Palliative Care Coalition, Evanston, IL",US
"Virginia Beach, VA",US
"University Children's Hospital, Munich, Germany",DE
"Assisi Hospice, Singapore, Singapore",SG
"Maison médicale Jeanne Garnier, Paris, France",FR
"Hospital Nacional Dr. Juan José Fernández Zacamil, San Salvador, El Salvador",SV
"MedStar Southern Maryland Hospital, Clinton, MD",US
"Paulist Fathers, Washington, DC",US
Seattle Children's Research Institute,US
"Empath Health, St. Petersburg, Florida, USA",US
"River Valley Justice Center, Lombard, IL",US
"Geisel School of Medicine, Lebanon, NH",US
Motivational speaker and best-selling author,
"CultureSync, Los Angeles, CA",US
"Home Care Service, Associazione Tumori Toscana, Florence, Italy",IT
"Bellinzona, Ticino",
"North Shore Long Island Jewish, New Hyde Park, NY",US
"Thai Red Cross AIDS Research Center, Queens, NY",US
"Sharp HealthCare, La Mesa, CA",US
"Kerr Healthcare Analytics, Mill Valley, CA",US
"Palliative Outreach Resource Team, Victoria, BC, Canada | Victoria Hospice, Victoria, BC, Canada",CA
"Cool Aid Community Health Centre, Victoria, BC, Canada | Palliative Outreach Resource Team, Victoria, BC, Canada",CA
"Pallium Canada, Ottawa, ON, Canada",CA
"Hobart District Nursing Service Inc., Moonah, Tasmania, Australia",AU
"Vizient, Chicago, IL",US
"National POLST Paradigm, Portland, OR",US
"Lifetime HealthCare Companies, Rochester, NY",US
"Simms/Mann-UCLA Center for Integrative Oncology, Los Angeles, CA",US
"University Hospital, San Antonio, TX",US
"Yale Palliative Care Program, New Haven, CT",US
"Undergraduate, San Antonio, TX",US
"St. Joseph's Healthcare System, Paterson, NJ",US
"Sutter Care at Home, Modesto, CA",US
"Central Florida YMCA, Orlando, FL",US
"Cudeca Hospice, Benalmádena, Málaga, Spain",ES
"Unité de médecine familiale-Laval, Québec, QC, Canada",CA
"CEOC - Centro de Oncologia De Caruaru, Caruaru, Pernambuco, Brazil",BR
"Palliative Care Centre for Excellence in Research and Education, Singapore",SG
"Marymount University Hospital and Hospice, Curraheen, Cork, Ireland",IE
"Emily's House / Philip Aziz Centre, Toronto, ON, Canada",CA
"CEOC - Centro de Oncologia de Caruaru, Caruaru, Pernambuco, Brazil",BR
"Hospital Mestre Vitalino, Caruaru, Pernambuco, Brazil",BR
"Inner City Health Associates, Toronto, ON, Canada",CA
"Tracking California, Richmond, CA",US
"The Holding Group and University of CO Hospital, Denver, CO",US
"The Holding Group, Denver, CO",US
"Teaching Credential, Tao Center for Healing, Sacramento, CA",US
"Center for Palliative Psychiatry, Richmond, VA",US
"Division of Geriatrics, UCLA Department of Medicine, Los Angeles, California, USA",US
University of Colorado Aurora,US
UAB School of Nursing,US
UAB Center for Palliative and Supportive Care,US
Johns Hopkins School of Medicine,US
Lane Medical Library & Knowledge Management Center,US
"Department of Public Health and Nursing, Faculty of Medicine and Health Sciences, NTNU, Trondheim, Norway",NO
Rocky Mountain Regional VA Medical Center,US
University of North Carolina,US
VA Medical Center,US
Northwestern University,US
Palo Alto Medical Foundation,US
"BC Cancer - Abbotsford, Abbotsford, BC, Canada",CA
"BC Cancer - Vancouver, Vancouver, BC, Canada",CA
"Department of Family Medicine, Palliative Care McGilll, McGill University, Portland, Oregon, USA",US
"Division of Pulmonary, Critical Care and Sleep Medicine, Scripts Clinic (J.A.C.), La Jolla, California, USA",US
State University,
University of Pitts-burgh,US
Department of Veteran Affairs,US
VA,US
Department of Veterans Affairs,US
Mayo Hospital,US
"Centre for Development of Home Care Services in Hedmark, Hamar, Norway | Hedmark University College, Elverum, Norway",NO
"Louisville VA Hospital, Louisville, KY",US
"Department of Veterans Affairs, Mayfield, KY",US
"Data Dome, Inc., Atlanta, GA",US
Aurora Veterans Affairs,US
"Duke & VA Medical Center, Duke and VA Medical Centers",US
"Department of Health and Welfare, Mie Prefectural Government, Tsu, Mie, Japan",JP
"Centre for Injury Prevention and Research, Bangladesh, Dhaka, Bangladesh",BD
Parent collaborator: no institution,
"Barts and The London School of Medicine and Dentistry, London, United Kingdom",GB
"Bafoussam Regional Hospital-Cameroon, Bafoussam, West Region, Cameroon",CM
"Dover Park Hospice, Singapore, Singapore",SG
"Banner Baywood Medical Center, Gilbert, AZ",US
"Orinda, CA",US
"Duke Medicine, Durham, NC",US
"Gentiva Healthcare, Nashville, TN",US
"MJHS Institute for Innovation in Palliative Care, New York, NY",US
"Penn Home Care and Hospice Services, Bala Cynwyd, PA",US
"Hospice of the Chesapeake, Annapolis, MD",US
"Care Management Organization, Bronx, NY",US
"Care Management Organization, Yonkers, NY",US
"Care Management Organization, New York, NY",US
"Consultant working with Daleview Associates, Centreville, VA",US
"Daleview Associates, Silver Spring, MD",US
"Liam’s Room, Inc., Westfield, NJ",US
"Advanced Care Team, Philadelphia, PA",US
"Hart Health Strategies, Washington, DC",US
"UCSF Division of Geriatrics, San Francisco, CA",US
"UCSF, San Francisco, CA",US
"Vitas Innovative Hospice Care, Gotha, FL",US
"Restorative Speech, Elkins Park, PA",US
"Penn Home Care and Hospice Services, Ambler, PA",US
"Zhianawa Cancer Center, Sulaymaniyah, Iraq",IQ
"American Health Lawyers Association, Harrisburg, PA",US
"University of Wisconsin, Verona, WI",US
"Home & Hospice Care of Rhode Island, Cranston, RI",US
"Louisville, KY",US
"Gentiva Health Services, Rockdale, TX",US
"Durham, NC",US
"UCSF School of Medicine, San Francisco, CA",US
"University of Colorado College of Nursing, Aurora, CO",US
"San Diego, CA",US
"Hospice of the Community, Lancaster, PA",US
"Rochester General Health System, Rochester, NY",US
"The Deremo Group, Detroit, MI",US
"Clermont, FL",US
"Drexel School of Medicine, Laguna Niguel, CA",US
"Threshold Globalworks, Brooklyn, NY",US
"Emory Palliative Care Center, Decatur, GA",US
"Harvard Palliative Care Fellowship, Boston, MA",US
"MemoryCare, Asheville, NC",US
"Bonny Doon, CA",US
"Ford Meade VAMC, Clancy, MT",US
"OSU/OHSU College of Pharmacy, Seattle, WA",US
"OSU/OHSU College of Pharmacy, Portland, OR",US
"OSU/OHSU College of Pharmacy, Medford, OR",US
"Housecall Providers, Portland, OR",US
"Hudson Valley Psychodrama Institute, Highland, NY",US
"MD Anderson Cancer Center, Richmond, VA",US
"Quick Bridge Funding, Walnut, CA",US
"New York, NY",US
HPNF PDIA Nursing Leadership Award in Palliative Care | SWHPN PDIA Career Achievement Award,
Moderator,
"Ross Heart Hospital, Columbus, OH",US
"Hospice of the Chesapeake, Pasadena, MD",US
"Geriatric Oncology Solutions, La Jolla, CA",US
"Hospice and Palliative CareCenter, Winston Salem, NC",US
"Centre For Palliative Care Education & Research, Fitzroy, VIC, Australia",AU
"Kentucky Children’s Hospital, Nicholasville, KY",US
"Pediatric Advanced Care Team, Philadelphia, PA",US
"IBM and Patient-Centered Primary Care Collaborative, Somers, NY",US
"River Hills, WI",US
"Milestones Research and Evaluation, Chicago, IL",US
"Hospice of New York, Queens, NY",US
"Yale-New Haven Medical Center, New Haven, CT",US
"University of Maryland School of Pharmacy, Annapolis, MD",US
"IMS Oncology/Palliative Care Alliance, Mesa, AZ",US
"Vitas Innovative Hospice Care, Parkland, FL",US
"VITAS Healthcare, Lauderhill, FL",US
"VITAS Healthcare, Buford, GA",US
"Duke Divinity School, Durham, NC",US
"University of California at San Francisco, San Francisco, CA",US
"Gifford Primary Care, Barre, VT",US
"Avera Medical Group Palliative Medicine, San Antonio, TX",US
"Health Management Associates, Costa Mesa, CA",US
"Harvard Palliative Medicine Fellowship, Boston, MA",US
"Brooklyn, NY",US
"Dublin Institute of Technology, Dublin, Ireland,",IE
"Dublin Institute of Technology, Dublin, Ireland",IE
"Education in Palliative Care and End-of-Life-Care Project, Chicago, IL",US
"WCCT Global, Fullerton, CA",US
"School of Gerontology Health Management and Master Program in Long-Term Care, College of Nursing, Taipei Medical University, Taipei, Republic of China",TW
"National Institute of Cancer Research, National Health Research Institutes, Taipei, Republic of China",TW
"Great Lakes Palliative Care, Clarence, NY",US
"Child Development, Akron, OH",US
"Sisters Hospitallers' Guadalupe Clinic, Quito, Ecuador",EC
Hospice and Palliative Nurses Association (HPNA),US
"Philadelphia Veterans Administration Medical Center, Philadelphia, PA",US
"Visiting Physician Associates, Madison, WI",US
"Stein Hospice Service, Inc, Sandusky, OH",US
"Symptom Management Consultants, Houston, TX",US
"Chaire et Clinique de médecine palliative, Université des sciences médicales K. Marcinkowski, Poznan, Pologne",PL
"Mobile Care Palliative Team, CHU Bichat, Paris, France",FR
"CHU Nantes Laennec, Nantes, France",FR
"HammondCare, Sydney, NSW, Australia",AU
"Nkoaranga Lutheran Hospital, Arusha, Tanzania",TZ
"Hospice New Zealand, Wellington, New Zealand",NZ
"Department of Health Sciences, Lund, Sweden",SE
"MJHS Hospice and Palliative Care, New York, NY, United States",US
"Twelve Canada, London, ON, Canada",CA
"Independent Researcher, Montréal, QC, Canada",CA
"Intogrey Research and Development Inc., Abbotsford, BC, Canada",CA
"Carpenter Hospice, Burlington, ON, Canada",CA
"Equipe Ressource Régionale en Soins Palliatifs Pédiatriques Pays de Loire, site Angers, Angers, France",FR
"Société française d'accompagnement et de soins palliatifs, La Celle Saint-Cloud, France",FR
"Société de soins palliatifs à domicile du Grand Montréal, Montréal, QC, Canada",CA
"MSP “Les Vignes de l'Abbaye”, Saint Just en Chaussée, France",FR
"Sanandage University of Medical Sciences, Sanandage, Iran",IR
"St Joseph's Hospice, Livingstone, Southern Province, Zambia",ZM
"Emily's House Children's Hospice, Toronto, ON, Canada",CA
"Emily's House Children's Hospice, Toronto, ON, Canada | Philip Aziz Centre for Hospice Care, Toronto, ON, Canada",CA
"Scarborough Centre for Healthy Communities, Toronto, ON, Canada",CA
"Bayt Abdullah Children's Hospice, Kuwait",KW
"Hospice of St Francis, Berkhamsted, Hertfordshire, United Kingdom",GB
"Comité national d'éthique du funéraire, La Celle Saint-Cloud, France",FR
"Chambre Nationale Syndicale de l'Art Funéraire (CSNAF), Paris, France",FR
"UT Houston McGovern Medical School, Houston, TX",US
"Mount Carmel Hospice and Palliative Care, Columbus, OH",US
"University Hospital, Nutley, NJ",US
"PLLC, Pittsburgh, PA",US
"Home Care, Brooklyn, NY",US
"MJHS Institute For Innovation In Palliative Care, New York, NY",US
"MJHS Hospice and Palliative Care, New York, NY",US
"Evolent Healthcare, Arlington, VA",US
"Hands of Hope Hospice and Palliative Care, Columbia, SC",US
"Cardinal Bernardin Cancer Center, Maywood, IL",US
Palliative Nursing Leadership Lecture,
"Mount Carmel Hospice and Palliative Care, Dublin, OH",US
"Critical Measures, Minneapolis, MN",US
"Acevedo Consulting Inc., Delray Beach, FL",US
"Hospice Nurse, Writer, and Author, Pittsburgh, PA",US
"Hospice by the Bay, San Francisco, CA",US
"BVNAH, Springfield, MA",US
"Interim Healthcare, Lockhart, TX",US
"Atrius Health, Needham, MA",US
"University Hospital, New Braunfels, TX",US
"Tufts Health Plan, Watertown, MA",US
"Louisiana State University Health Shreveport, Shreveport, LA",US
"VNA/Hospice of Philadelphia, Philadelphia, PA",US
"Hospice of Philadelphia, Philadelphia, PA",US
"Grad Cert Pall Care, Hospis Malaysia, Kuala Lumpur, Malaysia",MY
"Department of Veterans Affairs, CMCVAMC, Philadelphia, PA",US
"Transitions Lifecare, Raleigh, NC",US
"Transitions LifeCare, Raleigh, NC",US
"VA Medical Center, Edmonds, WA",US
"University of California, Benicia, CA",US
"Rocky Mountain Hospice, Salt Lake City, UT",US
"Institute for Human Caring, Torrance, CA",US
"Gentiva Hospice, Nashville, TN",US
"Center for Research on Health Care (CRHC) Data Center, Pittsburgh, PA",US
"Office of End-of-Life and Palliative Care Research (OEPCR), NIH/NINR, Bethesda, MD",US
"Boston Medical Center, Boston, MA",US
"Poet, Author, Speaker, Langley, WA",US
"Goodwin House Palliative Care and Hospice, Falls Church, VA",US
"Access Trustbridge, West Palm Beach, FL",US
"St. Charles Hospice, Prineville, OR",US
"VITAS Healthcare, Santa Monica, CA",US
"BJC Hospice and Washington University School of Medicine, St. Louis, MO",US
"EPEC Project, Chicago, IL",US
"Harvard Interprofessional Palliative Care Fellowship, Boston, MA",US
"Hope Hospice and Palliative Care Rhode Island, Providence, RI",US
"VA Medical Center, West Roxbury, MA",US
"Montgomery Internal Medicine Group, Princeton, NJ",US
"Interim Healthcare, Austin, TX",US
"Mildred Consulting and Advocacy, Sacramento, CA",US
"Methodist Alliance, Memphis, TN",US
"EMA Care, Teaneck, NJ",US
"IAHPC, Houston, Texas",US
"NYU Rory Meyers College of Nursing, New York, NY",US
"Casa de la Luz Hospice, Tucson, AZ",US
"OnePoint Patient Care Pharmacy, Tempe, AZ",US
"Duke & VA Medical Center, Durham, NC",US
"Guatemala, Guatemala",GT
"Noida, India",IN
"Snugu, Nigeria, Africa",NG
"VH Hospital, Madison, WI",US
"Hospice By the Sea, Trustbridge, West Palm Beach, FL",US
"Weston, FL",US
"Trustbridge, West Palm Beach, FL",US
"University of Colorado, College of Nursing, Denver, CO",US
"University of Colorado Swedish Family Medicine, Littleton, CO",US
"Kuala Lumpur, Malaysia",MY
"Silchar, India",IN
"Belgrade, Serbia",RS
"ResolutionCare, Eureka, CA",US
"Karuk Tribe, Yreka, CA",US
"Dr, Cudeca Hospice Foundation, Benalmádena, Málaga, Spain",ES
"Change Healthcare, Springfield, MO",US
"University of California at Irvine, Orange, CA",US
"Master Certified Coach (MCC) BA MA, Boston, MA",US
"Care Dimensions, Danvers, MA",US
"Department of Veterans Affairs, Chicago, IL",US
"Harvard Interprofessional Palliative Care, Boston, MA",US
"Carevive, Inc, Miami, FL",US
"Carevive Systems, Inc., Miami, FL",US
"Carevive, Inc. Philadelphia, PA",US
"Transitions LifeCare, Chapel Hill, NC",US
"Department of Veterans Affairs, Seattle, WA",US
Bristol Medical School (PHS),GB
"Ghement Statistical Consulting Company Ltd., Richmond, BC, Canada",CA
"MacroLife Coaching LLC, Baltimore, MD, United States",US
"Johns Hopkins Home Health Services, Baltimore, MD, United States",US
"Tao Center for Healing, Sacramento, CA, United States",US
"Faculdade Estácio de Sá de Vitória, Vitória, ES, Brazil",BR
"Greenwich Hopsital Hammond Care, Sydney, NSW, Australia",AU
"St Leonard's Hospice, York, North Yorkshire, United Kingdom",GB
"Préma-Québec, Longueuil, QC, Canada",CA
"Palliabru, Brussels, Belgium",BE
"St. Mary's Research Centre, Montréal, QC, Canada",CA
"Maison Médicale Jeanne Garnier, Paris, France",FR
"Children's Research Institute, Washington, DC, United States",US
"Associazione Triangolo, Ticino, Switzerland",CH
"Emily's House, Toronto, ON, Canada",CA
"Emily's House, Toronto, ON, Canada | Philip Aziz Centre, Toronto, ON, Canada",CA
"Institute of Medical Sociology, Health Services Research, and Rehabilitation Science (IMVR), Cologne, NRW, Germany",DE
"Le Phare, Enfants et familles, Montréal, QC, Canada",CA
"Flor de la Vida, Toluca, México, México",MX
"Haven of Hope Sister Annie Skau Holistic Care Centre, Hong Kong | Hong Kong Society of Palliative Medicine, Hong Kong",HK
"University of Texas Dell Medical School, Austin, TX",US
"Department of Veterans Affairs, New York, NY",US
"Pediatric Palliative Care, Chicago, IL",US
"UAB Center for Palliative and Supportive Care, Birmingham, AL",US
"Sanatoria Mater Dei, Buenos Aires, Argentina",AR
"Seattle Children’s Research Institute, Seattle, WA",US
"Catawba Regional Hospice, Newton, NC",US
"PSI Services, Olathe, KS",US
"Lifetime Care–CompassionNet, Rochester, NY",US
"HealthCetera Media Lab, New York, New York",US
"Health Careers High School, San Antonio, TX",US
"Elite Women's Health, Fredericksburg, VA",US
"Medical Affairs, Hope West, Grand Junction, CO",US
"The Collaborative LLC, Denver, CO",US
"Duke and VA Medical Center, Durham, NC",US
"Stony Brook Hospital, Stony Brook, NY",US
"Hill Physicians Medical Group, San Ramon, CA",US
"Intrepid USA, Dallas, TX",US
"Acevedo Consulting, Delray Beach, FL",US
Award-winning photographer and filmmaker,
"UCLA School of Medicine, Los Angeles, CA",US
"Ann B. Barshinger Cancer Institute, Lancaster, PA",US
"Division of Newborn Medicine, Saint Louis, MO",US
"Over the Rainbow, Dover, DE",US
"Hands of Hope Comprehensive Pediatric Care, Greenville, SC",US
"Mount Sinai, New York, NY",US
"Kindred Healthcare, Rockdale, TX",US
"BJC Hospice, St. Louis, MO",US
"Braddock Family Foundation, Walnut Creek, CA",US
"Southern California Permanente Medical Group, Pasadena, CA",US
"Hospice of the North Shore, West Roxbury, MA",US
"SageMED, UW School of Medicine, MultiCare, Seattle, WA",US
"Montreal, Canada",CA
"Palo Alto Medical Foundation, Freemont, CA",US
"Center for Latino Community Health, Long Beach, CA",US
"Charity Foundation for Public Health, Chisinau, Moldova",MD
"Gilchrist Services, Hunt Valley, MD",US
"Gilchrist Hospice, Hunt Valley, MD",US
"WorkHuman Research Institute, Globoforce, Framingham, MA",US
"Aspire Health, Pittsburgh, PA",US
"Experience Happiness, LLC, Minneapolis, MN",US
"BC Cancer, Surrey, BC, Canada",CA
"Gilchrist, Baltimore, MD",US
"Khartoum Oncology Hospital, Khartoum, Sudan",SD
"Pediatric Advanced Care Team, Boston, MA",US
"Genentech, San Francisco, CA",US
"UAB School of Nursing, Birmingham, AL",US
"Blackrock Hospice, Our Lady's Hospice and Care Services, Blackrock, Co. Dublin, Ireland",IE
University of Texas at Austin Dell Medical School,US
Trellis Supportive Care,US
WhidbeyHealth Medical Center,US
Hospice and Palliative Nurses Association,US
Northeast Medical Center,US
Highland Hospital,US
Christian Hospital,US
Center for Palliative Psychiatry,
"Universtiy of California, Los Angeles School of Medicine",US
University of North Carolina School of Medicine,US
Aga Khan University,PK
UK Healthcare,US
VNA Health Care,US
Colegio Mayor Nuestra Señora del Rosario Bogotá,CO
Health Careers High School San Antonio,US
Maine Medical Center,US
Northwestern Univeristy Feinberg School of Medicine,US
Seattle Childrens Research Institute,US
Veteran,
RAND Health Care,US
VITAS Healthcare,US
Healthcare At Its Best Services-NP Group,US
"Health Careers High School, San Antonio",US
Antonian College Preparatory High School and South Texas Veterans Healthcare System,US
UNC Palliative Care Program,US
"Summit Medical Group, Columbia University",US
"Univeristy of California, Los Angeles",US
Snack Labs Inc,US
Stein Hospice,US
BJC Institute of Health at Washington University,US
Department of Veterans Affairs Massachusetts,US
Univeristy of Texas Health Science Center,US
South Texas VA,US
Reimagine End of Life,US
University Hospitals,US
Hopewest,US
StepStone GmbH,DE
Quiet Revolution,US
Cornerstone Health Services,US
Hebrew Rehabilitation Center and Beth Israel-Deaconess Medical Center,US
Pennsylvania Department of Veterans Affairs,US
Feinberg School of Medicine–Northwestern University,US
Community Nursing Services,US
"University of Colorado, Neurology Department",US
Fahlberg Consulting,US
Aspire Health,US
United Healthcare,US
Atrium Health Carolinas Hospice and Palliative Care Network,US
ResolutionCare Network,US
Penn Hospice,US
Association of Clinical Pastoral Education,US
The Collaborative LLC,
Aiadi Almostaqbal Oncology Center,IQ
Masis Hospice Palliative Care Center,AM
VCU Health,US
VCU Health Systems,US
University of North Carolina Healthcare,US
University of New Mexico,US
Institute for Human Caring,US
Natoinwide Children's Hospital,
Hospice of Michigan,US
Kindred at Home and Curo Health Services,US
Hope Hospice and Palliative Care,US
Washington University and BJC Hospice,US
UNC School of Medicine,US
UCI Medical Center,US
Veterans Affairs,US
Transitions LifeCare,US
Southern California Permanente Medical Group,US
Hospice Southland,US
Sound Physicians,US
UCI Health,US
Institute for Health & Aging,US
National Cancer Institute,US
Philadelphia Department of Veterans Affairs,US
Philadelphia Department of Veteran Affairs,US
Boston Department of Veterans Affairs,US
Bassett Medical Center,US
Amil,BR
Sinai Health System,CA
Temmy Latner Centre,CA
National Institute of Public Health,
"Publicis Health, Sapient",US
Digitas Health,US
"University of California Health, Los Angeles",US
Instituto Hospital de Base,BR
Psychology,
Inflammation Biology,
Liver Renal Urology Transplant Gastro/Gastro Intestinal Surgery Clinical Academic Group,
University Hospital,
Living Room International,KE
Madison Emergency Physicians,US
Association of Academic Physiatrists,US
University of Massachusetts,US
ColumbiaDoctors,US
Lahey Dermatology,US
Health Management BD Foundation,
Igbologun Medical Centre Manager Island Apapa,NG
Palliative Care Support Trust,
"Julius Center for Health Sciences and Primary Care (M.H., G.V.T., J.V.D.), Utrecht, The Netherlands",NL
"Sue Ryder Leckhampton Court Hospice (P.P., A.P.), Cheltenham, UK",GB
"NHS Midlands and Lancashire Commissioning Support Unit (R.H.), Stoke-on-Trent, UK",GB
retired,
Ottawa Health Research Institute,CA
Temmy Latner Centre Toronto,CA
"Wazir Mohammad Akbar Khan Hospital, Kabul, Afghanistan",AF
Quality of Life For All Kids,
Northern California Veterans Affairs,US
Lane Medical Library and Knowledge Management Center,US
"Palliative Care Support Trust, Malawi, Africa",MW
"Hospice Bangladesh Limited, Mohammadpur, Bangladesh",BD
"Zusman Hospice, New Albany, OH",US
"Center for Healthcare Outcomes & Policy, Ann Arbor, MI",US
"Campinas, Brazil",BR
"Hat Yai, Songkhla, Thailand",TH
"Dhaka, Bangladesh",BD
VA Center for Health Equity Research and Promotion,US
UNM Cancer Canter,US
Johns Hopkins,US
Keralty Hospital,CO
Department of Family and Community Medicine,BR
"P Ellen Ozier, MSW LCSW APHSW-C OSW-C, University of North Carolina Medical Center. T",US
Israel Deaconess Medical Center,US
University,
Care Guide Partners. Bethany,
University of Maryland College of Nursing,US
NYU,US
Johns Hopkins Health System,US
Hospital,
BJC Home Care and Hospice. Amy,US
Mary Washington Healthcare,US
UPenn,US
Calvin University,US
"University of California, San Fransisco",US
McGovern Medical School,US
Mass General for Children,US
US Acute Care Solutions,US
University of MIchigan,US
University of Colorado SOM,US
"VCU Health. Victoria Green, FNP-BC,",US
Georgetown Medical School,US
Wellstar,US
Long Beach Veterans Affairs,US
UK HealthCare,US
UK College of Medicine,US
NCH,
St. John's University,US
University of Maryland School of Pharmacy,US
"University of College, London",GB
Rocky Mountain Regional VAMC,US
University Of Michigan,US
Massachusetts General Brigham,US
Medical Student,
Yale,US
Dana Farber,US
OHSU Neurology,US
Trinity Health,US
Corwell Health,US
Advocate Children's Hospital,US
UAB Heersink School of Medicine,US
UConn Health,US
University of Connecticut,US
Harnett Health,US
"Unidad Nacional de Oncología Pediátrica, Guatemala",GT
University of North Carolina Health,US
Ican School of Medicine at Mount Sinai,US
David Geffen School of Medicine at UCLA,US
New York Univeristy,US
"Univeristy of California, San Francisco",US
Trustbridge,US
Northwell,US
Sharp Health Care,US
Palo Alto Foundation Medical Group,US
Regional Medical Center,US
UCLA Semel Institute for Neuroscience,US
"Department of Medicine, Northwestern University Feinberg School of Medicine",US
Gilchrist Hospice Care,US
University of Maryland School of Social Work,US
Icahn School of Medicine,US
The American Board of Family Medicine,US
"Director of Medical Education, MJHS Institute for Innovation in Palliative Care, New York, NY, USA",US
"Independent Consultant in Palliative Care Research, Kenya",KE
"Patient Representative, UK",GB
"Hospice Palliative Care Association of South Africa, Cape Town, South Africa",ZA
"Azienda Ospedaliera Santa Maria Nuova di Reggio Emilia, Italy",IT
"French National Observatory on End-of-Life Care, Paris, France",FR
"Center for Palliative Care, Prague, Czech Republic",CZ
"Regional Ministry of Equality, Health and Social Policies in Andalusia, Seville, Spain",ES
"Assisi Hospice, Singapore",SG
"Department of Nursing and Mental Health, Faculty of Public Health, Hedmark University College, Elverum, Norway",NO
"GMFA, London, UK",GB
"Pathway Charity, London, UK",GB
"Pathway Charity, London, UK | St Mungo’s, London, UK | St Mungo's, London, UK",GB
"St Mungo’s, London, UK | St Mungo's, London, UK",GB
"Welsh Wound Innovation Centre, Pontyclun, UK",GB
"Very Special Kids, Malvern, VIC, Australia",AU
"Mercy Palliative Care, Sunshine, VIC, Australia",AU
"PTE ÁOK Családorvostani Intézet, Hospice-Palliativ Tanszék, Pécs, Hungary",HU
"Saint Francis Hospice and Mater Hospital, Dublin, Ireland",IE
"Department of Anesthesiology, Pain and Palliative Care, RadboudUMC, Nijmegen, The Netherlands",NL
"St Vincent’s Healthcare Group, Dublin, Ireland | St Vincent's Healthcare Group, Dublin, Ireland",IE
Public and occupational health,
General practice and elderly care medicine,
"Chief Technology Officer, Clause, Inc., Winchester, UK",GB
"Quebec Centre of Excellence on Aging, Quebec City, QC, Canada",CA
"LifeSpark, Nashville, TN, USA",US
"Wales Cancer Research Centre, Cardiff, UK",GB
"White House Surgery, Fairfax Rise, Sheffield, UK",GB
"Division of Nursing and Midwifery, Health Sciences School, Sheffield, UK",GB
"Department of Public and Occupational Health, Amsterdam Public Health Research Institute, Expertise Center for Palliative Care, Amsterdam UMC, VU University, Amsterdam, The Netherlands",NL
"Palliative Care Team, Infanta Cristina Hospital Complex, Extremadura Health Service (Servicio Extremeño de Salud – SES), Badajoz, Spain",ES
"Rainbows Hospice, Loughborough, UK",GB
"Patient & Public Representative, Cambridge, UK",GB
"Independent Scholar, York, UK",GB
"Academic Hospice Demeter, De Bilt, the Netherlands",NL
"St Joseph’s Hospice, Hackney, UK | St Joseph's Hospice, Hackney, UK",GB
"College of Nursing, University of Colorado Anschutz, Aurora, CO, USA",US
"Maymount University Hospital and Hospice, Cork, Ireland",IE
"University of Gothenberg, Gothenburg, Sweden",SE
"Aarhas University, Aarhas, Denmark",DK
"Ontario Health – Toronto Region, Toronto, ON, Canada",CA
"Department of Pediatrics, Protestant Hospital Bielefeld, Bielefeld, Germany",DE
"Expert by Experience, York, UK",GB
"Northern Adelaide Palliative Care Service, Northern Adelaide Local Health Network, SA, Australia",AU
"Brainstrust – The Brain Cancer People, Leeds, UK",GB
"Research Unit for General Practice, Aarhus, Denmark",DK
"Department of Palliative Care, HammondCare, Greenwich Hospital, Sydney, NSW, Australia",AU
"Patient Partner, Montréal, QC, Canada",CA
"Commission sur les soins de fin de vie, Montréal, QC, Canada",CA
"Department of Anesthesia and Critical Care Medicine, Caen, France",FR
"Centre Régional d’Études, Dijon, France",FR
"Oncodefi, Montpellier, France",FR
"Norwegian National Advisory Unit on Ageing and Health, Tønsberg, Norway",NO
"HCA Hospice care, Singapore",SG
"Benavides Cancer Institute, Manila, Philippines",PH
"Programa Argentino De Medicina, Olavaria, Argentina",AR
"Highway Hospice, Durban, South Africa",ZA
"Hospital Centro de Cuidados Laguna, Madrid, Spain",ES
"Department of Palliative Care, Montreal University, Montreal, QC, Canada",CA
"Department for Anaesthesiology, Intensive Medicine, Pain/Palliative Care, GFO CURA Hospital, Bad Honnef, Germany",DE
"Department of Psychosomatic Medicine and Psychotherapy, University Hospital Tuebingen, Tuebingen, Germany",DE
"Rouge Valley Health System, Toronto, ON, Canada",CA
"Alberta Union of Provincial Employees, Edmonton, AB, Canada",CA
"Shambhala Meditation Center of Chicago, Chicago, IL, USA",US
"The Kansai Centre for Family Medicine, Kanai Hospital, Kyoto, Japan",JP
"Palliabru, Brussel, Belgium",BE
"Kenya Hospice and Palliative Care Association, Nairobi, Kenya",KE
"Kawempe Home Care, Kampala, Uganda",UG
"Hadrian Primary Care Alliance, West Northumberland, UK",GB
"Shooting Star Chase Children’s Hospice, Guildford, UK",GB
"Independent Service User Researcher, Caerphilly, UK",GB
"Academic Hospice Demeter, De Bilt, The Netherlands | Community Health Center, De Bilt, The Netherlands",NL
"Academic Hospice Demeter, De Bilt, The Netherlands",NL
"Statistics by Design, Blackwater, UK",GB
"Department of Public Health and Pediatrics, University of Torino, Torino, Italy",IT
"Department of Nursing, Escola Universitària d’Infermeria Gimbernat, Barcelona, Spain",ES
"Terhokoti Hospice, Helsinki, Finland",FI
"Compassionate Communities UK, Cornwall, UK",GB
"Ubele Initiative, London, UK",GB
"National Bereavement Alliance, London, UK",GB
"The University of Texas School of Bioinformatics, Houston, TX, USA",US
"Health System Performance Network (HSPN), Toronto, ON, Canada | ICES, Toronto, ON, Canada",CA
"Professional Association of Specialised Palliative Homecare in Hesse, Wiesbaden, Germany",DE
"Trinity Hospice, Blackpool, UK",GB
"Action Sahara pour la Santé, l’Innovation, le Développement et l’Education, Nouakchott, Mauritania",MR
"Director of Education and Research, Victoria Hospice, Victoria, BC, Canada",CA
"British Columbia Provincial Renal Agency, Vancouver, BC, Canada",CA
"Patient and Public Involvement, London, UK",GB
"Patient and Public Involvement Representative, Birmingham, England, UK",GB
"Together for Short Lives, London, UK",GB
"Patient Advocate, Toronto, ON, Canada",CA
"Department of Public and Occupational Health, Amsterdam Public Health Research Institute, Expertise Centre for Palliative Care, Amsterdam UMC, VU University Amsterdam, Amsterdam, The Netherlands",NL
"mediStatistica, Wuppertal, Germany",DE
"Safer Care Victoria, Melbourne, Victoria, Australia",AU
"Respecting Choices, C-TAC Innovations, La Crosse, WI, USA",US
"Division of Palliative Medicine, Department of Geriatrics and Rehabilitation, Geneva University Hospitals, Hôpital de Bellerive, Collonge-Bellerive, Geneva, Switzerland",CH
"Italian Federation for Palliative Care, Milan, Italy",IT
"Hospice Austria, Vienna, Austria",AT
"Palliative Education and Care for the Homeless Program, Toronto, ON, Canada",CA
"Department of Symptom Control and Palliative Care, Cross Cancer Institute, Edmonton, AB, Canada",CA
"Tao of Care, Amsterdam, The Netherlands",NL
"Patient Representative, Southampton, UK",GB
"Northern Adelaide Local Health Network, South Australia, Australia",AU
"Jesuit Social Services, Support After Suicide, Melbourne, VIC, Australia",AU
"Independent Medical Advisor, UK",GB
"General Internal Medicine, University of Colorado Anschutz School of Medicine, Aurora, CO, USA",US
Independent Researcher,
"Documentary Photographer, Glasgow, UK",GB
"Whitehall Surgery, Leeds, UK",GB
"CUDECA Institute for Training and Research in Palliative Care, CUDECA Hospice Foundation, Malaga, Spain",ES
"Groundswell, London, UK",GB
"The Palliative Care Centre for Excellence in Research and Education, Singapore, Singapore",SG
"Mijzo, Center for Elderly Care, Waalwijk, the Netherlands",NL
Glioblastoma widower and patient research advocate,US
"Peace Hospice Adjumani (PEACHOA), On Comboni - Ciforo Road Adjumani, Adjumani, Uganda",UG
"Compassion in Dying, London, UK",GB
"St. Oswald’s Hospice, Regent Avenue, Newcastle upon Tyne, UK",GB
"Home Care Städteregion Aachen gGmbH, Aachen, Germany",DE
"PPI Representative, Sheffield, UK",GB
"St Luke’s Hospice, Sheffield, UK",GB
"Leeds South and East Clinical Commissioning Group, Leeds, UK",GB
"Leeds West Clinical Commissioning Group, Leeds, UK",GB
"Center for Clinical and Translational Research, Palliative Care and Resilience Research Center, Seattle Children’s Research Institute, Seattle, WA, USA | Children’s Core for Biomedical Statistics, Center for Clinical and Translational Research, Seattle Children’s Research Institute, Seattle, WA, USA | Center for Clinical and Translational Research, Palliative Care and Resilience Research Center, Seattle Children's Research Institute, Seattle, WA, USA | Children's Core for Biomedical Statistics, Center for Clinical and Translational Research, Seattle Children's Research Institute, Seattle, WA, USA",US
"Center for Clinical and Translational Research, Palliative Care and Resilience Research Center, Seattle Children’s Research Institute, Seattle, WA, USA | Center for Clinical and Translational Research, Palliative Care and Resilience Research Center, Seattle Children's Research Institute, Seattle, WA, USA",US
"Amsterdam Public Health Research Institute, Department of Public and Occupational Health, Expertise Center for Palliative Care, VU University Medical Center, Amsterdam, The Netherlands",NL
"Clinical and Descriptive Epidemiology Unit, Cancer Prevention and Research Institute, Florence, Italy",IT
"Consumer Representative, Adelaide, SA, Australia",AU
"University of Applied Sciences and Health Geneva, Geneva, Switzerland",CH
"R&D PPI representative, Belfast, UK",GB
Database Manager and Analyst,
"VIA, Uddannelser, Sygeplejerskeuddannelsen, Sygeplejerskeuddannelsen Holstebro, DK",
"Rauawaawa Kaumātua Charitable Trust, Hamilton, New Zealand",NZ
"Queens Centre for Oncology and Haematology, Cottingham, Hull, UK",GB
"HammondCare, Greenwich Hospital, Greenwich, NSW, Australia",AU
"Milford Care Centre, Limerick, Ireland",IE
"Northern Ireland Clinical Trials Unit, Belfast, UK",GB
"Roger Neilson House, Ottawa, ON, Canada",CA
"Chaplain at Academic Hospice Demeter, Bilthoven and Policy Advisor Spiritual Care in Palliative Care at Agora, The Netherlands",NL
"Centre for Learning & Research in Palliative Care, HammondCare, Sydney, NSW, Australia | Palliative & Supportive Care Services, Greenwich Hospital, HammondCare, Sydney, NSW, Australia",AU
"Cudeca Hospice Foundation, Malaga, Spain",ES
"Division of Health Management, School of Business and Economics, Institute of Management (IFM), Friedrich-Alexander-Universität (FAU) Erlangen-Nürnberg, Nürnberg, Germany",DE
"ICES uOttawa, Ottawa, ON, Canada",CA
"Walt Centre for Applied Statistics in Health, Australian Health Services Research Institute, NSW, Australia",AU
"Parent Advisory Panel Member, York, UK",GB
"Rive Neuve Foundation, Blonay, Switzerland",CH
"LifeVidya, Delhi, India",IN
"Instituto Colombiano del Dolor (INCODOL), Medellin, Colombia",CO
"The Danish Health Technology Council, Aalborg, Denmark",DK
"Cudeca Hospice Foundation, Spain",ES
"Kerrsland Surgery, Belfast, UK",GB
"San Vicente del Raspeig Primary Health Care Centre, Alicante, Spain",ES
"St John Ambulance Australia (NT) Inc, Darwin, NT, Australia",AU
"St John Western Australia, Perth, WA, Australia",AU
"Queensland Ambulance Service, Brisbane, QLD, Australia",AU
"South Australian Ambulance Service, Adelaide, SA, Australia",AU
"County of Renfrew Paramedic Service, Pembroke, ON, Canada",CA
"St. Benedict’s Hospice, Sunderland, UK | St. Benedict's Hospice, Sunderland, UK",GB
"Moonshine Agency, Cremorne, VIC, Australia",AU
"Hogar Beato Fray Leopoldo, Granada, Spain",ES
"Servicio Andaluz de salud Área de Gestión Granada Metropolitano, Unidad de Gestión Clínica Peligros, Granada, Spain",ES
"Residencia Nuestra Señora de Fonseca, Granada, Spain",ES
"Queen’s Centre for Oncology and Haematology, Cottingham, Hull, UK | Queen's Centre for Oncology and Haematology, Cottingham, Hull, UK",GB
"St Julia’s & Mount Edgcumbe Hospices, Cornwall Hospice Care, Cornwall, UK",GB
"Pharmacy Australia Centre of Excellence, UQ School of Pharmacy, Woolloongabba, QLD, Australia",AU
"WriteSource Medical Pty Ltd, Lane Cove, NSW, Australia",AU
"Belfast Health and Social Care Trust, Marie Curie Hospice, Belfast, Northern Ireland",GB
"Northern Ireland Hospice, Belfast, Northern Ireland",GB
"Department of Social Sciences, PRIGO University, Havířov, Czech Republic",CZ
"Mary Ann Evans Hospice, Nuneaton, UK",GB
"Family Health Unit Penacova, Coimbra, Portugal",PT
"Family Health Unit São Martinho de Pombal, Pombal, Portugal",PT
"Personalized Health Care Unit Castanheira de Pera, Coimbra, Portugal",PT
"Family Health Unit Rainha Santa Isabel, Torres Novas, Santarém, Portugal",PT
"Family Health Unit As Gandras, Cantanhede, Coimbra, Portugal",PT
"Personalized Health Care Unit Figueira-da-Foz Norte, Coimbra, Portugal",PT
"Public involvement member, UK",GB
"Bear Statistics, Perth, WA, Australia",AU
"Paediatric Palliative Care Research Group Family Advisory Board, York, UK",GB
"Section of Palliative Medicine, Department of Medicine, Geisel School of Medicine at Dartmouth and Dartmouth Health, Lebanon, NH, USA",US
"Patient and/or Family Care Partner, Lebanon, NH, USA",US
"LOROS, Leicester, UK",GB
"Haven of Hope Sister Annie Skau Holistic Care Centre, Hong Kong SAR, China",CN
"Private Practice, Montréal, QC, Canada",CA
"Istituto di Tanatologia e Medicina Psicologica, Bologna, Italy",IT
"Hospiscare, Exeter, UK",GB
"Osaka Kita Homecare Clinic, Osaka, Japan",JP
"Megumi Zaitaku Clinic, Yokohama-shi, Japan",JP
"Shonan International Village Clinic, Hayama-machi, Japan",JP
"Peace Clinic Nakai, Nakai-machi, Japan",JP
"HCA Hospice, Singapore, Singapore",SG
"School of Nursing, Jiangsu Medical College, Jiangsu, P. R. China",CN
"Social Welfare Corporation Keiseikai Group, Osaka, Japan",JP
"Department of Palliative Medicine, Yuai Memorial Hospital, Koga, Japan",JP
"Palliative Care Australia, ACT, Australia",AU
"Chief Executive, International Children’s Palliative Care Network (ICPCN), UK/Uganda | Chief Executive, International Children's Palliative Care Network (ICPCN), UK/Uganda",
"Department of Anaesthesiology and Intensive Care Medicine, Herzogin Elisabeth Hospital, Brunswick, Germany | Department of Anaesthesiology, University Medical Center Ratisbon, Ratisbon, Germany",DE
"Umduduzi Hospice Care for Children, Durban, South Africa",ZA
"Department of Public and Occupational Health, Amsterdam Public Health research Institute, Expertise Center for Palliative Care, Amsterdam UMC, VU University, Amsterdam, The Netherlands",NL
"HCA Hospice Limited, Singapore",SG
"PCC Chair, Glasgow 2016, UK",GB
"St Oswald’s Hospice, Newcastle upon Tyne, UK | Wirral St. John’s Hospice, Wirral, UK | St Oswald's Hospice, Newcastle upon Tyne, UK | Wirral St. John's Hospice, Wirral, UK",GB
General practice,
"KI, REHPA, Videncenter for Rehabilitering og Palliation",
Forskningsenheden for Almen Praksis,
Research Unit for General Practice,
"Editor in Chief, Journal of Health, Population and Nutrition",
"Editor in Chief, The BMJ",
"Editor in Chief, International Journal of Nursing Studies",
"Interim Editor in Chief, CMAJ",
"Editor in Chief, NEJM",
"Editor in Chief, National Medical Journal of India",
"Editor in Chief, Medical Journal of Australia",
"Editor in Chief, International Nursing Review",
"Helen House, Oxford, UK",GB
"St Oswald’s Hospice, Newcastle upon Tyne, UK | St Oswald's Hospice, Newcastle upon Tyne, UK",GB
"Gajusz Foundation—Pediatric Palliative Care Center, Lodz, Poland",PL
"Hospice for Children of Lower Silesia “Formula Dobra,” Wrocław, Poland",PL
"Home Children’s Hospice Promyczek, Otwock, Poland | Home Children's Hospice Promyczek, Otwock, Poland",PL
"Wroclaw Hospice for Children, Wrocław, Poland",PL
"“Pallium” Palliative Care Team, Częstochowa, Poland",PL
"UO Palliative Care, Department of Primary Care, APSS Trento, Italy",IT
"Fondazione FARO ETS, Turin, Italy",IT
"Independent contributor, Oxford, UK",GB
"What Works Centre for Wellbeing, London, UK",GB
"The Pleasure Project, UK",GB
"University of Memphis and Portland Institute for Loss and Transition, Portland, Oregon, USA",US
"Hospital Infantil Teleton de Oncología. Anillo Vial Fray Junípero Serra 1999, Santiago de Querétaro, Mexico",MX
"Castorena 534, El Refugio, Santiago de Querétaro, Mexico",MX
"Circuito Escolar 411a, Ciudad de México, Mexico",MX
"Touro College Berlin, Campus Am Rupenhorn, Am Rupenhorn 5, Berlin, 14055, Germany",DE
"Private Practice, Pawtucket, Rhode Island, USA",US
"Lifespark, Nashville, Tennessee, USA;",US
View further author information,
"Tutto é Vita Association, Firenze, Italy",IT
"Department of Psychology, Centro Universitario CES Don Bosco, Madrid, Spain",ES
"Departament of Pedagogy, Centro Universitario CES Don Bosco, Madrid, Spain",ES
"Sensorium | Sensorium, Ciudad del Este, Paraguay",PY
"School of Nursing, Birmingham, AL, USA;",US
"Private Practice, New York City, New York, USA",US
"Cat Protection Society of NSW, Sydney, Australia",AU
"Bereavement Services, Victoria Hospice, Victoria, Canada",CA
"Department of Family, Consumer, and Human Development, College of Education and Human Services, Logan, Utah, USA",US
"Experimental Unit of Psycho-oncology, National Research Centre “Giovanni Paolo II,”, Bari, Italy | Experimental Unit of Psycho-oncology, National Research Centre ""Giovanni Paolo II,"", Bari, Italy",IT
"Nadeau Family Therapy, Minneapolis Minnesota, USA",US
"Department of Nursing, Sultan I. Murat State Hospital, Edirne, Turkey",TR
"Tragedy Assistance Program for Survivors, Arlington, VA, USA",US
"The Saint Parascheva Infectious Diseases Hospital, Iaşi, Romania",RO
"Royal Freemasons Limited, Melbourne, Victoria, Australia",AU
"Calming Tree Counselling, Kitchener, Canada",CA
"Clinical Psychology Private Practice, Fresno, CA, USA",US
"Independent researchers, Hong Kong, China;",HK
"Live Through This, Philadelphia, PA, USA;",US
"Rocky Mountain Crisis Partners, Denver, CO, USA",US
"Department of Psychology, Universidad Sanitas, Barranquilla, Colombia",CO
University of New England,US
"BC Centre for Palliative Care, New Westminster, Canada",CA
"EvanLab, Firenze, Italy",IT
"School of Social Work, University of Maryland",US
"Private Psychotherapy Practice, Amsterdam, The Netherlands | Private Psychotherapy Practice, amsterdam, the Netherlands;",NL
"Independent Practice, Annapolis, MD, USA",US
"School of Social Work, Renison University College, Waterloo, Ontario, Canada",CA
"Early Childhood Development Center, Bat Yam",
"Centro de Saúde de Belmonte, Belmonte, Portugal",PT
", | The Salvation Army, Suicide Bereavement and Support Services, Carlingford, Australia",AU
"Vic, Australia",AU
"Hospice Issoria, Leiden, The Netherlands;",
"Alliance of Hope for Suicide Loss Survivors, Evanston, Illinois, USA",US
"Not Applicable, not applicable, Canada",CA
"Tragedy Assistance Program for Survivors, Arlington, Virginia, USA",US
"Unified Community Solutions, Watertown, Massachusetts, USA",US
"TAPS (Tragedy Assistance Program for Survivors), Washington",US
"Tianjin Daqing Road Primary School, Tianjin, China",CN
"Amity University Haryana, Gurgaon, India",IN
"Starling Minds, Vancouver, British Columbia, Canada",CA
"Hospice Foundation of America, Washington, DC, USA",US
"NOTHING AG, Köniz, Switzerland",CH
"Help Texts | Help Texts, Seattle, Washington, USA",US
"Greater Illinois Pediatric Palliative Care Coalition, Chicago, Illinois, USA | Missing Pieces, Chicago, Illinois, USA",US
The Hospice Foundation of America,
"Roses in the Ocean, Brisbane, Australia",AU
"Ivo Pilar Institute of Social Sciences, Zagreb, Croatia",HR
"Department of Psychology, Federal University of Delta do Parnaíba, Parnaíba, Brazil",BR
"Departmen to Psychology, Centro Universitario CES Don Bosco, Madrid, Spain",ES
"Department of Psychological Research Methods and Evaluation, University of the German Federal Armed Forces, Munich, Germany",DE
"CASA MAIOR, Nursing Homes, Porto, Portugal",PT
"Department of Public and Occupational Health, Amsterdam Public Health research institute and Expertise center for Palliative Care, Amsterdam UMC, VU University, Amsterdam, The Netherlands",NL
"Municipal Hospitals Unit in Chorzów, Pediatric Center, Chorzów, Poland | Social Association Cordis Hospice, Katowice, Poland",PL
"Department of Nursing, Maoming Academy of Health, Maoming, China",CN
"Center of Mental Health, Hospital for Addiction and Addictive Behavior, Hospital Stuttgart, Stuttgart, Germany | Department of Psychoanalysis and Psychotherapy, Medical University Vienna, Vienna, Austria",DE
"Department of Psychoanalysis and Psychotherapy, Medical University Vienna, Vienna, Austria",AT
"Trauma and Grief (TAG) Center at the Meadows Mental Health Policy Institute (MMHPI), Dallas, Texas, USA",US
"Society for the Care of Children and Families Facing Illness and Death, Thessaloniki, Greece",GR
"Children and Family Bereavement Center, Child &amp; Adolescent Psychiatrist, Child and Adolescent Mental Health Service of Peristeri, Athens, Greece",GR
"Mental Health Department, Padova, Italy | SOPROXI Onlus, Padova, Italy",IT
"SOPROXI Onlus, Padova, Italy",IT
"Independent Researcher, Trento, Italy",IT
"Independent Researcher, Utrecht, Netherlands",NL
"Emergency Service, Nevşehir State Hospital, Nevşehir, Turkey",TR
"Palo Alto Medical Foundation Research Institute, Mountain View, California, USA",US
"Science and Education Centre, Bieszczady National Park, Ustrzyki Górne, Poland;",
"CEO Cara House, Homebush, Australia",AU
", | Institute for Arts and Health, Leslie University, Cambridge, Massachusetts, USA",US
"Department of Physical and Medical Rehabilitation, Hadassah Hebrew University Hospital, Jerusalem, Israel",IL
"Internal Medicine Intensive Care Unit, Hadassah Hebrew University Hospital, Jerusalem, Israel",IL
"Consultant Neurologist, American Center for Neurology and Psychiatry, Abu Dhabi, United Arab Emirates",AE
"Independent Researcher and Clinical Psychologist, Noumea, New Caledonia",NC
"Pongo Poetry Project, Pongo Publishing, Seattle, WA, USA",US
"A Caring Hand, Founded in Memory of Billy Esposito, Inc., New York, NY, USA",US
"Dee Norton Child Advocacy Center, Charleston, SC",US
"Department of Nordic Studies and Linguistics, Copenhagen University, Copenhagen, Denmark",DK
"Live Through This | Live Through This, USA",US
Motherless Daughters Australia Limited,
"Department of Medical Services and Techniques, Trabzon Unıversıty",
Universidad Privada Norbert Wiener,
"Department of Social and Behavioral Sciences, Harvard T.H. Chan School of Public Health",US
"Department of Public Health and Health Sciences, Northeastern University",
"Saint Elizabeth Health Care , 90 Allstate Parkway, Suite 300, Markham, L3R 6H3, ON, Canada",CA
"Intogrey Research and Development Inc., 300-34334 Forrest Terrace, Abbotsford, BC, V2S 1G7, Canada",CA
"Inner City Health Associates, 59 Adelaide St. E, Toronto, ON, M5C 1K6, Canada",CA
"Victoria Cool Aid Community Health Centre, 1st Floor, Access Health Centre, 713 Johnson Street, Victoria, BC, V8W 1M8, Canada",CA
"Department of Radiation-Oncology and Palliative Medicine, University Hospital Gasthuisberg, Leuven, Belgium",BE
"Department of Radiation-Oncology and Palliative Medicine, University Hospital Gasthuisberg, Herestraat 49, 3000, Leuven, Belgium",BE
"Stichting Kalorama, Department of Psychology, Nieuwe Holleweg 12, Beek-Ubbergen and Kennis door Verbinding, Nieuwe Mollenhutseweg 15, 6533 HB, Nijmegen, The Netherlands",NL
"National Healthcare Group Singapore, Singapore, Singapore",SG
"Amsterdam Public Health Research Institute (APH), Department of Public and Occupational Health, Expertise Centre for Palliative Care, VU University Medical Center, P.O. Box 7057, 1007 MB, Amsterdam, The Netherlands",NL
"Aiwa Hospital, Nagano, Japan",JP
"Quesnel Primary Care Clinic, Quesnel, BC, Canada",CA
"Southern Health and Social Care Trust, The Rowans, Craigavon Area Hospital, Lurgan Road, Portadown, BT36 5QQ, Northern Ireland",GB
"Pharos, Dutch Centre of Expertise on Health Disparities, Utrecht, The Netherlands",NL
"Montreal Palliative Care Institute, 265 André-Brunet Street, Kirkland, QC, H9H 3R4, Canada",CA
"Academic Unit of Palliative Care, Leeds Institute of Health Sciences, Worsley Building, Clarendon Way, Leeds, LS2 9NL, UK",GB
"Department of Psychology, Hospital da Luz, São Paulo, Brazil",BR
"Liaison Psychiatry Service, Department of Psychiatry, Lausanne University Hospital, Av. de Beaumont 23, 1011, Lausanne, Switzerland",CH
"Palliative Care Unit, AUSL Romagna, Forlì, Italy",IT
"Puerta Blanca Clinical Management Unit, Malaga-Guadalhorce Health District, Malaga, Spain",ES
"La Luz Clinical Management Unit, Malaga-Guadalhorce Health District, Malaga, Spain",ES
"Karunashraya, Bangalore, India",IN
"German Association for Palliative Medicine, Berlin, Germany",DE
"German Working Group for SAPV, Berlin, Germany",DE
"Sekolah Tinggi Ilmu Kesehatan Bethesda Yakkum, Yogyakarta, Indonesia",ID
"Independent Counselling Psychologist, Glasgow, UK",GB
"Professional Association of Specialized, Palliative Homecare in Hesse, Weihergasse 15, 65203, Wiesbaden, Germany",DE
"Anglican Care, Booragul, NSW, Australia",AU
"Provincial Mufti Office, Presidency of Religious Affairs, İzmir, Türkiye",TR
"Marymount University Hospital & Hospice, Marymount, Curraheen Rd., Cork, Ireland",IE
"Bury Hospice, Rochdale Old Road, Bury, BL9 7RG, UK",GB
"St Ann's Hospice, St Ann's Road North, Heald Green, Manchester, SK8 3SZ, UK",GB
"Gérontopôle Nouvelle-Aquitaine, Limoges, France",FR
"Centre for Public Health, School of Medicine, Dentistry and Biomedical Sciences, Belfast, UK",GB
"Department of Health Studies, Faculty of Public Health, Hedmark University of Applied Sciences, Postbox 400, 2418, Elverum, Norway",NO
"Belgian Cancer Registry, Brussels, Belgium",BE
"International Union Against Tuberculosis and Lung Disease, The Union South East Asia Office, New Delhi, India",IN
"Malappuram Initiative in Palliative Care, Malappuram, Kerala, India",IN
"Center for Consultation and Expertise, Gouda, The Netherlands",NL
"Division of Psychiatry Research and Psychogeriatric Medicine, Zurich, Switzerland",CH
"Every Day Harmony Music Therapy, Belfast, Northern Ireland",GB
"Marie Curie Hospice Belfast, Marie Curie, Northern Ireland",GB
"School of Nursing and Midwifery, Queen's University Belfast, Belfast, Northern Ireland | School of Nursing and Midwifery, Queen’s University Belfast, Belfast, Northern Ireland",GB
"Retired RN, MSN, Vancouver, Canada",CA
"Hôpitaux Universitaires Paris Centre, Paris, France",FR
"Makerere Palliative Care Unit, PO Box 7757, Kampala, Uganda",UG
"Marymount University Hospital and Hospice, Co., Cork, Ireland",IE
"Institute of History and Ethics of Medicine, Interdisciplinary Center for Health Sciences, Madgeburger Straße 8, Halle (Saale), 06112, Germany",DE
"International Children's Palliative Care Network, 2 Langenhoven Street, Dan Pienaar, Bloemfontein, 9301, South Africa",ZA
"Community PedsCare, Community Hospice of Northeast Florida, 4266 Sunbeam Rd., Jacksonville, FL, 32257, USA",US
"Dutch Parkinson's Disease Association, Bunnik, The Netherlands",NL
"AOK Lower Saxony, Department for Health Services Research, Hildesheimer Str. 273, 30519, Hannover, Germany",DE
"St Davids Hospice, Llandudno, North Wales, UK",GB
"Nordic Healthcare group, Helsinki, Finland",FI
"Southern Cross Care, Ipswich, Australia",AU
"Jiangsu Nursing Association, Nanjing, 210008, China",CN
"Department of Home-based palliative care, ALA Cancer Prevention and Control Center (MACSA), Tehran, Iran | French Institute of Research and High Education (IFRES-INT), Paris, France",IR
"Department of Home-based palliative care, ALA Cancer Prevention and Control Center (MACSA), Tehran, Iran",IR
"""Rincón de la Victoria"" Clinical Management Unit, Malaga-Guadalhorce Health District, Malaga, Spain",ES
"Department of Psychology, Pantein, Boxmeer, The Netherlands",NL
"Netherlands Association for Palliative Care (PZNL), Utrecht, the Netherlands",NL
"La Maison, Gardanne, France",FR
"Keech Hospice Care, Luton, UK",GB
"Stgilesmedical GmbH, Berlin, Germany | Stgilesmedical Ltd, The Vestry House, St Giles High Street, London, WC2H 8LG, UK",DE
"Stgilesmedical Ltd, The Vestry House, St Giles High Street, London, WC2H 8LG, UK",GB
"Digital Legacy Association, London, UK",GB
"Byw Nawr Coalition/Dying Matters in Wales and NHS End Of Life Care Board Wales, Cardiff, UK",GB
"Primary Care Medical Center, Via Frà Albenzio, 10, 00136, Rome, Italy",IT
"Roma 1 Local Health Authority, Borgo Santo Spirito, 3, 00193, Rome, Italy",IT
"Research, National Institute of Health, Via Giano della Bella, 34, 00162, Rome, Italy",IT
"MMED INT. Med, Nairobi, Kenya",KE
"School of Nursing and Midwifery Centre for Evidence and Social Innovation, Queens University, Belfast, BT7 1NN, Northern Ireland",GB
", Liverpool, UK | Liverpool, UK",GB
"Betaniastiftelsen (non-profit organisation), SE 116 20, Stockholm, Sweden",SE
"MedPro Clinic Stavre Primary Health Care Centre, Trollhättan, Sweden",SE
"Milford Care Centre, Limerick, Ireland. j.callinan@milfordcarecentre.ie | Milford Care Centre, Limerick, Ireland",IE
"Academic Palliative and Supportive Care Studies Group, Department of Health Services Research, Ist floor, Block B, Waterhouse Building, Liverpool, L69 3BX, UK",GB
"Club Rainbow Singapore, Singapore, Singapore",SG
"Dover Park Hospice, 10 Jalan Tan Tock Seng, Singapore, 308436, Singapore",SG
"Dover Park Hospice, 10 Jalan Tan Tock Seng, Singapore, 308436, Singapore | The Palliative Care Centre for Excellence in Research and Education, Singapore, Singapore",SG
"Institute of Biostatistics and Clinical Research, University of Muenster, Muenster, Germany",DE
"Institute for Volunteering Research, NCVO, Society Building, 8 All Saints Street, London, N1 9RL, UK",GB
"Rehabilitation Center Apila, Kangasala, Finland",FI
"Territorial Hub Pain Accompaniment Palliative care, Hospital center Antibes Juan-les-Pins, 107 avenue de Nice, F-06606, Antibes, France",FR
"Professional Association of Specialised Palliative Homecare in Hesse, Weihergasse 15, 65203, Wiesbaden, Germany",DE
"Department of Radiation Oncology, Osaki City Hospital, 3-8-1 Furukawa Honami, Osaki, Miyagi, Japan",JP
"Department of Radiation Oncology, Ishinomaki Red Cross Hospital, 71 Nishimichishita, Hebita, Ishinomaki, Miyagi, Japan",JP
"Lady Davis Research Institute, 3755 Côte Sainte Catherine Road, Montréal, Québec, H3T 1E2, Canada",CA
"Algesiologikum München, Munich, Germany",DE
"National sickness insurance fund, 26-50, avenue du Professeur André Lemierre, 75986, Paris cedex 20, France",FR
"National Palliative care and end of life center, 75020 Paris, France",FR
"Pain and palliative Care Department, Teaching Hospital, 25030, Besançon, France",FR
"Division of Health Services Research, Center for Cancer Control and Information Services, National Cancer Center, 5-1-1 Tsukiji, Chuo-ku, Tokyo, 104-0045, Japan",JP
"Malappuram Initiative in Palliative care, Malappuram, Kerala, India",IN
"Pediatric Oncology My Child Matters Program, Pediatric Oncology, Lyon, France",FR
"Department of Public Health and Paediatrics - University of Torino, Via Santena, 5, 10126, Torino, Italy",IT
"Regional Specialist Palliative Care Services, Louth, Meath, Cavan, and Monaghan, Drogheda, Ireland",IE
"French Institute of Research and High Education (IFRES-INT), Paris, France",FR
"General Medicine, Medical Clinic, Grenaa, Denmark",DK
"Bethesda Yakkum Institute for Health Sciences, Yogyakarta, Indonesia",ID
"HCA Hospice Care, 705 Serangoon Road, #03-01 Block A @ Kwong Wai Shiu Hospital, Singapore, 328127, Singapore",SG
"Northern Ireland Hospice, Belfast, Northern Ireland | School of Nursing and Midwifery, Queen's University Belfast, Belfast, Northern Ireland",GB
"Centre for Development of Institutional and Home Care Services, Hamar Municipality, Hedmark, Norway",NO
"Specialist Outpatient Palliative Care Team ""PalliativPartner Hamburg GbR"", Hamburg, Germany | Specialist Outpatient Palliative Care Team “PalliativPartner Hamburg GbR”, Hamburg, Germany",DE
"Specialist Outpatient Palliative Care Team ""Das Palliativteam"", Hamburg, Germany | Specialist Outpatient Palliative Care Team “Das Palliativteam”, Hamburg, Germany",DE
"Equipe Ressource Régionale de Soins Palliatifs Pédiatriques La BRISE, Bretagne, France",FR
"Dutch Center of Expertise in Paediatric Palliative Care, Utrecht, The Netherlands",NL
"Diaconia Journal, Evangelical Lutheran Church of Finland, Helsinki, Finland",FI
"Center for Palliative Care, Dykova 15, 110 00, Prague, Czech Republic",CZ
"Deajeon Eulji Medical Center, Daejeon, Republic of Korea",KR
"Celgene S.L.U, Madrid, Spain",ES
"Emergency rescue command center of Shaoguan city, Shaoguan, Guangdong, China",CN
"Rachel House, Jakarta, Indonesia",ID
"Ommelander Ziekenhuis Groningen, Palliative Care Team, Jachtlaan 50, Delfzijl, 9670 RA, The Netherlands",NL
"TSN Care Groningen, Dokter Stolteweg 60-66, Zwolle, 8002 LB, The Netherlands",NL
"Zonnehuisgroep Noord, Izarstraat 1, Zuidhorn, 9800 AB, The Netherlands",NL
"ALS Society of BC, Vancouver, BC, Canada",CA
"Marymount University Hospital & Hospice, Curraheen, Ireland",IE
"Hammond Care, Greenwich, Sydney, NSW, Australia",AU
"Care Quality Commission, 151 Buckingham Palace Road, London, SW1W 9SZ, UK",GB
"Palliative Care and Resilience Lab, Center for Clinical & Translational Research, Seattle Children's Research Institute, M/S CURE-4, PO Box 5371, Seattle, WA, 98145-5005, USA",US
"Nanjing BenQ Medical Center, Nanjing, Jiangsu, China",CN
"CHROMA Therapies, Overross House, Ross Park, Ross On Wye, Herefordshire, UK",GB
"Derby Teaching Hospitals NHS Foundation Trust, Derby, DE1 2QY, UK",GB
"African Center for Research on End of Life Care, Kigali, Rwanda",RW
"UNC Project-Malawi, Lilongwe, Malawi",MW
"Pediatric Intensive Care Unit, Aydın Nazilli Public Hospital, Aydın Nazilli Public Hospital, Yeşil District, 622 Street, No: 2 Nazilli, Aydın, 09100, Turkey",TR
"Biostatistics Epidemiology and Analytics for Research (BEAR) Core, Seattle Children's Research Institute, Seattle, WA, USA",US
"Hospice Africa Uganda, P.O Box 7757, Kampala, Uganda",UG
"Albany Community Hospice, Diprose Crescent, Albany, Western Australia, 6330, Australia",AU
"Tōtara Hospice, Auckland, New Zealand",NZ
", Wellington, New Zealand | Wellington, New Zealand",NZ
"Independent Patient and Public Involvement (PPI) Representative, Bradford, UK",GB
"Community Health and Medical Care, Northeast, Gothenburg, Sweden",SE
"Blackhall and Peterlee Practice, Hesleden Road, Blackhall Colliery, County Durham, TS27 4LQ, UK",GB
"KangJian Community Health Service Center, 88 Jiangan Road, Shanghai, 200433, China",CN
"Netherlands Street Doctors Group, Rotterdam, Netherlands",NL
"HCA Hospice, 705 Serangoon Road, #03-01 Block A @ Kwong Wai Shiu Hospital, Singapore, 328127, Singapore",SG
"IT and Statistical Services, Multifunctional Pole of Psychology, University of Padova, Padova, Italy",IT
"Beijing Ainst Medical Technology Co., Ltd, Beijing, China",CN
"Department of Radiation Oncology, BC Cancer, Vancouver, BC, Canada",CA
"Department of Radiation Oncology, BC Cancer, Prince George, British Columbia, Canada",CA
"Unité de Stimulation Transcrânienne, Clinique Bretéché, Groupe Elsan, Nantes, 44000, France",FR
"Unité de Soins Continus, Clinique Bretéché, Groupe Elsan, Nantes, 44000, France",FR
"Parent and Public Involvement member, York, UK",GB
"Directeur Départemental de la santé du Couffo, Aplahoué, Benin",BJ
"Secrétaire Général du Ministère SGM/MS, Cotonou, Benin",BJ
"Médecin Technical officer Cancer for West and Central, Africa OMS/AFRO Unité MNT/AFRO Cluster (UCN), Dakar, Sénégal",SN
"Head Palliative Care Unit, Khartoum Oncology Hospital, King's College London, Cairo, Egypt",EG
"Club Rainbow, Singapore, Singapore",SG
"Centre Hospitalier d'Avignon, 305A Rue Raoul Follereau, Avignon, 84000, France",FR
"Maison Médicale Jeanne Garnier, Département Recherche Enseignement Formation (DREF), 106 avenue Emile Zola 106-108 Avenue Emile Zola, Paris, 75015, France",FR
"IVAN Research Institute, Enugu, Nigeria",NG
"Department of Neurology, Shin Kong Wu Ho-Su Memorial Hospital, Taipei, Taiwan",TW
"Ga East Municipal Hospital, Accra, Ghana",GH
"University Medical Center Regensburg, Regensburg, Germany",DE
"Division of Infectious Diseases, Department of Internal Medicine, Sultan Qaboos Comprehensive Cancer and Research Center, University Medical City, Muscat, Oman",OM
"Department of Medical Oncology, Sultan Qaboos Comprehensive Cancer and Research Center, University Medical City, Muscat, Oman",OM
"Boston University, Boston, MA, USA",US
"Departement of Pain and Palliative Care Unit, Necker-Enfants Malades Hospital, Paris, France",FR
"Palliative Care Unit, University Hospital, Clermont-Ferrand, France",FR
"School of Nursing and Midwifery, Aga Khan University, Kampala, Uganda",UG
"Living Room International Hospital, Eldoret, Kenya",KE
"Webuye County Referral Hospital, Webuye, Kenya",KE
"Dutch Knowledge Centre for Children's Palliative Care, Utrecht, the Netherlands",NL
"Dutch Foundation for Palliative Care (PZNL), Utrecht, the Netherlands",NL
"Department of Palliative Medicine, Eighth People's Hospital of Chengdu, Chengdu, Sichuan Province, China",CN
"Danish Society for Patient Safety, Frederiksberg, Denmark",DK
"Academy of Sciences of Palliative Medicine, Bentivoglio, Bologna, Italy",IT
"Palliative Care Unit, ASL3 Genovese, Genoa, Italy",IT
"Palliative Care Unit, ASL CN1, Cuneo, Italy",IT
"Palliative Care, Distretto Vallagarina, Trento, Italy",IT
"Palliative Care Unit, ASL TO 4, Turin, Italy",IT
"Hospice Domus Salutis, Fondazione Teresa Camplani, Brescia, Italy",IT
"Palliative Care Unit, Garbagnate, Italy",IT
"Emergency Department, Centre Hospitalier d'Issoire, Issoire, France",FR
"Pharos, Dutch Centre of Expertise on Health Disparities, Utrecht, Netherlands",NL
"Division of Hospital Medicine, University of Colorado School of Medicine, Anschutz Medical Campus, Aurora, CO, USA",US
"Hospice Kuria, Amsterdam, Netherlands",NL
"International Children's Palliative Care Network, Assagay, KwaZulu-Natal, South Africa",ZA
"Haematology and cellular therapy Department, CHU Limoges, 2 avenue Martin Luther King, 87000, Limoges, France",FR
"Libourne Hospital, 112, rue de la Marne BP 199, 33505, Libourne, Cedex, France",FR
"Saint Yrieix la Perche Hospital, Place du Président Magnaud, 87500, Saint Yrieix la Perche, France",FR
"Saint-Junien Hospital, 12, rue de Châteaubriand, 87205, Saint-Junien, France",FR
"Observatory of Institutional and Legal Changes (OMIJ), Faculty of Law and Economics, 5 rue Félix Éboué, B.P. 3127, 87031, Limoges, Cedex 1, France",FR
"University Malaya, Kuala Lumpur, Malaysia",MY
"Dongbaek St. Luke Hospice, Gyeonggi-do, Republic of Korea",KR
"Palliative Care Network Waardenland, Dordrecht, The Netherlands",NL
"SVRZ Ter Valcke, Goes, The Netherlands",NL
"Fondacija fami, Kralja Aleksandra 52, 74000, Doboj, Bosnia and Herzegovina",BA
"Geriatrics and community palliative care unit, Geneva University Hospitals, Avenue Cardinal-Mermillod 36, 1227, Carouge, Switzerland",CH
"Sequana Medical, Technoparkstrasse 1, 8005, Zürich, Switzerland",CH
"Musashi Kokubunji Park Clinic, 2-16-34-127 Nishimoto-machi, Kokubunji, Tokyo, 185-0023, Japan",JP
"Triangolo Association, In Sceresòra 4, CH-6528, Camorino, Switzerland",CH
"Department of Gerontology and Palliative Care, of Al. Natishvili Institute of Morphology, TSU, Tbilisi, Georgia | Georgian National Association for Palliative Care, Tbilisi, Georgia",GE
"Georgian National Association for Palliative Care, Tbilisi, Georgia",GE
"REHPA - The Danish Knowledge Centre for Rehabilitation and Palliative Care, Copenhagen, Denmark",DK
"Institute of Medical and Pharmaceutical Proficiency Assessment, Malakoff Passage, Rheinstraße 4, D-55116, Mainz, Germany",DE
"NIHR ARC NWC, Liverpool, UK",GB
"Sefton Advocacy, Sefton, UK",GB
"SURF Liverpool, Liverpool, UK",GB
"Palliative Care Service, Universitary Hospital Center Bordeaux, 1, rue Jean Burguet, 33075, Bordeaux, France",FR
"Patient Partner, Vancouver, British Columbia, Canada",CA
"Service de médecine palliative et d'accompagnement, CHU Bordeaux, F-33000, Bordeaux, France",FR
"Pôle Recherche et enseignement universitaire (SPES), Maison Médicale Jeanne Garnier, F-75015, Paris, France",FR
"Spiritual caregiver, Netwerk Palliatieve Zorg Gooi & Vechtstreek, Gooi & Vechtstreek, the Netherlands",NL
"Children's Hospital of Eastern Switzerland, Claudiusstrasse 6, 9006, St. Gallen, Switzerland",CH
"Marie Curie Senior Research Fellow, School of Nursing and Midwifery, Queens University Belfast, 97 Lisburn Road, Belfast, BT9 7BL, Northern Ireland",GB
"Formerly at Albany Community Hospice, WA, 6330, Albany, Australia",AU
"Donwood Manor, 171 Donwood Dr, Winnipeg, MB, R2G 0V9, Canada",CA
"Medical Center, Aeblehaven 1, DK-5580, Norre Aaby, Denmark",DK
"Paramita, Bonn, Germany",DE
"Department of Public Health and Pediatrics, University of Torino, Via Santena 5 bis, 10126, Torino, Italy",IT
"Regional Public Health Observatory (SEPI), Local Health Unit TO3, Via Sabaudia 164, 10095, Grugliasco (To), Italy",IT
"Kaixuan Street Community Health Service Center, Hangzhou, 310000, China",CN
"ASL4 Liguria-Chiavari, Chiavari, Italy",IT
"Fondazione Luce Per La Vita, Rivoli, Turin, Italy",IT
"Department of Health Policy, Management & Behavior, School of Public Health, New York State University,, Albany, USA",US
"Competence Center Palliative Care, Department of Radiation Oncology, University Hospital Zurich, Rämistrasse 100, Zurich, 8091, Switzerland",CH
"Day hospice Adiuvantes, Vilsbiburg, Germany",DE
"Independent Researcher, Belfast, UK",GB
"CHROMA Therapies, Overross House, Ross Park, Ross on Wye, Herefordshire, UK",GB
"MusiCARER Project Carer Advisory Group, Belfast, UK",GB
"Department of Pain and Palliative Care, Grupo Keralty, Clinica Sebastian de Belalcazar, Cali, 760044, Colombia",CO
"Development Center for Nursing Homes and Home Services, Hamar Municipality, Hamar, Norway",NO
"Municipal Medical Center, Ringsaker Municipality, Brumunddal, Norway",NO
"Hôpital Lyon Sud, Unitéde Soins Palliatifs, Pierre Bénite, Lyon, France",FR
"Voluntary Organisations Disability Group, London, United Kingdom",GB
"Netherlands Association for Palliative Care (PZNL), Utrecht, The Netherlands",NL
"Maison Médicale Marie Galène, Bordeaux, France",FR
"Palliative Care unit, CHU, Nantes, France",FR
"Temmy Latner Centre for Palliative Care, 60 Murray Street, 4th Floor, Box 13, Toronto, ON, M5T3L9, Canada",CA
"Reimbursement Institute, Hürth, Germany",DE
"Centre for Integrative Oncology, Pain and Palliative Medicine, Oeschelbronn Clinic, 75223, Niefern-Oeschelbronn, Germany",DE
"Changchun Humanities and Science College, Changchun, China",CN
"Home Centered Care Institute, Schaumburg, IL, USA",US
"CH Brive Hematology, Boulevard Verlhac 19032, Brive la Gaillarde, France",FR
"United Hospital Limited, Dhaka, Bangladesh",BD
"Clinical Services Department, Hospis Malaysia, Kuala Lumpur, Malaysia",MY
"Healthcare Strategy & Operations Consultant, New York, NY, USA",US
"ASIH Stockholm Norr, Medical Home Care and Hospice Ward, Svärdvägen 11 D, SE-182 33, Danderyd, Sweden",SE
"ASIH Stockholm Södra, Medical Home Care and Hospice Ward, Bergtallsvägen 12, SE-125 59, Älvsjö, Sweden",SE
"Coordination for the Evaluation of Professional Practices in Healthcare in the Rhône-Alpes Region, 162 Avenue Lacassagne Bâtiment A - 7ème étage, 69424, Lyon Cedex 03, France",FR
"Baleares Health Services-IbSalut, C/ Jesús 40, 07010, Palma, Spain",ES
"Cudeca Hospice Foundation, Av. del Cosmos, S/N, 29631, Malaga, Spain",ES
"Balearic Islands Palliative Care Regional Program, Baleares Health Services-IbSalut, C/ Jesús 40, 07010, Palma, Spain",ES
"Service of Health Planning of the Health counseling of the Government of the Balearic Islands, Plaza España 9, 07002, Palma de Mallorca, Islas Baleares, Spain",ES
"Milford Care Centre, Castletroy, Limerick, Ireland | Milford Care Centre, Limerick, Ireland",IE
"Department of Medicine, Brantford General Hospital, Brantford, Ontario, Canada",CA
"Brantford General Hospital, Brantford, Ontario, Canada",CA
"Occupational Therapist, Private Practice, Bexley North, NSW, Australia",AU
"Palliative Care unit, University Teaching Hospital, Nantes, France",FR
"Palliative Care unit, Rives de Seine Hospital, Puteaux, France",FR
"Palliative Care Unit, Marie Galène Institution, Bordeaux Caudéran, France",FR
"Palliative Care unit, Cognacq-Jay Hospital, Paris, France",FR
"Palliative Care unit, General Hospital, Salon-de-Provence, France",FR
"Palliative Care unit, University Teaching Hospital, Lille, France",FR
"Palliative Care unit, General Hospital, Périgueux, France",FR
"Palliative Care unit, University Teaching Hospital, Clermont Ferrand, France",FR
"Palliative Care unit, University Teaching Hospital, Angers, France",FR
"Biostatistical department ICURESEARCH SA, Paris, France",FR
"Dept. of Radiation-Oncology and Palliative Medicine, University Hospital Gasthuisberg, Leuven, Belgium",BE
"CHU Clermont-Ferrand, Unit of palliative care, Hôpital Louise Michel, 63118, cébazat, France",FR
"Academic Hospice Demeter, Bilthoven & Agora, De Bilt, the Netherlands",NL
"JORTC Data Centre, NPO, Tokyo, Japan",JP
"Department of Sciences of Public Health and Pediatrics, Turin University, Milan, Italy",IT
"Lino Maestroni Foundation, Palliative Medicine Research Institute, via Palestro 1, 26100, Cremona, Italy",IT
"Rehabilitation and Alzheimer Disease Evaluation Unit, Ancelle della Carità Hospital, Via G. Aselli, 14, Cremona, Italy",IT
"Geriatric Institute Pio Albergo Trivulzio, via Trivulzio, 15, 20146, Milan, Italy",IT
"Italian Foundation of Leniterapia (FILE), Via San Niccolò, 1, 50125, Florence, Italy",IT
"Dijklander Ziekenhuis, Department of Pulmonary Diseases, Purmerend, The Netherlands",NL
"Specialist Outpatient Palliative Care Team ""PalliativPartner Hamburg GbR"", Hamburg, Germany",DE
"Specialist Outpatient Palliative Care Team ""Das Palliativteam"", Hamburg, Germany",DE
iLIVE Consortium  https://www.iliveproject.eu/,
"Renal and Transplant Associates of New England, PC, Springfield, MA, 01107, USA",US
"Jiangsu Institute of Quality and Standardization, Nanjing, 210029, China",CN
"Hospice Unit, The Air Force Hospital From Eastern Theater of PLA, Nanjing, 210002, China",CN
"Seattle Children’s Research Institute, Seattle, WA, USA | Seattle Children's Research Institute, Seattle, WA, USA",US
"Seattle Children's Research Institute, Seattle, WA, USA",US
"Palliative and Supportive Care Team, Oncology Center Amsterdam, OLVG, Oosterpark 9, Amsterdam, The Netherlands",NL
"Epidemiology, IQVIA, Frankfurt, Germany",DE
"Kenyan Hospice and Palliative Care Association, Nairobi, Kenya",KE
"Specialist outpatient palliative care team 'PalliativPartner Hamburg GbR', Hamburg, Germany",DE
"Specialist outpatient palliative care team 'Das Palliativteam', Hamburg, Germany",DE
"Centre for Improving Health-Related Quality of Life, School of Psychology, Queen's University Belfast, Belfast, BT7 1NN, Northern Ireland",GB
"German Association for Palliative Medicine (DGP), Berlin, Germany",DE
"Polistudium SRL, Milan, Italy",IT
"Division of Radiation Oncology, Tom Baker Cancer Centre, 1331 29 Street NW, Calgary, T2N 4N2, Alberta, Canada",CA
"Kenyan Hospices and Palliative Care Association, Nairobi, Kenya",KE
"Palliative Care Unit, Bethesda Hospital, Claremont, Western, Australia | Palliative Care Unit, Bethesda Hospital, Claremont, Australia",AU
"Department of Women and Gender Studies, Faculty of Arts, College of Social Sciences and Humanities, 3-51 Assiniboia Hall, Edmonton, AB, T6G 2E7, Canada",CA
"Patient Engagement Team, Alberta SPOR SUPPORT Unit, 3280 Hospital Dr NW, Calgary, AB, T2N 4Z6, Canada",CA
"Tekirdağ DRIFC State Hospital palliative service, TekİrdaĞ, Turkey",TR
"HCA Hospice Limited, Singapore, Singapore",SG
"St Lazarus Hospice, Fatimska 17, 31-831, Kraków, Poland",PL
"Oncology Clinic, South Savo Wellbeing Services County, Mikkeli, Finland",FI
"Region Uppsala, Hospital-based home care unit, Enköping hospital, Enköping, Sweden",SE
"Department of Internal Medicine-Oncology, Shaanxi Cancer Hospital, Xian, 710061, China",CN
"International Children's Palliative Care Network, Bristol, UK",GB
"Municipal Physician Service Zurich, Walchestrasse 31, 8021, Zurich, Switzerland",CH
"Department of Consultation, Kurashiki Clinical Research Institute, Okayama, Japan",JP
"Mind Lab The Place, Seoul, Republic of Korea",KR
"Helen and Douglas House Hospice, Oxford, UK",GB
"HCA Hospice Limited, 705 Serangoon Road, #03-01, Block A @ Kwong Wai Shiu Hospital, 328127, Singapore, Singapore",SG
"Air Force Medical Centre, Air Force Base, Takoradi, Ghana",GH
"Family Medicine Network, Nijmegen, The Netherlands",NL
"Gezondheidscentrum Krimpen, Krimpen aan den IJssel, The Netherlands",NL
"MVZ Dr. Vehling-Kaiser GmbH, Landshut, Germany",DE
"Institute for Market Research in Healthcare, Munich, Germany",DE
"Stichting Fibula, Utrecht, The Netherlands",NL
"Palliative Care Unit, Caura Hospital, North Central Regional Health Authority, Caura, Trinidad and Tobago",TT
"Kinaesthetics Schweiz, Zürcherstrasse 46, Winterthur, 8400, Switzerland",CH
"UR ACCePPT, University Clermont Auvergne, Clermont-Ferrand, 63000, France | ACCePPT - AutomédiCation aCcompagnement Pluriprofessionnel PatienT (UFR de Pharmacie, 28 place Henri Dunant, TSA 50400, 63001 Clermont-Ferrand - France)",FR
"Change Grow Live, 76 King Street, Orega, Manchester, UK",GB
"Pediatric Pain and Palliative Care Service, Department of Women's and Children's Health, University Hospital, Padova, Italy",IT
"Partners in Health/Inshuti Mu Buzima, Kigali, Rwanda",RW
"Department of Medical Statistics, University Medical Centre, Von-Siebold-Str. 3, Goettingen, Germany",DE
"Academy of Ethics in Medicine, Robert-Koch-Str. 40, Goettingen, Germany",DE
"Department of Haematology and Medical Oncology, University Medical Centre, Robert-Koch-Str. 40, Goettingen, Germany",DE
"Network Palliative Care region Arnhem and de Liemers, Hospice Rozenheuvel, Rosendaalselaan 20, 6891 DD, Rozendaal, the Netherlands | Network Palliative Care region Arnhem and de Liemers, Hospice Rozenheuvel, Rozendaal, the Netherlands",NL
"St Richard's Hospice, Worcester, UK",GB
"The Hong Kong Society for Rehabilitation, Hong Kong, China",CN
"Sakurashinmachi Urban Clinic, 3-21-1 Shinmachi, Setagaya-ku, Tokyo, Japan",JP
", Ottawa, Ontario, Canada | Ottawa, Ontario, Canada",CA
"African Centre for Research on End-of-Life Care, Kigali, Rwanda",RW
", Perth, Australia",AU
"Open Collaboration for Cognitive Accessibility, University of Ottawa, Ottawa, Canada",CA
"World Child Cancer, Accra, Ghana",GH
"Greater Accra Regional Hospital, Accra, Ghana",GH
"Department of Oncology, Chengdu Pidu District People's Hospital, Chengdu, Sichuan, China",CN
"Keech Hospice Care, Luton, England",GB
"School of Nursing, University of Maryland, Maryland, USA",US
"trinovis GmbH, Hannover, Germany",DE
"Department of Gastroenterology, University Hospital of Southern Denmark, Esbjerg, Denmark",DK
"MedReleaf, Markham, Ontario, Canada",CA
"Tao Center for Healing, Sacramento, CA, USA",US
"Cancer Integrative Medicine Program, Rush Medical Center, Chicago, IL, USA",US
"Department of Anesthesiology, Netherlands cancer institute, Amsterdam, The Netherlands",NL
"Department of Anesthesiology, Trident Health System, Charleston, SC, USA",US
"Palliative Care Unit, General Hospital, Fidenza, Italy",IT
"Clinique Santé Cannabis, Montreal, Canada",CA
"Department of Gastroenterology, 363 Hospital, Chengdu, China",CN
"Department of Radiology, Guangdong Hospital of Traditional Chinese Medicine, Zhuhai, China",CN
"Department of Gynecology, Guangdong Hospital of Traditional Chinese Medicine, Zhuhai, China",CN
"Department of Urology, Guangdong Hospital of Traditional Chinese Medicine, Zhuhai, China",CN
"Department of Orthopedics, The First Affiliated Hospital of Hunan Traditional Chinese Medicine College, Zhuzhou, China | Department of Orthopedics, Beijing Tongzhou District Hospital of Integrated Traditional Chinese and Western Medicine, Beijing, China;",CN
"GRASP, Baltimore, MD, USA",US
"Hanson and Associates, Whitehorse, Yukon, Canada",CA
"Department of Radiology, The People's Hospital of Pingyang, Wenzhou, China",CN
"Health Service Center of Laoximen Street, Shanghai 200010, China",CN
"Palliative and Supportive Care Clinic, Oncology Institute of Southern Switzerland IOSI-EOC, Lugano, Switzerland",CH
"Can Support, New Delhi, Delhi, India",IN
"New Health Foundation, Sevilla, Spain. silvia.librada@newhealthfoundation.org | New Health Foundation, Sevilla, Spain",ES
"New Health Foundation, Sevilla, Spain",ES
"Geisinger Medical System, Danville, PA, USA",US
"Department of Pharmacy Practice and Science, University of Maryland School of Pharmacy, Danville, PA, USA",US
"National Key Laboratory of Collateral Disease Research and Innovative Chinese Medicine, Shijiazhuang 050035, China",CN
"Infections Department, Jiayu County People's Hospital, Xianning, China",CN
"Jingzhou Hospital of Traditional Chinese Medicine, Jingzhou 434000, China | Jingzhou Hospital of Traditional Chinese Medicine, Jingzhou, China",CN
"Armand Global Consulting, Rockville, Maryland, USA | Armand Global Consulting, Rockville, Maryland, USA;",US
"Department of Emergency, Tangdu Hospital, Air Force Military Medical University, Xi'an, China",CN
"Department of Respiratory and Critical Care Medicine, Xinyang Fifth People's Hospital, Xinyang, China",CN
"Department of Orthopaedics and Traumatology, Weihai Hospital of Traditional Chinese Medicine, Weihai, China | Department of Orthopaedics and Traumatology, 2Department of Anesthesiology, Weihai Hospital of Traditional Chinese Medicine, Weihai, China",CN
"Department of Orthopedics, Wenkou Hospital of Qixia, Qixia, China",CN
"Community Health Service Center of Pengpu New Village Street of Jing'an District, Shanghai 200435, China",CN
"Department of Ophthalmology, Chongqing Aier Eye Hospital, Chongqing 400000, China",CN
"Bonnysci International Science & Technology Co., Ltd., Beijing, China",CN
"Inner Mongolia Dairy Technology Research Institute Co., Ltd., Hohhot, China",CN
"Department of Nursing, South Campus, Ren Ji Hospital, School of Medicine, Shanghai Jiaotong University, Shanghai, China",CN
"Hengjie Community Health Service Center of Shuangta Street in Suzhou Gusu District, Suzhou, China",CN
"Tongxing Community Health Service Center of Huqiu Street in Suzhou Gusu District, Suzhou, China",CN
"Research and Development Department, Keeson Technology Corporation Limited, Jiaxing, China",CN
"Department of Ophthalmology, Qionghai Jianping Hospital, Qionghai, China",CN
"Department of Chinese Medicine, Maoming City people's Hospital, Maoming, China",CN
"Department of Oncology, Maoming City People's Hospital, Maoming, China",CN
"Teaching and Research Office of Traditional Chinese Medicine, Maoming Academy of Health, Maoming, China",CN
"Center of Scientific Research, Maoming People's Hospital, Maoming, China",CN
"Cadre sanatorium of Hainan & Geriatric hospital of Hainan, Haiou, China",CN
"Department of Obstetrics, Haian People's Hospital, Nantong, China",CN
"Department of Anesthesiology, the General Hospital of Western Theater Command, Chengdu, China",CN
"Department of Neurology, 363 Hospital, Chengdu, China",CN
"Hangzhou Jiubao Biotechnology Co. Ltd., Hangzhou, China",CN
"Department of Pharmacy, Suzhou Xiangcheng People's Hospital, Suzhou, China",CN
"Department of Radiation Oncology, Zuid-West Radiotherapy Institute, Vlissingen, The Netherlands",NL
"Research and Development Department, Median Technologies, Valbonne, France",FR
"Department of Nephrology, Yilong County People's Hospital, Nanchong, China",CN
"Department of Nephrology, Chengdu Jinniu District People's Hospital, Chengdu, China",CN
"Department of Cardiovascular Medicine, People's Hospital of Jieyang, Jieyang, China",CN
"Department of Anesthesiology, The Third People's Hospital of Cixi City, Cixi, China",CN
"Department of Hand Surgery, The Third People's Hospital of Cixi City, Cixi, China",CN
"Department of Cardiopulmonary Rehabilitation, Wuxi Huishan Rehabilitation Hospital, Wuxi, China",CN
"Department of Obstetrics and Gynecology, Georgetown Public Hospital Corporation, Georgetown, Guyana",GY
"Hospital of Chengdu University of Traditional Chinese Medicine, Chengdu, China",CN
"Department of Spine Surgery, Sichuan Orthopaedic Hospital, Chengdu, China",CN
"Department of Cardiology, Anhui Maternal and Child Health Hospital, Hefei, China",CN
"Beijing Zhiyun Data Technology Co. Ltd, Beijing, China",CN
"Department of Urology, Emergency General Hospital, Beijing, China",CN
"Clinical Laboratory of Hebei Chinese Traditional Hospital, Shijiazhuang, China",CN
"Middleburry College, Middleburry, VT, USA",US
"Department of Medical Imaging, People's Hospital of Xishuangbanna Dai Autonomous Prefecture, Jinghong, China",CN
"Department of Radiology, Dali Bai Autonomous Prefecture People's Hospital, Dali, China",CN
"Department of Nephrology, Ziyang Hospital of Traditional Chinese Medicine, Ziyang, China",CN
"Beijing Medicinovo Technology Co., Ltd., Beijing, China",CN
"Department of General Practice, University Medical Center Goettingen, Goettingen, Germany | Department of General Practice, University Medical Center Goettingen, Goettingen, Germany;",DE
"Department of Diagnosis, Ningbo Diagnostic Pathology Center, Ningbo, China",CN
"Department of Internal Medicine, Ding'an Traditional Chinese Medicine Hospital, Ding'an, China",CN
"Compassionate Communities UK, Cornwall, UK | Compassionate Communities UK, Cornwall, UK;",GB
"Department of Intensive Care Unit, General Hospital of Jilin Oil Field, Songyuan, China",CN
"Department of Cardiology, Chaoyang Integrated Traditional Chinese and Western Medicine Emergency Rescue Center, Beijing, China",CN
"Jingyi Endowment Center, Chengdu, China",CN
"Department of Cardiopulmonary Rehabilitation, Zhejiang Rehabilitation Medical Center, Hangzhou, China",CN
"Department of Ophthalmology, Hospital of Chengdu University of Traditional Chinese Medicine, Chengdu, China",CN
"Caring Community Cologne, Palliative and Hospice Network Cologne, Cologne, Germany",DE
"Central Laboratory of Guizhou Aerospace Hospital, Zunyi, China",CN
"Shaanxi Institute of Food and Drug Control, Xi'an, China",CN
"Department of Radiation Oncology, BC Cancer - Vancouver Centre, Vancouver, BC, Canada",CA
"Department of Audio Engineering, Chengdu Melody Wellness Tech Company, Chengdu, China",CN
"Department of Pathophysiology, Henan Medical College, Zhengzhou, China",CN
"Department of Pulmonary and Critical Care Medicine, Zibo City Key Laboratory of Respiratory Infection and Clinical Microbiology, Zibo City Engineering Technology Research Center of Etiology Molecular, Zibo, China",CN
"Fondazione F.A.R.O. Onlus, Turin, Italy",IT
"Kowloon Doctor Association, Hong Kong, China",CN
"Department of Orthopedics, Sichuan Provincial Orthopedics Hospital, Chengdu, China",CN
"The Linfen Center for Disease Control and Prevention, Linfen 041000, China",CN
"Department of Gynecology, Traumatology and Orthopedics Hospital of Traditional Chinese Medicine of Xiaoshan District, Hangzhou, China",CN
"Department of Orthopaedics, Traumatology and Orthopedics Hospital of Traditional Chinese Medicine of Xiaoshan District, Hangzhou, China",CN
"Pailan DataRx Co. Ltd., Shanghai, China",CN
"Department of Medicine and Geriatrics, Fung Yiu King Hospital, Hong Kong, China",CN
"Institute of Dermatology, Shanghai Academy of Traditional Chinese Medicine, Shanghai 201203, China",CN
"AMPAF (Mirandás Association of People Affected by Fibromyalgia), Miranda de Ebro, Burgos, Spain",ES
"Exclusivas DISAR SL, Department of Research and Development, Madrid, Spain",ES
"Department of Oncology, The Air Force Hospital from Eastern Theater of PLA, Nanjing, China",CN
"Department of Oncology, Second Affiliated Hospital of Army Military Medical University, Chongqing, China",CN
"Department of Pathology, Second Affiliated Hospital of Army Military Medical University, Chongqing, China",CN
"GE Healthcare, Nanjing, China",CN
"Department of Public Health, Erasmus Medical Center Rotterdam, Rotterdam, The Netherlands",NL
"Department of Public and Occupational Health, Amsterdam Public Health Research Institute, Amsterdam University Medical Center, location VUmc, Amsterdam, The Netherlands",NL
"Department of Nutrition, Beilun District People's Hospital of Ningbo, Ningbo, China",CN
"Department of Cardiovascular Disease, Hebei Province Cangzhou Hospital of Integrated Traditional Chinese and Western Medicine, Cangzhou, China",CN
"Department of Oral and Maxillofacial Surgery, Hebei Province Cangzhou Hospital of Integrated Traditional Chinese and Western Medicine, Cangzhou, China",CN
"The Fourth Department of Internal Medicine, Yanshan County People's Hospital, Cangzhou, China",CN
"Department of Pediatric Orthopedics, Hebei Province Cangzhou Hospital of Integrated Traditional Chinese and Western Medicine, Cangzhou, China",CN
"The Second Department of Ultrasonic Diagnosis, Hebei Province Cangzhou Hospital of Integrated Traditional Chinese and Western Medicine, Cangzhou, China",CN
"Department of Oncology, People's Hospital of Qingdao West Coast Area, Qingdao, China",CN
"Department of Dermatology, Guangdong Provincial Hospital of Chinese Medicine, Guangzhou, China | Department of Dermatology, Guangdong Provincial Hospital of Chinese Medicine, Guangzhou, China;",CN
"Human Metabolomics Institute, Inc., Shenzhen, China",CN
"Cadre Ward, 920th Hospital of Joint Logistics Support Force of PLA, Kunming, China",CN
"Department of Neurosurgery, Funing People's Hospital, Yancheng 224400, China",CN
"National Key Laboratory of Collateral Disease Research and Innovative Chinese Medicine, Shijiazhuang, China",CN
"Department of Periodontology, Handan Stomatological Hospital, Handan, China",CN
"Department of Clinical Laboratory, Handan Stomatological Hospital, Handan, China",CN
"Emergency Department, Jinan Hospital, Jinan, China",CN
"Department of Traditional Chinese Medicine, Yuhang District Third People's Hospital Liangzhu Branch, Hangzhou, China",CN
"Department of Medical Imaging Center, Shandong Provincial ENT Hospital, Jinan, China",CN
"Department of Pediatrics, South Pier Community Health Service Center, Shanghai, China",CN
"Flow Cytometry Room, Chengdu Neo-Life Hope Medical Laboratory Inc., Chengdu, China",CN
"Kunshan Center for Disease Prevention and Control, Suzhou, China",CN
"Department of Cardiology, Banan People's Hospital of Chongqing, Chongqing, China",CN
"Exploratory Oncology Research & Clinical Trial Center, National Cancer Center, Tokyo, Japan",JP
"Center for Public Health Sciences, National Cancer Center, Tokyo, Japan",JP
"Department of Biochemistry, School of Basic Medicine,",
"Division of Pulmonary, Department of Internal Medicine, Serim General Hospital, Incheon, Korea",KR
"Department of General surgery, Tunchang People's Hospital, Tunchang, China",CN
"Global Health Drug Discovery Institute, Beijing, China",CN
"Kunming Pharmaceutical, Inc., Kunming, China",CN
"Department of Ultrasound, Tang County Hospital of Traditional Chinese Medicine, Tang County, China",CN
"Department of Ultrasound, Dingzhou Traditional Chinese Medicine Hospital, Dingzhou, China",CN
"Department of Medical Affairs, Air Force Hospital of Western Theater Command, Chengdu, China",CN
"Hospices Casa de la Bondad, Córdoba, Argentina",AR
"Grupos de Espiritualidad para vivir con Dignidad, Chile",CL
"Fundación de Medicina Paliativa de El Salvador, PALIAMED, San Salvador, El Salvador",SV
"Hospital Dr. Eduardo Schütz Schroeder, Puerto Montt, Chile",CL
"Department of Palliative Care, Senri Chuo Hospital, Toyonaka, Japan",JP
"Department of Oncology, 363 Hospital, Chengdu, China",CN
"Department of Orthopaedics, Kaili City First People's Hospital, Kaili, China",CN
"Department of Internal Medicine, Kyoto Min-Iren Chuo Hospital, Ukyo, Kyoto, Japan",JP
"Department of Anesthesiology, The 900th Hospital of Joint Logistics Support Force, Fuzhou, China",CN
"DARMA Lab, Shenzhen, China",CN
"Cardiostory Inc., Lewes, DE, USA",US
"Department of Orthopedics, Huludao Central Hospital, Huludao, China",CN
"Division of Pharmacy, Gunma Prefectural Cancer Center, Gunma, Japan | Division of Pharmacy, Gunma Prefectural Cancer Center, Gunma, Japan;",JP
"Institute of Dermatology, Shanghai Academy of Traditional Chinese Medicine, Shanghai, China",CN
"Medicine of Xiangyang Vocational and Technical College, Xiangyang, China",CN
"Qilu Medical University, Zibo, China",CN
"Bingyuan Medical Technology Co., LTD., Shanghai, China",CN
"Department of Oncology, Princess Margaret Hospital, Hong Kong, China",CN
"Department of Radiology, Princess Margaret Hospital, Hong Kong, China",CN
"Department of Ophthalmology, Tangdu Hospital, Air Force Military Medical University, Xi'an, China",CN
"Sagam Community Hospital, Luanda, Kenya",KE
"Department of Oncology, Suqian First People's Hospital, Suqian 223800, China",CN
"Yidu Cloud (Beijing) Technology Co., Ltd., Beijing, China",CN
"bHaptics Inc., Daejeon, Korea",KR
"Department of Chest Wall Surgery, Guangdong Second Provincial General Hospital, Guangzhou 510317, China",CN
"Geneplus-Beijing, Beijing, China",CN
"Department of Orthopaedics, People's Hospital of Nanzhao County, Nanyang, China",CN
"Department of Pulmonary and Critical Care Medicine, General Hospital of Southern Theater Command, Guangzhou, China",CN
"Clifford Hospital, Guangzhou, China",CN
"Canon Organization, Canon Medical Systems (China) Co., LTD, MR Division, Xi'an, China",CN
"Department of Chinese Medicine, Guangdong Second Provincial General Hospital, Guangzhou, China",CN
"The Fourth Departments, People's Hospital of Diqing Tibetan Autonomous Prefecture, Diqing, China",CN
"Department of Cardiothoracic Oncology Surgery, Danzhou People's Hospital, Danzhou, China | Department of Cardiothoracic Oncology Surgery, Danzhou People’s Hospital, Danzhou, China",CN
"Neurosurgery, Jin Zhong City Chinese Hospital, Jinzhong, China",CN
"Community Health Center of Liaobu County, Dongguan, China",CN
"Department of Anesthesiology and Intensive Therapy, Budapest, Hungary",HU
"Department of Epidemiology and Biostatistics, School of Public Health, Tongji Medical College, HUST, Wuhan, China",CN
"Department of Ultrasound, Zhuji Maternal and Child Health Hospital, Zhuji, China",CN
"Department of Nephrology, Jinniu Hospital of Sichuan Provincial People's Hospital & Chengdu Jinniu District People's Hospital, Chengdu, China",CN
"Medical Science Liaison, Genetron Health Inc., Beijing, China",CN
"Division of Pharmaceutical Research and Development, Shanghai Sandai Pharmaceutical R&D Co. Ltd., Shanghai, China",CN
"Department of Anesthesiology, The People's Hospital of Zhenxiong County, Zhenxiong, China",CN
"Hang Zhou Shu Lan Hospital, Hangzhou, China",CN
"Department of Pathology, Blood Center of Shandong Province, Jinan, China",CN
"General Surgery of The First Clinical Hospital of Jilin Academy of Chinese Medicine Sciences, Changchun, China",CN
"Department of Prosthodontics, Suqian Stomatological Hospital, Suqian, China",CN
"Department of Periodontology, Suqian Stomatological Hospital, Suqian, China",CN
"Department of Orthodontics, Suqian Stomatological Hospital, Suqian, China",CN
"Dendrix Research, Sao Paulo, Brazil",BR
"Department of Social Work, UMK University, Torun, Poland",PL
"Department of Anesthesiology, Qingdao United Family Hospital, Qingdao 266313, China",CN
"Shenzhen Samii International Medical Center, Shenzhen, China",CN
"Department of Rheumatoid, Chengdu Rheumatism Hospital, Chengdu, China",CN
"Department of Critical Care Medicine, Maoming People's Hospital, Maoming, China",CN
"Zhuzhou Qianjin Pharmaceutical Co., Ltd., Zhuzhou, China",CN
"Institute of Palliative Care, University Hospital of Muenster, Muenster, Germany",DE
"First Ward of Cancer Center, People's Hospital of Henan Province, Zhengzhou, China",CN
"Stem Cell and Regenerative Medicine Research Center, Sichuan Neo-life Stem Cell Biotech Inc., Chengdu, China",CN
"Sichuan Umbilical Blood Bank, Sichuan Neo-life Stem Cell Biotech Inc., Chengdu, China",CN
"Flow cytometry Room, Chengdu Neo-life Hope Medical Laboratory Inc., Chengdu, China",CN
"Department of Home Care, Sekimoto Clinic, Kobe, Japan",JP
"Department of Orthopedics, Suzhou Dushuhu Public Hospital, Suzhou, China",CN
"Department of Medical Administration, Menghai Chinese Traditional Medicine Hospital, Menghai, China",CN
"Department of General Medicine, The People's Hospital of Xishuangbanna Prefecture, Jinghong, China",CN
"Department of Oncology, Princess Margaret Hospital, Hong Kong SAR, China | Department of Oncology, Princess Margaret Hospital, Hong Kong SAR, China;",CN
"REM Radioterapia Srl, Viagrande, Italy | REM Radioterapia Srl, Viagrande, Italy;",IT
"Kowloon Doctors Association, Hong Kong, China",CN
"Department of Radiation Oncology, Hospital Dilson de Quadros Godinho, Montes Claros, State of Minas Gerais, Brazil",BR
"Department of Hepatobiliary Surgery, 900 Hospital of the Joint Logistics Team, PLA, Fuzhou 350025, China",CN
"Ningbo Clinical Research Center for Urological Disease, Ningbo, China",CN
"Qiannan Hospital of Traditional Chinese Medicine, China",CN
"Department of Nephrology, Haian People's Hospital, Nantong, China",CN
"Department of Endocrinology, Haian People's Hospital, Nantong, China",CN
"Department of Gynecology, Haian People's Hospital, Nantong, China",CN
"Department of Nephrology, Xi'an International Medical Center Hospital, Xi'an, China | Department of Nephrology, Xi’an International Medical Center Hospital, Xi’an, China",CN
"Department of Obstetrics and Gynecology, People's Hospital of Leshan, Leshan, China",CN
"Department of Anesthesiology, Integrated Center of Oncology, Angers, France",FR
"Yuai Memorial Hospital, Department of Palliative Medicine, Koga, Japan",JP
"Pharmacy Department, Garnet Health Medical Center, Middletown, NY, USA",US
"Palliative Care Medicine, Garnet Health Medical Center, Middletown, NY, USA",US
"Department of Pathology, Strategic Support Force Medical Center, Beijing, China",CN
"Ontario Association of Social Workers, Toronto, Ontario, Canada | Ontario Association of Social Workers, Toronto, Ontario, Canada;",CA
"Dublin Midlands Hospital Group, Dublin, Ireland",IE
"Department of Geriatrics, Leshan Hospital of Traditional Chinese Medicine, Leshan 614000, China",CN
"Department of Chronic Disease Management, Zhili Health Center, Huzhou, China",CN
"Department of Radiation Oncology, BC Cancer, Vancouver, Canada",CA
"Island Hospice and Healthcare, Belgravia, Harare, Zimbabwe",ZW
"Puding County Hospital of Traditional Chinese Medicine, Anshun, China",CN
"Department of Dermatology, Dongguan Tungwah Hospital, Dongguan, China",CN
"Department of Radiology, Binhai County People's Hospital, Yancheng, China",CN
"Department of Oncology, The 967th Hospital of Joint Logistics Force, Dalian, China",CN
"Department of Oncology, The People's Hospital of Ningxiang City, Ningxiang, China",CN
"Department of Orthopedics, Hospital of Hubei 672 Integrated Traditional Chinese and Western Medicine, Wuhan, China",CN
"Department of Critical Care Medicine, Shanxi Provincial People's Hospital, Taiyuan, China",CN
"Department of Ultrasound, Chengdu First People's Hospital, Chengdu, China | Department of Ultrasound, Chengdu First People’s Hospital, Chengdu, China",CN
"Songjiang Disease Prevention and Control Center, Shanghai, China",CN
"Department of Internal Medicine, Grand Strand Health, Myrtle Beach, South Carolina, USA",US
"Department of Science and Technology, Health Commission of Ningbo, Ningbo, China",CN
"The Fifth Outpatients Department, The General Hospital of Western Theater Command Pal, Chengdu, China",CN
"Department of Nephrology, Chengdu Jinniu District People's Hospital, Chengdu, China | Department of Nephrology, Chengdu Jinniu District People's Hospital, Chengdu, China;",CN
"Department of Hand and Foot Surgery, Second Affiliated Hospital of Suzhou University, Suzhou, China",CN
"AbbVie Pharmaceutical Trading (Shanghai) Co., Ltd., Shanghai, China",CN
"Department of Nephrology, Western Theater Air Force Hospital, Chengdu, China",CN
"Translational Medicine Research Center, Gansu Provincial Cancer Hospital, Lanzhou, China",CN
"Graduate School, Beijing University of Traditional Chinese Medicine, Beijing, China | Graduate School, Beijing University of Traditional Chinese Medicine, Beijing, China;",CN
"Department of Urology, Yiwu Municipal Central Hospital, Yiwu, China",CN
"Department of Traditional Chinese Medicine, Hainan Women and Children's Medical Center, Haikou, China",CN
"Psychiatric Department, the Third Hospital of Quzhou, Quzhou, China",CN
"Graduate School of Guizhou University of Traditional Chinese Medicine, Guiyang, China",CN
"Department of Ultrasound, Tianxiang East hospital, Yiwu, China",CN
"Department of Oncology, Princess Margaret Hospital, Hong Kong, China | Department of Oncology, Princess Margaret Hospital, Hong Kong, China;",CN
"ICU, Renmin Hospital of Chengyang District, Qingdao, China",CN
"ICU, General Hospital of Eastern Theater, Nanjing, China",CN
"Competence Center Palliative Care, University Hospital Zurich, Zurich, Switzerland | Competence Center Palliative Care, University Hospital Zurich, Zurich, Switzerland;",CH
"Department of Hematology, Maoming People's Hospital, Maoming, China",CN
"Department of Laboratory, Beijing Renhe Hospital, Beijing, China",CN
"Department of Intensive Care Unit, Ninghe District Hospital, Tianjin, China",CN
"Chengdu Rheumatism Hospital, Chengdu, China",CN
"Department of Respiration, Third Hospital of Baotou City, Baotou, China",CN
"Department of Infection, Third Hospital of Baotou City, Baotou, China",CN
"Medical Practice for General Medicine, Gevelsberg, Germany",DE
"Department of Radiotherapy, Beacon Hospital, Dublin, Ireland",IE
"Department of Endocrinology, Hospital of Chengdu University of Traditional Chinese Medicine, Chengdu, China",CN
"Department of Thoracic Surgery, Yunnan Cancer Hospital, Kunming, China | Department of Thoracic Surgery, Yunnan Cancer Hospital, Kunming, China;",CN
"Private Academic Consultant, Bangkok, Thailand",TH
"Clinical and Diagnostic Center, G.B. Morgagni, Catania, Italy",IT
"Yanzhou District Hospital of Traditional Chinese Medicine, Jining, China",CN
"Department of Geriatrics, Kunshan Geriatric Hospital of Jiangsu Province, Suzhou, China",CN
"ELSAN, Clinique Conti, 3 Chemin des Trois Sources, L'Isle-Adam, France",FR
"ReSurg SA, Rue Saint-Jean 22, Nyon, Switzerland",CH
"Residence Médicalisée Zemgor, 35 Rue du Martray, Cormeilles-en-Parisis, France",FR
"Center of Scientific Research, Maoming People's Hospital, Maoming, China | Center of Scientific Research, Maoming People's Hospital, Maoming, China;",CN
"Pontifical Xaverian University, Bogotá, Colombia",CO
"New Health Foundation, Seville, Spain",ES
"Hematology, Rome Transplant Network, Department of Haematology, Stem Cell Transplant Unit, Tor Vergata University, Rome, Italy",IT
"Department of Interventional Radiology and Diagnosis Imaging, Polyclinique Les Fleurs, Groupe Elsan, Ollioules, France",FR
"Japanese Organisation for Research and Treatment of Cancer (JORTC), NPO, Tokyo, Japan",JP
"New European Surgical Academy, Berlin, Germany",DE
"Palliative Care, Charleston, SC, USA",US
"Department of Vascular Surgery, Central Clinic of Athens, Athens, Greece",GR
"HCA Hospice Limited, Kwong Wai Shiu Hospital, Singapore, Singapore",SG
"Equipa Comunitária de Suporte em Cuidados Paliativos de Sintra, Sintra, Portugal | quipa Comunitária de Suporte em Cuidados Paliativos de Sintra, Sintra, Portugal",PT
"Sacred Heart Health Service, Sydney, NSW, Australia",AU
"Private Academic and Editorial Consultant, Phonhong, Laos",LA
"Department of Radiation Oncology, BC Cancer-Vancouver Centre, Vancouver, British Columbia, Canada",CA
"Health Services and Outcomes Research, National Healthcare Group, Singapore, Singapore",SG
"Oncological Palliative Medicine, Clinic Medical Oncology and Haematology, Department of Internal Medicine, CantonalHospital, StGallen, Switzerland",CH
"Fondazione Assistenza e Ricerca in Oncologia (FARO) Onlus, Turin, Italy | Fondazione Assistenza e Ricerca in Oncologia (FARO) onlus, Via Oddino Morgari 12, 10125, Turin, Italy",IT
"Fondazione Assistenza e Ricerca in Oncologia (FARO) Onlus, Turin, Italy",IT
"International Observatory on End-of-Life Care, Lancaster, United Kingdom",GB
"Researcher at Toward Evidence, Glasgow, UK",GB
"Waikato Palliative Care Programme, New Zealand and Two Worlds Cancer Collaboration, Vancouver, British Columbia, Canada",CA
"N. Ireland Hospice, Belfast, Northern Ireland | N. Ireland Hospice, Whiteabbey Hospital Site, Doagh Rd, Newtownabbey, Belfast BT37 9RH, Northern Ireland",GB
"N. Ireland Hospice, Belfast, Northern Ireland",GB
"Vektis, Business Intelligence Center for Healthcare, Zeist, Netherlands",NL
"Eveil: l'équilibre par les mains, Limoges, France",FR
"Cardiovascular Research Center Kermanshah, Kermanshah, Iran",IR
"Hunan Yuanpin Cell Biotechnology Co., Ltd, Changsha, Hunan 410129, China",CN
"McGrath Foundation, North Sydney, New South Wales, Australia",AU
"Biostatistics Division, Center for Research Administration and Support, National Cancer Center Japan, Chuo-ku, Tokyo, Japan | Division of Biostatistical Research, Center for Public Health Sciences, National Cancer Center Japan, Chuo-ku, Tokyo, Japan",JP
"Coordination Unit for Palliative Care, Health Service, Murcia, Spain",ES
"Independent Researcher, Newcastle, UK",GB
"MAiDHouse, Toronto, Ontario, Canada",CA
"Trustee, Arike Palliative Care, Kochi, Kerala, India",IN
"Adult Bone Marrow Transplant Service, New York City, Manhattan, USA",US
"Palliabru, Brussels, Belgium | Palliabru",BE
"Difficult Conversations, London, UK",GB
"Director Pam Oliver Ltd, Research and Evaluation, Waiheke Island, New Zealand",NZ
"St Columba's Hospice, Edinburgh, UK",GB
"Oncology and Palliative Care Units, Civil Hospital Carpi, USL, Carpi, Italy",IT
"Department of Internal Medicine, Division of Geriatric and Palliative Medicine, University of Texas Houston McGovern Medical School, Houston, USA",US
"Società Italiana Anestesia Analgesia Rianimazione e Terapia Intensiva (SIAARTI), Roma, Italy",IT
"Department of Palliative Care, Azienda USL di Piacenza, Piacenza, Italy",IT
"UOC Anestesia e Rianimazione, Ospedale di Belluno, Aulss 1 Dolomiti, Belluno, Italy",IT
"Intensive Care Unit, AOU S. Maria della Misericordia, Perugia, Italy",IT
"Avvocato, Foro di Milano, Milano, Italy",IT
"ICU 4, AO San Camillo-Forlanini, Roma, Italy",IT
"Società Italiana Anestesia Analgesia Rianimazione e Terapia Intensiva (SIAARTI), Napoli, Italy",IT
"Associazione Nazionale Infermieri di Area Critica (Aniarti), Udine, Italy",IT
"Educational Services for Health and Social Development, Officina Comunicativa, Torino, Italy",IT
"Avvocato, Foro di Bologna, Bologna, Italy",IT
"Restauratrice, Milano, Italy",IT
"Queenscourt Hospice, Liverpool, UK",GB
"UCL Institute of Health and Society, Bruxelles, Belgium | UCLouvain Louvain Drug Research Institute, Bruxelles, Belgium",BE
"Centre for Clinical Epidemiology, Institute for Clinical Research, National Institute of Health, Setia Alam, Selangor, Malaysia",MY
"IDEO, Long Beach, California, USA",US
"Milford Care Centre, Castletroy, Limerick, Ireland | Castletroy | Milford Care Centre",IE
"Internal Medicine Department, Hospital de la Axarquía, Málaga, Spain",ES
"Palliative Medicine, Foundation Vianorte-Laguna, Madrid, Spain",ES
"Star PALS, HCA Hospice Care, Singapore",SG
"Hospis Malaysia, Kuala Lumpur, Malaysia",MY
"CHU de Strasbourg, Strasbourg, France",FR
"Department of Oncology, Centre of Postgraduate Medical Education, European Health Centre, Otwock, Poland",PL
"Department of Pulmonary Circulation, Thromboembolic Diseases and Cardiology, Centre of Postgraduate Medical Education, European Health Centre, Otwock, Poland",PL
"International Cardio-Oncology Society, Tampa, Florida, USA",US
"Service de soins palliatifs, CHUV, Lausanne and Palliative Care Department, IOSI, Bellinzona, Switzerland",CH
"Centre de soins palliatifs, La Chrysalide, Neuchâtel, Switzerland",CH
"Department of Nettlebed, Sue Ryder Hospice, Joyce Grove, Henley-on-Thames, UK",GB
"A Division of C-TAC Innovations, Respecting Choices, Washington, DC, USA",US
"Cross Cancer Institute, Regional Cancer Centre Northern Alberta, Edmonton, Alberta, Canada",CA
"Instituto Português de Oncologia de Lisboa Francisco Gentil, EPE, Lisbon, Portugal",PT
"Fundación Vianorte-Laguna, Madrid, Spain",ES
"Palliative Care, Fondazione FARO, Turin, Italy",IT
"Hospice Soendergaard, Maaloev, Denmark",DK
"Trajectory Ltd, London, UK",GB
"International Trials Management Section, Clinical Research Support Office, National Cancer Center Hospital, Chuo-ku, Japan",JP
"Obra Social LaCaixa, Hospital San Juan de Dios Pamplona, Pamplona, Spain",ES
"Community Health, Duncan Hospital, Raxaul, Bihar, India",IN
"Pallium Canada, Ottawa, Ontario, Canada",CA
"Atrius Health, Newton, Massachusetts, USA",US
"Palliative Care Unit, Sant Camil Hospital-Residence Foundation-Sant Pere de Ribes, Sant Pere de Ribes, Barcelona, Spain",ES
"University of Gimbernat and Tomas Cerda School of Nursing, Sant Cugat del Vallés, Barcelona, Spain",ES
"Department of Palliative Medicine, Hospice in the Weald, Tunbridge Wells, UK",GB
"Invisio Ltd, Blessington, Ireland",IE
"Irish Lung Fibrosis Association, Dublin, Ireland",IE
"Department of Palliative Medicine, GP Specialty Training Programme, Health Education in Wales, Cardiff, Caerdydd, UK",GB
"Coordinate My Care, Coordinate My Care, London, UK",GB
"Bagchi-Karunashraya Palliative Care Centre, Bangalore Hospice Trust, Bhubaneswar, India",IN
"End of Life Partnership, Sandbach, UK",GB
"End of Life Partnership, Sandbach, UK | End of Life Partnership, Unit 8, Wheelock Heath Business Centre, Sandbach CW11 4RQ, UK",GB
"Medicine, Scihuvan University, Chengdu, China",CN
"Equipa Comunitária de Suporte em Cuidados Paliativos de Sintra, Lisboa, Portugal",PT
"Victoria Hospice, Kirkcaldy, Fife, UK",GB
"East Renfewshire Health and Social Care Partnership, Glasgow, UK",GB
"Saint Margaret of Scotland Hospice, Clydebank, West Dunbartonshire, UK",GB
"Health Outcomes and Medical Education Research (HOMER), National Healthcare Group, Singapore",SG
"St Luke's Hospice, Sheffield, UK",GB
"Palliative Medicine, Phyllis Tuckwell Hospice Care, Farnham, UK",GB
"Palliative Medicine, Chelsea and Westminster Healthcare NHS Trust, London, UK",GB
"Medical Director, Children's Hospice South West, nr Bristol, UK",GB
"Australian Nursing and Midwifery Education Centre, Adelaide, Australia | Australian Nursing and Midwifery Education Centre",AU
"St. Oswald's Hospice, Newcastle upon Tyne, UK",GB
"Translational Research Unit, Institute of Oncology Angel H Roffo, Buenos Aires, Argentina",AR
"Pallium Latinoamérica Association Buenos Aires, AR, CABA, Argentina",AR
"Section of Rehabilitation and Physiotherapist, Gastroenterology Hospital Dr Carlos Bonorino Udaondo, Buenos Aires, Argentina",AR
"Nutrition Department, Gastroenterology Hospital Dr Carlos Bonorino Udaondo, Buenos Aires, Argentina",AR
"Section of Palliative Care, Gastroenterology Hospital Dr Carlos Bonorino Udaondo, Buenos Aires, Argentina",AR
"Pallium Latinoamérica Association, Buenos Aires, Argentina | Section of Palliative Care, Gastroenterology Hospital Dr Carlos Bonorino Udaondo, Buenos Aires, Argentina",AR
"Department of Radiation Oncology, Competence Center Palliative Care, University Hospital Zurich, Zurich, Switzerland",CH
"Department of Geriatrics and Aging Research, University Hospital Zurich, Zurich, Switzerland | Department of Radiation Oncology, Competence Center Palliative Care, University Hospital Zurich, Zurich, Switzerland",CH
"Oncology and Palliative Care Units, Civil Hospital Carpi, Local Health Agency (USL), Carpi (MO), Italy",IT
"Pharos, Dutch Center of Expertise on Health Disparities, Utrecht, The Netherlands",NL
"Department of Palliative Medicine, Marymount University Hospital and Hospice, Cork, Ireland",IE
"Early Palliative Care Clinic and Medical Oncology, Civil Hospital Carpi, Local Health Agency (USL), Carpi (MO), Italy",IT
"Zhongguancun Hospital of Beijing, Beijing, China",CN
"Global Health Researcher, Nairobi, Kenya | Global Health Researcher, P.O. Box 459-00621, Village Market, Nairobi, Kenya",KE
"University Research Company, Nairobi, Kenya",KE
"Department of Geriatric Medicine, Karin Grech Hospital, Pieta, Malta",MT
"General Practice and Primary Care Research Unit, Department of Public Health and Primary Care, Institute of Public Health, Cambridge, UK",GB
"Woking and Sam Beare Hospices, Woking, UK",GB
NCRI Consumer Hub,
Help the Hospices,
"Barrow Hall College, Warrington, UK",GB
"Medical Department, Kyowa Kirin Farmacéutica S.L.U, Madrid, Spain",ES
"Medical Department, E-C-BIO, S.L, Las Rozas, Spain",ES
"Department of Rehabilitation, Xishan People's Hospital, Wuxi, China",CN
"Palliative Home Care and Hospice Ward, ASIH Stockholm Södra, Långbro Park, Bergtallsvägen, Sweden",SE
"British Association for Music Therapy, London, UK",GB
"Everyday Harmony, Northern Ireland Music Therapy Trust, Belfast, UK",GB
"Public Health Directorate, Regional Ministry of health (Direccion General de Salud Publica, Conselleria de Sanidad), Castille and Leon, Valladolid, Spain",ES
"Patient/Family Member Co-investigator, Architecture by Design, Ellicott City, Maryland, USA",US
"Division of Surgical Nursing, Shanxi Hospital of Integrated Traditional and Western Medicine, Taiyuan, China",CN
"Cancer Care Service, Hervey Bay Hospital, Hervey Bay, Queensland, Australia",AU
"Department of Clinical Oncology, Princess Margaret Hospital, Hong Kong, Hong Kong",HK
"-, Toronto, Ontario, Canada",CA
"School of Public Health and Family Medicine, College of Medicine, Blantyre, Malawi",MW
"Paediatrics, Southampton University Hospitals NHS Trust, Southampton, UK",GB
"Harris HospisCare, Kent, UK",GB
"Obra Social LaCaixa, Hospital San Juan de Dios Pamplona, Pamplona, Navarra, Spain",ES
"Medical Oncology Department, Hospital Universitario de Donostia, San Sebastian, Guipúzcoa, Spain",ES
"Medical Department, Kyowa Kirin Farmacéutica S.L, Madrid, Spain",ES
"Medical Department, E-C-BIO, S.L, Las Rozas, Madrid, Spain",ES
"Division of Molecular and Cellular Medicine, National Cancer Center Research Institute, Tokyo, Japan",JP
"R&D Department, Dynacom Co., Ltd, Chiba, Japan",JP
"GP Specialist Training Programme, North Western Deanery GPST School, Manchester, UK",GB
"Oncology Unit, Hôpital de Mercy, Ars-Laquenexy, France",FR
"Boulogne-Billancourt, Île-de-France, France",FR
"Kappa Sante, 4 rue de Clery, Paris, France",FR
"Mundipharma France, Paris, France",FR
"Auckland, New Zealand",NZ
"Psychosocial Team of Seville. DomusVI. Fundación La Caixa, Barcelona, Spain",ES
"Halton Haven Hospice, Cheshire, UK",GB
"Aspen Medical Practice, Gloucester, UK | Sue Ryder Leckhampton Court Hospice, Cheltenham, UK",GB
"Helen and Douglas House Hospices, Oxford, UK",GB
"School of Health Sciences, Southampton University Hospitals NHS Trust, Southampton, Southampton, UK",GB
"Palliative Care, LOROS Hospice, Leicester, UK",GB
"Sue Ryder Leckhampton Court Hospice, Cheltenham, Gloucestershire, UK",GB
"Department of Neurology, Division of Neurocritical Care, Durham, North Carolina, USA",US
"Palliative Medicine, Marymount University Hospital and Hospice, Cork, Ireland",IE
"Department of Palliative Medicine, Senri Chuo Hospital, Toyonaka, Osaka, Japan",JP
"Department of palliative medicine, National Cancer Center Japan, Chuo-ku, Tokyo, Japan",JP
"Pennfields Medical Centre, Wolverhampton, UK",GB
"Rossy Cancer Network, Montreal, Quebec, Canada",CA
"Konya City Hospital, Konya, Turkey",TR
"St Luke’s Hospice, Sheffield, UK | St Luke's Hospice, Sheffield, UK",GB
"Department of Palliative Care Research, National Institute of Health Research, Kent, Surrey and Sussex, UK",GB
"Flanders Institute for Healthy Living, Brussels, Belgium",BE
"Cure Myotonic Dystrophy UK, Charity UK, London, UK",GB
University of South UK,
"ICES, Hamilton, Ontario, Canada",CA
"Compton Care, Wolverhampton, UK",GB
"Home Care Services, Associazione Tumori Toscana, Florence, Tuscany, Italy",IT
"Frontline AIDS, Cape Town, South Africa",ZA
"Independent Consultant, London, UK",GB
"Independent Consultant, New York, New York, USA",US
"PFK Uganda Limited, Kampala, Uganda",UG
"MariaTeresa Chiantore Seràgnoli Hospice Foundation, Bologna, Italy",IT
"Health Quality Council of Alberta, Calgary, Alberta, Canada",CA
"ASIH Stockholm Södra, Långbro Park, Palliative Home Care and Hospice Ward, Älvsjö, Sweden",SE
"Stockholms Sjukhem, Palliative Home Care and Hospice Wards, Stockholm, Sweden",SE
"Community Palliative Care Services Team, Ty Hafan, Vale of Glamorgan, UK",GB
"Department of Palliative Medicine, Rowcroft Hospice, Torquay, Torbay, UK",GB
"Department of Palliative Medicine, Hospiscare, Exeter, Devon, UK",GB
"National Collaborating Centre for Cancer, Cardiff, Wales, UK",GB
"Advanced Medical Home Care and Hospice Ward, ASIH Stockholm Södra, Älvsjö, Sweden",SE
"NEPRRA (North East Palliative Registrar Research Alliance), Health Education North East, Newcastle upon Tyne, UK",GB
"Freelance Researcher, London, UK",GB
"Siel Bleu, Paris, France | Siel Bleu",FR
"AERIO, Paris, France | AERIO",FR
"Therapy Services, Ashgate Hospice, Chesterfield, Derbyshire, UK",GB
"Maggie's Cancer Centres, London, UK",GB
"Department of Psychiatry, Tsyr-Huey Mental Hospital, Kaohsiung Jen-Ai's Home, Kaohsiung, Taiwan | Department of Psychiatry | Tsyr-Huey Mental Hospital, Kaohsiung Jen-Ai's Home",TW
"Birmingham St Mary's Hospice, Birmingham, UK",GB
"TF Choices Ltd, Nottingham, UK",GB
"London, UK",GB
"Institute of Psychiatry, Psychology and Neuroscience, London, UK",GB
"Independent Consultant, Toronto, Ontario, Canada",CA
"Action for Pulmonary Fibrosis, Peterborough, UK",GB
"Sacred Heart Palliative Care Services, Darlinghurst, New South Wales, Australia",AU
"Department of Palliative Care, Braeside Hospital, HammondCare, Sydney, New South Wales, Australia",AU
"Department of Respiratory Medicine, HARUHI Respiratory Medical Hospital, Kiyosu, Japan",JP
"Department of Data Management, JORTC Data Center, Tokyo, Japan",JP
"Medical, Severn Hospice, Telford, UK",GB
"Queenscourt Hospice, Southport, Sefton, UK",GB
"St Benedict's Hospice, Sunderland, UK",GB
"Department of Oncology, Cross Cancer Institute, Edmonton, Alberta, Canada",CA
"Fondazione Floriani, Milano, Italy",IT
"Fondazione Floriani, Milano, Italy | Fondazione Floriani, 20154 Milano, Italy",IT
"Department of Resources and Innovation, The Danish Clinical Quality Program – National Clinical Registries (RKKP), Copenhagen, Denmark",DK
"Department of Cancer and Cancer Screening, The Danish Clinical Quality Program – National Clinical Registries (RKKP), Copenhagen, Denmark",DK
"Rehabilitation Center Apila, ret, Kangasala, Finland",FI
"Beati Inc, Toronto, Ontario, Canada",CA
"Internal medicine, Private practice, Lenzerheide, Switzerland",CH
"Palliative Care Unit, Port Kembla Hospital, Port Kembla, New South Wales, Australia",AU
"Nurse, Wecare Saude-Continuous Integrated and Palliative Care Unit, Póvoa de Varzim, Portugal",PT
"CIDESI-Center for Research and Development in Nursing Information Systems, Porto, Portugal | Nurse Department, Porto Higher School of Nursing, Porto, Portugal",PT
"UO Ematologia e Centro TMO, Ospedale Armando Businco, Cagliari, Italy",IT
"Rainbows Hospice for Children and Young People, Loughborough, UK",GB
"Amgen Asia Holdings, Hong Kong, Hong Kong SAR",HK
"Akari Home Care Clinic, Edogawa-ku, Japan",JP
"Department of General Internal Medicine, Hatsukaichi Memorial Hospital, Hatsukaichi, Japan",JP
"Pain and Palliative care, Clinica Reina Sofia, Bogota, Colombia",CO
"Pain and Palliative care - Epidemiology, Clinica Reina Sofia, Bogota, Colombia",CO
"Pain Medicine - Bioethics, Clinica Reina Sofía, Bogotá, Colombia",CO
"Department of Clinical Governance and Quality, AUSL di Bologna, Bologna, Italy",IT
"Management Staff - Business Information Systems, AUSL di Bologna, Bologna, Italy",IT
"Alice Lee Centre for Nursing Studies, NUS Yong Loo Lin School of Medicine, Singapore",SG
"Departamento Médico, Kyowa Kirin Farmacéutica S.L.U, Madrid, Spain",ES
"Associazione Italiana di Ricerche e Studi per la Medicina Antroposofica (ARESMA), Milano, Italy",IT
"Department of Palliative Medicine, Brighton and Sussex University Hospitals NHS Trust, Brighton, Brighton and Hove, UK",GB
"The International Spine Centre, Adelaide, South Australia, Australia",AU
"İzmir City Hospital, Konak, Turkey",TR
"Palliative Care, Compton Care, Wolverhampton, West Midlands, UK",GB
"Sheffield Teaching Hospitals NIHR Biomedical Research Centre, Sheffield, UK",GB
"Deparment of Palliative Medicine, Milford Care Centre Castletroy, Limerick, Ireland",IE
"Palliative Medicine, Milford Hospice, Limerick, Ireland",IE
"Associazione Tumori Toscana Home Care Service, Florence, Italy",IT
"Population Health Sciences, Palliative and End of Life Care Research Group, Bristol Medical School, Bristol, UK",GB
"Centre de réadaptation cardiaque et pulmonaire - Fondation Arc-en-Ciel, Besançon, France | Clinique Médicale Brugnon Agache - Fondation Arc-en-Ciel, Beaujeu, France",FR
"Palliative Medicine, Milford Care Centre, Castletroy, Limerick, Ireland",IE
"Brisbane South Palliative Care Collaborative, Brisbane, Queensland, Australia",AU
"Institutions Psychosocial Oncology (IPSO)-center IntermeZZo, Zwolle, The Netherlands",NL
"TC Sağlık Bakanlığı Tunceli Devlet Hastanesi, Tunceli, Turkey",TR
"Asia Pacific Hospice Palliative Care Network, Singapore",SG
"Fondazione FARO ETS, Turin, Italy | Palliative Care, FARO, Turin, SP, Brazil",IT
"Exercise Physiology, The Strength Clinic, Lisbon, Portugal",PT
birtwhistle{at}aol.com,
"T y^ Hafan Children's Hospice, Vale of Glamorgan, UK",GB
"Palliative Home Care and Hospice Ward, ASIH Stockholm Södra, Älvsjö, Sweden",SE
"Hospice Sacro Cuore, Rome, Italy",IT
"Department of Gastroenterology and Hepatology with Internal Disease Unit, Specialist Voivodeship Hospital Frederic Chopin in Rzeszow, 35-055 Rzeszow, Poland",PL
"Department of Palliative Care, Senri Chuo Hospital, Toyonaka, Osaka, Japan | Department of Palliative Care, Konan Medical Center, Kobe, Hyogo, Japan",JP
"MT C SerÃ gnoli Hospice Foundation Onlus, Bologna, Italy | MT C Serà gnoli Hospice Foundation Onlus, Bologna, Italy",IT
"Queensland Emergency Medicine Foundation, Milton, Queensland, Australia",AU
"Department of Palliative Medicine, Milford Care Centre, Castletroy, Ireland",IE
"Independent Consultant and Advisors, UK",GB
"Istituto Regina Elena (IRE), Roma, Italy",IT
"Ematologia, Ospedale San Giovanni, Roma, Italy",IT
"Ematologia, IFO, Roma, Italy",IT
"Arthur Rank House, Cambridge, UK",GB
"Leckhampton Court Hospice, Cheltenham, Gloucestershire, UK",GB
"Intercommunal Hospital Center of the Ariege Valleys, Foix, France",FR
"Strathcarron Hospice, Denny, UK",GB
"Faculty of Medicine, Department Haematology and Oncology, Dresden University Hospital, Dresden, Germany",DE
"Central Hospital of the Detention Center Hamburg, Hamburg, Germany",DE
"Clinic Sonnenblick, Marburg, Germany",DE
"Equipa Comunitária de Suporte em Cuidados Paliativos de Sintra, ACeS Sintra, Sintra, Portugal",PT
"Home Care Service, Associazione Tumori Toscana, Firenze, Italy",IT
"Equipa Comunitária de Suporte em Cuidados Paliativos de Sintra, ACES Sintra, Sintra, Portugal",PT
"Equipa Comunitária de Suporte em Cuidados Paliativos Ametista, ACES Alentejo Central, Alentejo, Portugal",PT
"Department of Hematology, Kawashima Hospital, Tokushima, Japan",JP
"Bangladesh Cancer Society and Welfare Home, Dhaka, Bangladesh",BD
"Hospiscare, Dryden Road, Exeter EX2 5JJ, UK",GB
"Department of Radiation Oncology, Illawarra Cancer Care Centre, Wollongong, New South Wales, Australia",AU
"Neurophysiopathology, Perugia Hospital, Perugia, Italy",IT
"Department of Respiratory Medicine, Akita Kosei Medical Center, Akita, Japan",JP
"Oncology and Palliative Care Units, Civil Hospital Carpi, USL, Carpi (MO), Italy",IT
"Department of Surgery, Arizona Advanced Surgery, Scottsdale, Arizona, USA",US
"Palliative Care, Konan Medical Center, Kobe, Japan",JP
"Blackrock Clinic, Dublin, Ireland",IE
"Palliative Care Unit, Bangladesh Cancer Society Hospital and Welfare Home, Dhaka, Bangladesh",BD
"Family Physician, London, Ontario, Canada",CA
"Galway Hospice Foundation, Renmore, Ireland",IE
"Phyllis Tuckwell Hospice Care, Farnham, UK",GB
"Department of Symptom Control and Palliative Care, Cross Cancer Institute, Edmonton, Alberta, Canada | Department of Symptom Control and Palliative Care, Cross Cancer Institute, Room 2001, 11560 University Avenue NW, Edmonton, Alberta, Canada T6G 1Z2",CA
"Department of Medical Oncology, Asian Cancer Center, Faridabad, India",IN
"Every Day Harmony Music Therapy, UK",GB
"North East Quality Observatory Service, Gosforth, UK",GB
Lay carer representative,
"Ashgate Hospice, Chesterfield, UK",GB
GMFA/HERO,
"Prospect Hospice, Swindon, Wiltshire, UK | Prospect Hospice, Swindon SN49BY, Wiltshire, UK",GB
"Prospect Hospice, Swindon, Wiltshire, UK",GB
"Helen and Douglas House Hospices, Oxford, UK | Helen and Douglas House Hospices, Oxford, Oxfordshire OX4 1RW, UK",GB
"North Wales Cancer Network Patient Forum, UK",GB
"The Dickson Poon School of Law, UK",GB
"Isabel Hospice, Welwyn Garden City, UK",GB
"North West Simulation Education Network, Manchester, United Kingdom anita.roberts@liverpool.ac.uk",GB
"University Hospital of North Midlands, Douglas MacMillan Hospice",
"Department of Palliative Medicine, Hospiscare, Exeter, Devon, UK | Department of Palliative Medicine, Hospiscare, Dryden Road, Exeter EX2 5JJ, UK",GB
HMP Frankland,
"Neshama: Association of Jewish Chaplains (NAJC), Paramus, New Jersey, USA",US
"Everyday Harmony, UK",GB
"Palliative Medicine, Farleigh Hospice, Chelmsford, UK",GB
"Medical, John Taylor Hospice, Birmingham, UK",GB
"St Cuthbert's Hospice, Durham, UK",GB
"Honorary Consultant of Palliative Medicine, St. Oswald's Hospice, Newcastle-upon-Tyne, UK",GB
"Kerala Cancer Care, Kochi, Kerala, India",IN
"Education and Training, Premier Institute, São Paulo, Brazil",BR
"Mountbatten Hampshire, Southampton, UK",GB
"Specialist Palliative Medicine Service, St Luke's Radiation Oncology Network, Dublin 6, Ireland",IE
South Manchester Clinical Commissioning Group,GB
Louise Stimpson,
"The Bute Practice, UK",GB
"UCLPartners, UK",GB
"Sue Ryder, UK",GB
"Independent Researcher, UK",GB
"Pathway, London, UK",GB
"Pathway, London, UK | St Mungo’s, London, UK | St Mungo's, London, UK",GB
"RandD PPI representative, Belfast, UK",GB
"Maggie’s Cancer Caring Centre, Edinburgh | Maggie's Cancer Caring Centre, Edinburgh",GB
"SK Nurses, UK",GB
"St Cuthbert’s Hospice, Durham, UK | St Cuthbert's Hospice, Durham, UK",GB
"Vocare, UK",GB
"Patient and Public Representative, N. Ireland",GB
"Patient and Public Representative, UK",GB
"Health Education Thames Valley, UK",GB
"Derby Teaching Hospitals NHS Foundation Trust, Derby, UK",GB
"Nightingale House Hospice, Wrexham",
Public Health UK,
"Sue Ryder Care, Leeds, UK",GB
"Houston, Texas, USA",US
"St Columbas Hospice, Edinburgh, UK",GB
"Ewdomed Ewa Szulecka Foundation and Home Hospice, Konstancin-Jeziorna, Poland",PL
"Haven of Hope Hospital, Kowloon, Hong Kong",HK
"Palliative Medicine, Teesside Hospice Care Foundation, Middlesbrough, UK",GB
"APM, Association for Palliative Medicine of Great Britain and Ireland, Fareham, UK",GB
"Hayward House Study Centre, palliativedrugs.com, Nottingham, UK | Hayward House Study Centre, palliativedrugs.com, Nottingham NG5 1PB, UK",GB
"Institute of Public Health, Cambridge, UK",GB
"Genesis Care Pty Ltd, Darlinghurst, New South Wales, Australia",AU
"Department of Palliative Medicine, Milford Care Centre, Limerick, Ireland",IE
"Department of Palliative Medicine, Milford Care Centre, Limerick, Ireland | Palliative Medicine, Milford Care Centre, Castletroy, Limerick, Ireland",IE
"Sheng Kung Hui Holy Carpenter Church Community Centre, Hong Kong Sheng Kung Hui Welfare Council Limited, Hong Kong SAR, People's Republic of China",CN
"Maggie's Centre, Aberdeen, UK",GB
"Pain Clinic, Mexico National Cancer Institute, Ciudad de Mexico, Ciudad de México, Mexico",MX
"Department of Specialist Palliative Care, Milford Care Centre, Limerick, Ireland | Specialist Palliative Care Unit, Milford Care Centre, Limerick, Ireland",IE
"Palliative Care Outcomes Collaboration, Milford Care Centre, Limerick, Ireland",IE
"Northern Adelaide Cancer Centre, Northern Adelaide Local Health Network, Adelaide, South Australia, Australia",AU
"Healthcare Safety Investigation Branch (HSIB), Reading, UK",GB
"Independent Subject Matter Advisor, Reading, UK",GB
"Community Medicine, Khyouchi Health Care Centre, Manipur, India",IN
"Center of Expertise for Palliative Care, MUMC+, Maastricht, The Netherlands",NL
"Emergências Clínicas, FMUSP, Sao Paulo, Brazil",BR
"Shifa College of Medicine, Islamabad, Pakistan",PK
"Former Medical Director, NHS Executive England, Winchester, UK",GB
"Clinical Oncology, Northern Centre for Cancer Care, Newcastle upon Tyne, UK",GB
"Radiotherapy Physics, Northern Centre for Cancer Care, Newcastle upon Tyne, UK",GB
"Superintendency of Pensions, Ministry of Labor and Social Security, Santiago, Chile",CL
"Institute for Cancer Control, National Cancer Center Japan, Chuo-ku, Tokyo, Japan",JP
"Shizuoka Graduate University of Public Health, Shizuoka, Japan",JP
"Nursing, Clemenceau Medical Center, Beirut, Lebanon",LB
"Palliative medicine, Marymount University Hospital and Hospice, Cork, Ireland",IE
"Palliative Medicine, Marymount University Hospital and Hospice, Cork, Cork, Ireland",IE
"Pharmacy, Marymount University Hospital and Hospice, Cork, Cork, Ireland",IE
"Department of Palliative Care, Marymount University Hospital and Hospice, Cork, Cork, Ireland",IE
"Hospice Waikato, Hamilton, New Zealand",NZ
"Northern Ireland Dental and Medical Agency (NIMDTA), Belfast, Northern Ireland, UK",GB
"Paediatric Palliative Care Team, Helen and Douglas House, Oxford, UK",GB
"Clínica de Oncología Astorga, Medellín, Colombia",CO
"Gilgamesh Ahliya University, Baghdad, Iraq",IQ
"Division of Quality Assurance Programs, National Cancer Center Institute for Cancer Control, Tokyo, Japan",JP
"Centre for Integrative Oncology, Pain and Palliative Medicine, Oeschelbronn Clinic, Niefern-Oeschelbronn, Germany",DE
"Scottish Ambulance Service, Edinburgh, UK",GB
"Department of Surgery, Tagami Hospital, Nagasaki, Japan",JP
"Division of Medical Oncology 2, IRCSS Regina Elena National Cancer Institute, Rome, Italy",IT
"Strathcarron Hospice, Denny, Stirlingshire, UK",GB
"NHS Race and Health Observatory, London, UK",GB
"Hammond Care, Sydney, New South Wales, Australia",AU
"St. Peter’s Hospice, Bristol, UK",GB
"Military Sociologist, Annapolis, MD, USA",US
"Greenwich Hospital, Northern Clinical School—University of Sydney, Greenwich, New South Wales, Australia",AU
"HammondCare, Greenwich Hospital, Greenwich, New South Wales, Australia",AU
"Animal Power, Hong Kong SAR, China",CN
"Private Practice, CT, USA",US
"Outpatient Therapist, NE, USA",US
"Suicide Prevention Services of America, Batavia, IL, USA",US
"ICEERS—International Center for Ethnobotanical Education Research & Service, Roosendaal, The Netherlands",NL
"The Urban Spirit, San Francisco, CA, USA",US
"Cuadernos de Neuropsicología, Centro de Estudios Académicos en Neuropsicología, Rancagua Chile",
"Instituto Alfred Adler Uruguay, Centro de Estudios Adlerianos, Montevideo, Uruguay",UY
"Psychosocial department, Family-Oriented Rehabilitation Clinic Tannheim, Tannheim, Germany",DE
"Department of Philosophy, Lingnan University, Tuen Mun, N.T., Hong Kong",HK
"Private Practicing Psychotherapist and Bereavement Counselor, Jamaica, NY, USA",US
"Department of Surgery, District Head Quarter Hospital Bhakkar, Bhakkar, Pakistan",PK
"LOFT Community Services, Bradford, Ontario, Canada",CA
"Turkish Bioethics Association, Ankara, Turkey",TR
"Burdur Public Hospital, Burdur, Turkey",TR
"Independent Researcher, Colombe sur l’Hers, France | Independent Researcher, Colombe sur l'Hers, France",FR
"BZU, Bahadur Sub Campus Layyah, Multan, Pakistan",PK
"Govt Said Mitha Teaching Hospital Lahore, Lahore, Pakistan",PK
"Ramsay Mental Health, Macarthur Hospital, Sydney, NSW, Australia",AU
"Independent Clinical Psychologist, Istanbul, Turkey",TR
"The University of Mashreq, Baghdad, Iraq",IQ
"Royal Borough of Greenwich, London, UK",GB
"Zhongshan Huineng Social Work Service Centre, Guangzhou, China",CN
"Grief Healing Service, Independent Researcher, Westfield, NJ, USA",US
"Social worker, Children & Safeguarding Social care, The Woolwich Centre, London, UK",GB
"Elizabeth Hospice, Escondido, CA, USA",US
"Akkon University of Applied Sciences for Human Sciences, Berlin, Germany",DE
"Lilac Center, Kansas City, MO, USA",US
"Department of Psychology, BZU, Multan, Pakistan",PK
"EAPS Psychologist at the San Camilo Palliative Care Unit, Centro Asistencial San Camilo, Madrid, Spain",ES
"Department of Communication, Baldy Hall University at Buffalo, Buffalo, NY, USA",US
"GIM Digital Truck, Dhaka, Bangladesh",BD
"Centre for Injury Prevention and Research, Dhaka, Bangladesh",BD
"Children’s of Minnesota Hospitals and Clinics, Minneapolis, MN, USA | Children's of Minnesota Hospitals and Clinics, Minneapolis, MN, USA",US
"Independent Scholar, Auckland, New Zealand",NZ
"Social Emergency Center, Welfare General Bureau of Fars Province, Shiraz, Iran",IR
"Department of Clinical Psychology, Eghlid Social Emergency Center, Eghlid, Iran",IR
"Education Consultant of Sedeh District, Sedeh, Iran",IR
"Clinical Psychologist, Mauritius",MU
"Cruse Bereavement Support, London, UK",GB
"Help Texts, Seattle, WA, USA",US
"Institute of Design Research IDR, University of the Arts Bern, Bern, Switzerland",CH
Independent Nursing Consultant,
"Health Sciences Center – Variety Children’s Heart Center, Winnipeg, Manitoba, Canada",CA
"Department of Psychology, Faculty of Psychology and Social Science, Islamic Azad University, Tehran, Iran",IR
"Bereaved by Suicide Centre for Intense Grief, Sydney, Australia",AU
"Spécialiste en Deuil Animalier, Montreal, Canada",CA
"Missing Persons Unit, Department of Forensic Medicine (DFM), Ministry of Justice, Prishtinë, Kosovo",XK
"Washington DC, United States",US
"New York, United States",US
"Hospice of Santa Barbara, Santa Barbara, CA, USA",US
"Community Interfaith Chaplain, Berkeley, CA, USA",US
"Utah State Office of Rehabilitation, Salt Lake City, UT, USA",US
"Saylorsburg, PA, USA | 1Saylorsburg, PA, USA",US
"Yenikent Public Hospital, Camili, Sakarya, Turkey",TR
"Department of Psychiatry, GMERS Medical College Gotri Vadodara, Vadodara, India",IN
"Grief Support Services and End of Life Preparation, Oxford, OH, USA",US
"Peaceful Death, Bangkok Noi, Bangkok, Thailand",TH
"The Tragedy Assistance Program for Survivors, Arlington, Virginia, United States ",US
"Pam Oliver Research and Evaluation, Waiheke Island, New Zealand",NZ
"World Federation of Right to Die Societies, Amsterdam, The Netherlands",NL
"Institute for Social Neuroscience, Heidelberg, VIC, Australia",AU
"Korea Civil Society Campaign for Well-dying, Seoul, Korea",KR
"Singapore Hospice Council, Singapore and Grief Matters, Monfort Care, Singapore",SG
"Branco weiss bw- Herzog School, Beit Hashmonai, Israel",IL
"Inclu-Inclusive Schools, Tel Aviv, Israel",IL
"Center for Families Bereaved by Homicide, Haifa, Israel",IL
"Center for Families Bereaved by Homicide, Kafr Kanna, Israel",IL
"Psychology Division, CASLAS Institution, Algarve, Portugal",PT
"Qualitative Unit, Nesh Hubbs, Lima, Peru",PE
"Riverside Trauma Center, Dedham, MA, USA",US
"Plaza College, Forest Hills, NY, USA",US
"Department of Psychology, BZU Bahadur Sub Campus Layyah, Multan, Pakistan",PK
"SE Research Centre | SE Research Centre, Markham, ON, Canada",CA
"The NDE OBE Research Project | The NDE OBE Research Project, Casa Grande, AZ, USA",US
Independent researcher,
"Division of Perceptual Studies, Department of Psychiatry &amp; Neurobehavioral Sciences, University of Virginia School of Medicine, Charlottesville, VA, USA",US
"Wayne | Psychologist in Private Practice, Wayne, NJ, USA",US
"Wappingers Falls | Independent Researcher, Wappingers Falls, NY, USA",US
"Independent Researcher, India",IN
"Vice-President for Grief Programs, The Hospice Foundation of America, Washington, DC, USA",US
"Emeritus Professor, University of RI, Kingston, RI, USA",US
"Clinical Director, The Institute for the Study and Treatment of Loss, Warwick, RI, USA",US
"International Association for Near-Death Studies (IANDS), Durham, NC, USA",US
"Universitary Hospital, Bordeaux, France",FR
"Social Work Solutions Canada, Hamilton, Ontario, Canada",CA
"Dadtco Philafrica, Dordrecht, the Netherlands",NL
"Department of Thanatology, Marian University, Fond du Lac, Wisconsin, United States",US
"BJC Hospice, St. Louis, MO, USA",US
"Private Practice, Lisbon, Portugal",PT
"Physician, Konya Provincial Health Directorate, Konya, Turkey",TR
"The NDE OBE Research Project, Casa Grande, AZ, USA",US
"Department of Sociology, GDC, Jammu and Kashmir, India",IN
Research and Analytics at MNR Analytics,
"Research and Evaluation, The Hole in the Wall Gang Camp",
"Allied Health, Assisi Hospice, Singapore, Singapore",SG
"GRIM, Vigodarzere, Italy",IT
"Psychotherapeutic and Preventive Services Center for Teenagers and Young Adults “Poza Iluzja”, Warsaw, Poland | Psychotherapeutic and Preventive Services Center for Teenagers and Young Adults ""Poza Iluzja"", Warsaw, Poland",PL
"Roberta’s House, LLC, Baltimore, MD, USA",US
"Meadows Mental Health Policy Institute | The Trauma and Grief Center, Meadows Mental Health Policy Institute, Houston, TX, USA",US
"Family Medicine, Director of Abyad Medical Centre, Tripoli, Lebanon",LB
"Independent researcher, Massachuset",
"Founding Faculty, The PROBE Program, CPEP, Denver, CO",US
"Utah State Office of Rehabilitation, Heber, UT, USA",US
"Emergency Service, Nevsehir State Hospital, Turkey",TR
"Hungarian Association for Suicide Prevention, Budapest, Hungary",HU
"Department of Anesthesiology and Ccritical Care Medicine, Social Security Organization Hospital, Ardabil, Iran",IR
"Center for General Education, Taipei University of Marine Technology, New Taipei City, Taiwan",TW
"New Jersey Nursing Emotional Well-being Institute, NJ, USA",US
"Bartın Maternity and Children’s Hospital, Turkey",TR
"Department of Psychology, Final International University, Turkey, TRNC",TR
"Vancouver, BC, Canada",CA
"Stats Consulting, Kuala Lumpur, Malaysia",MY
"Suicide Education and Mental (Health) Prevention Resiliency, Pyeongtaek-si, South Korea",KR
"Government Arts and Commerce College Larkano, Sindh, Pakistan",PK
"Harar Health Science College, Harar, Ethiopia",ET
"Interdisciplinary School of Health Sciences, Ottawa, ON, Canada",CA
"Department of Rehabilitation, College of Rehabilitation, Warsaw, Poland",PL
"Geriatrician, Center for Studies in Public Health and Aging – NESPE, Fiocruz Minas - Municipal Health Department, Belo Horizonte, Brazil",BR
"Geriatrician, Conviver Complexo de Atenção ao Idoso, Belo Horizonte, Brazil",BR
"AseraCare Hospice, Fort Smith, AR, USA",US
"Department of Rehabilitation, Faculty of Medical Psychology, College of Rehabilitation, Warsaw, Poland",PL
"Ser-Centro Clínico e de Avaliação Psicológica, Canela, Brazil",BR
"Department of Psychiatry, Karadeniz Eregli State Hospital, Zonguldak, Turkey",TR
"UNICEF, Accra, Ghana",GH
"Master of Arts in Nursing spec, Medical-Surgical Nursing, College of Nursing, Saint Tonis College Inc Dean",
"Dignity UK, Sutton Coldfield, UK",GB
"San Antonio, Texas, United States",US
"Népességtudományi Kutatóinézet, Budapest, Hungary",HU
"Hellenic American University, Athens, Greece",GR
"Ernest Becker Foundation, Tucson, AZ, USA",US
Asociación Nicaragüense para el desarrollo de la psicología – ANDEPSI,
The NDE OBE Research Project,
"Bergama Necla-Mithat Öztüre State Hospital, İzmir, Turkey",TR
Philadelphia University,US
Toulouse University Hospital,FR
La Salle University,
Soochow University,
"Grief Matters, Montfort Care, Singapore",SG
"Duke Divinity School, Durham, North Carolina",US
"Rockhampton Hospital, Rockhampton, Queensland, Australia",AU
"Santa Barbara Actuaries, Inc., Santa Barbara, California",US
"Kazakhstan Palliative Care Association, Almaty, Kazakhstan",KZ
"UNC Kidney Center, Chapel Hill, North Carolina",US
"John D. Thompson Hospice Institute for Education, Training, and Research, Inc., Branford, Connecticut",US
"University of Colorado College of Nursing, Aurora, Colorado",US
"Society of Hospital Medicine | Society of Hospital Medicine, Philadelphia, Pennsylvania",US
"Jersey City, New Jersey",US
"Hospice Casa Sperantei, Brasov, Romania",RO
"Camden Hospital, Camden, New South Wales, Australia",AU
"School of Nursing, UCLA, Los Angeles, California",US
"Department of Preventive Medicine, Rush Medical College, Chicago, Illinois",US
"Marianne-Strauß-Klinik, Behandlungszentrum Kempfenhausen für Multiple Sklerose Kranke gGmbH, Berg, Germany",DE
"Multiple Sclerosis International Federation, People with MS Advisory Committee, Copenhagen, Denmark",DK
"Nieuw Unicum, Zandvoort, The Netherlands",NL
"Israel Multiple Sclerosis Society, Tel-Aviv, Israel",IL
"FARO Charitable Foundation, Turin, Italy",IT
"Te Omanga Hospice, Lower Hutt, New Zealand",NZ
"Stratis Health, Bloomington, Minnesota, USA",US
"Wolff Center, UPMC, Pittsburgh, Pennsylvania, USA",US
No institutional affiliation,
"Brookdale Department of Geriatrics and Palliative Medicine, Icahn School of Medicine, New York, New York, USA",US
"Struthers Parkinson's Center, Golden Valley, Minnesota, USA",US
"Department of Orthopedic Surgery, Uonuma Kikan Hospital, Niigata, Japan",JP
"Universidad CES, Medellín, Colombia",CO
"Palliative Care, Charleston, South Carolina, USA",US
"Gratia Hospital Hospice, Osaka, Japan",JP
"Department of Anesthesiology and Reanimation, Ankara Ataturk Training and Research Hospital, Ankara, Turkey",TR
 | Family and Social Medicine,BR
"NHO Yamaguchi-Ube Medical Center, Ube, Japan",JP
"Gharbia Cancer Society, Tanta, Egypt",EG
Not available,
"Hospital Padre Jofre,Valencia, Spain",ES
"MWAPO Health Development Group | MWAPO Health Development Group, Nairobi, Kenya",KE
"Departments of Psychiatry, Psychology, Epidemiology, Biostatistics, and Clinical and Translational Science, University of Pittsburgh, Pittsburgh, Pennsylvania, USA",US
"The Hokkaido Centre for Family Medicine, Sapporo, Japan",JP
"Equipa Comunitária de Suporte em Cuidados Paliativos de Sintra, Sintra, Portugal",PT
"Department of Clinical Oncology, Princess Margaret Hospital, Hong Kong, China",CN
"Grief's Journey, Omaha, Nebraska, USA",US
"Yale School of Public Health, New Haven, Connecticut, USA",US
"Independent Practitioner, London, Ontario, Canada",CA
"Sunstone Therapies, Rockville, Maryland, USA",US
"Emily's House Children's Hospice, Toronto, Ontario, Canada",CA
Independent consultant,
"Home Clinic Dulan, Taitung, Taiwan | Taiwan Society of Home Health Care, Taipei, Taiwan",TW
"Department of Post-Graduation, Faculty of Medical Sciences of Minas Gerais, Belo Horizonte, Brazil",BR
"Kirkland &amp; Ellis LLP, Chicago, Illinois",US
"Rocky Mountain Regional VA Medical Center, Aurora, Colorado, USA",US
"The Hokkaido Centre for Family Medicine, Hokkaido, Japan",JP
"Daughters of Charity Disability Support Service, Dublin, Ireland",IE
"Cambia Palliative Care Center of Excellence at UW Medicine, Seattle, Washington",US
"Harvard Divinity School | Harvard Divinity School, Boston, Massachusetts",US
"NSW Therapeutic Advisory Group | NSW Therapeutic Advisory Group, Sydney, New South Wales, Australia",AU
"Milford Hospice, Limerick, Ireland",IE
No Institutional Affiliation,
"Department of Internal Medicine, Carver College of Medicine, Iowa City, Iowa",US
"Michigan Institute for Clinical and Health Research, Ann Arbor, Michigan, USA",US
"Data Seed Inc., Katsushika-ku, Tokyo, Japan",JP
"Department of Internal Medicine, Tokyo Bay Urayasu Ichikawa Medical Center, Urayasu, Japan",JP
"Washington, DC, USA",US
"Cambia Palliative Care Center of Excellence, UW Medicine, Seattle, Washington",US
"Division of Pharmacy, Fujioka General Hospital, Fujioka, Japan",JP
"Division of Pharmacy, Kiryu Kosei General Hospital, Kiryu, Japan",JP
"Louisville, Kentucky, USA",US
"Biostatistics Epidemiology and Analytics for Research (BEAR) Core, Seattle Children's Research Institute, Seattle, Washington, USA",US
"Department of Oncology, Karlstad County Hospital, Karlstad, Sweden",SE
"Arizona College of Osteopathic Medicine, Glendale, Arizona, USA",US
"Novi High School, Novi, Michigan, USA",US
"Al-Sadeel Society, Bethlehem, West Bank, Palestinian Authority",PS
"Cambia Palliative Care Center of Excellence, UW Medicine, Seattle, Washington, USA",US
"Star PALS, HCA Hospice Care, Singapore, Singapore",SG
"City Cancer Challenge Foundation, Kigali, Rwanda",RW
Department of Medicine,
"Toyo Eiwa University, Kanagawa, Japan",JP
"Southern California Permanente Medical Group, Pasadena, California, USA",US
"Department of Gastroenterology, Kyoto Okamoto Memorial Hospital, Kyoto, Japan",JP
"Department of Surgery, Kyoto Okamoto Memorial Hospital, Kyoto, Japan",JP
"End-of-Life Doula International Research Group, End-of-Life Doula UK, University of Derby, York, United Kingdom",GB
"Transitions LifeCare, Raleigh, North Carolina, USA",US
"Division of Policy Evaluation, Institute for Cancer Control, National Cancer Center, Tokyo, Japan",JP
"UAMS College of Pharmacy | Department of Pharmacy Practice, UAMS College of Pharmacy, Little Rock, Arkansas",US
"St. Lazarus Hospice, Krakow, Poland",PL
"Charleston, South Carolina",US
"Division of Cancer Genomics, National Cancer Center Research Institute, Tokyo, Japan",JP
"Western Psychiatric Institute and Clinic of UPMC, Pittsburgh, Pennsylvania",US
"Veterans Affairs Boston Healthcare System, Brockton, Massachusetts",US
Family and Social Medicine,BR
"Oxford, United Kingdom",GB
"Mount Pleasant, South Carolina",US
"Department of Kidney Disease, Kawashima Hospital, Tokushima, Japan",JP
"Department of Internal Medicine, Kawashima Hospital, Tokushima, Japan",JP
"Hospice of the Piedmont, High Point, North Carolina",US
"Amsterdam University Medical Centres, Academic Medical Centre, Amsterdam, The Netherlands",NL
"Palliative Care Team for Children and Adolescents, Frankfurt, Germany",DE
"Bioethics Unit, Italian National Institute of Health, Rome, Italy",IT
"Catonsville, Maryland, USA",US
"E-mail Address: [email protected] | —Reviewed by: Neeta Nayak, MD, CMD, Alliance Post Acute Associates, Richardson, TX 75082, USA",US
"Albuquerque, New Mexico, USA",US
"Office of Medical Education, Hackensack Meridian School of Medicine, Nutley, New Jersey, USA",US
"Palliative Care Centre for Excellence in Research and Education, Singapore, Singapore",SG
"National Healthcare Group, Health Services and Outcomes Research, Singapore, Singapore",SG
"SA Ambulance Service, Adelaide, Australia",AU
"Department of Breast Cancer, INOR, Abbottabad, Pakistan",PK
"Berkley Home Health, Aurora, Colorado, USA",US
"San Diego, California, USA",US
"Independent Consultant, Minneapolis, Minnesota",US
"Pittsburgh, Pennsylvania, USA",US
"St Luke’s Rehabilitation Institute, Spokane, WA, USA | St Luke's Rehabilitation Institute, Spokane, WA, USA",US
"Geriatrics, Excellus BlueCross BlueShield and MedAmerica Insurance Company, Rochester, NY, USA",US
"Santa Barbara Actuaries Inc, Santa Barbara, CA, USA",US
"Turn-Key Health, Philadelphia, PA, USA",US
"Case-Mix Analytics LLC, Handon, CT, USA",US
"Department of Physician Services, The Rehabilitation Hospital of the Pacific, Honolulu, HI, USA",US
"Palliative Care Center Hospice “Casa di Betania”, Tricase (Lecce), Italy | Palliative Care Center Hospice ""Casa di Betania"", Tricase (Lecce), Italy",IT
"“Il Giardino del Duca” Hospice, Fossombrone, Italy | ""Il Giardino del Duca"" Hospice, Fossombrone, Italy",IT
"Advocate Aurora Health, Palliative Care, Lombard, IL, USA",US
"Advocate Aurora Health, Hospice & Palliative Care, Lombard, IL, USA",US
"Former faculty in Department of Mathematics, Tamkang University, Tamsui City, Republic of China (ROC)",
"Palliative Care Clinic, Ankara Oncology Education and Research Hospital, Ankara, Turkey",TR
"Palo Alto Medical Foundation, Department of Palliative Care, Santa Cruz, CA, USA",US
"Palo Alto Medical Foundation, Department of Palliative Care, Palo Alto, CA, USA",US
"Department of Psychosocial and Community Health, School of Nursing, Universality of Washington, Seattle, WA, USA",US
"Biostatistics Unit, Regina Elena National Cancer Institute, Rome, Italy",IT
"Alacare Home Health & Hospice, Birmingham, AL, USA",US
"Sines Heath Center, Santiago, Portugal",PT
"Center for Supportive Care and Survivorship, Atrium Health, Charlotte, NC, USA",US
"Product Development—Neuroscience, Genentech Inc, South San Francisco, CA, USA",US
"University of St Augustine, Augustine, FL, USA",US
"Department of Biobehavioral Health Sciences; NewCourtland Center for Transitions and Health; Leonard Davis Institute of Health Economics, University of Pennsylvania, Philadelphia, PA, USA | Department of Biobehavioral Health Sciences | NewCourtland Center for Transitions and Health",US
"Department of Medicine, Denver Veterans Affairs Medical Center, Denver, CO, USA",US
"Division of Gynecologic Oncology, California Pacific Palo Alto Medical Foundation, Sutter Research Institute, San Francisco, CA, USA",US
"Division of Trauma and Critical Care, Department of Surgery, Duke Health, Durham, NC, USA",US
"Lewy Body Dementia Association, Lilburn, GA, USA",US
"School of Biological Sciences, Dublin Institute of Technology, Kevin St., Dublin, Ireland",IE
"Palliative Care Center, Yonsei Cancer Center, Seoul, Republic of Korea",KR
"Midwest Cancer Alliance, Fairway, KS, USA",US
"Hospice Services and Palliative Care of Northwest Kansas, Inc, Phillipsburg, KS, USA",US
"Search Group NutriPali, Nutritionist Palliative Care Unit, INCA, Rio de Janeiro, Brazil",BR
"Geriatric Institute “Pio Albergo Trivulzio”–Milano, Italy",IT
"Lino Maestroni Foundation–Palliative Medicine Research Institute, Cremona, Italy",IT
"NYU Rory Meyers College of Nursing, New York, NY, USA",US
"Independent Reseacher, San Diego, CA, USA",US
"Healthcare Education, Leadership, and Performance Inc, San Diego, CA, USA",US
"Department of Family Medicine, U.S. Naval Hospital, Camp Pendleton, CA, USA",US
"Integrated Cancer Rehabilitation, Cancer Fatigue Clinic, Klinik Gais AG, Switzerland",CH
"Washington DC Veterans Affairs Medical Center, Washington, DC, USA",US
"Respecting Choices, Coalition to Transform Advance Care Innovations, Washington, DC, USA",US
"RELIGroup, Inc., Baltimore, MD, USA",US
"Bayada Home Health Care, Dublin, Ireland",IE
"Bereavement and Creative Art Services, MJHS Hospice and Palliative Care, New York, NY, USA",US
"MJHS Institute for Innovation in Palliative Care, New York, NY, USA",US
"Division of Behavioral Sciences, National Cancer Center Institute for Cancer Control, National Cancer Center, Chuo-ku, Tokyo, Japan",JP
"Halifax Health Hospice, Port Orange, Florida, USA",US
"Sobering Center, Austin, TX, USA",US
"Hospice of Southern Illinois, Inc, Belleville, IL, USA",US
"High-Complexity Unit of Palliative Care, Pain Therapy and Rehabilitation, IRCCS, National Cancer Institute Milan, Milan, Italy",IT
"Associate Professor, Department of Biomedical Sciences for Health, Milan, Italy",IT
"Mount Sinai St Luke’s and West Medical Center, New York, NY, USA | Mount Sinai St Luke's and West Medical Center, New York, NY, USA",US
"Department of Medicine, John Hopkins Medicine, Baltimore, MD, USA",US
"Department of Neurology, University of Colorado School of Medicine, Boulder, CO, USA",US
"Respecting Choices, La Crosse, WI, USA",US
"Roxboro Family Medicine, Roxboro, NC, USA",US
"University of Colorado College of Nursing, Aurora, CO, USA",US
"Eagle Shield Center, Blackfeet Nation, Browning, MT, USA",US
"Turn-key Health, CareCentrix Company, Philadelphia, PA, USA",US
"Enclara Pharmacia Inc, Philadelphia, PA, USA",US
"Department of Pulmonology, Coimbra Hospital and Universitary Centre, Coimbra, Portugal",PT
"O Longevity & Wellness, Scottsdale, AZ, USA",US
"Horio Clinic, Hekinan City, Japan",JP
"Palliative Care Unit, ASL3 Liguria, Genua, Italy",IT
"Cleveland Fellowship in Advanced Bioethics, Cleveland, OH, USA",US
"Department of Biomedical Sciences for Health | Department of Biomedical Sciences for Health, Milan, Italy",IT
"Registered Nurse at National Institute of Cardiology, Rio de Janeiro, RJ, Brazil",BR
"Data Scientist, Healthviser Pvt Ltd, India",IN
"Senri-Chuo Hospital | Department of Palliative Care, Senri-Chuo Hospital, Toyonaka, Japan",JP
"Editor in Chief of Italian Journal of Palliative Care (Riv. It. Cure Palliative), Milano, Italy",IT
"Senior Social Worker, Department of Veterans Affairs, Seattle, WA, USA",US
"Department of Psycho-Oncology, National Cancer Center Hospital, Tsukiji, Tokyo, Japan | Division of Health Care Research, Center for Public Health Sciences, National Cancer Center, Tsukiji, Tokyo, Japan | Innovation Center for Supportive, Palliative and Psychosocial Care, National Cancer Center Hospital, Tsukiji, Tokyo, Japan",JP
"Department of Psycho-Oncology, National Cancer Center Hospital, Tsukiji, Tokyo, Japan",JP
"VNS of Northeastern New York, Schenectady, NY, USA",US
"Shambhala, Chicago, IL, USA",US
"HospiScript, a Catamaran Company, Dublin, OH, USA",US
"Fondazione VIDAS, MI, Italy",IT
"Department of Medicine and Palliative Care at UCLA, Los Angeles, CA, USA",US
"Department of Physical and Medical Rehabilitation, Hadassah University Hospital, Jerusalem, Israel",IL
"Vizient, Inc, Chicago, IL, USA",US
"Karina Hospice, Turku, Finland",FI
"Pastoral Care, Epworth Freemasons, East Melbourne, Victoria, Australia",AU
"GGD Hollands Noorden, Alkmaar, The Netherlands",NL
"Department General Practice, Center of Expertise Palliative Care, Utrecht, the Netherlands",NL
"End of Life Care Study Group, Department of Health Services and Costs, Unimed Federação, Rio de Janeiro, Brazil | Palliative Care Program, Hospital de Câncer/Rede Casa, Rio de Janeiro, Brazil",BR
"End of Life Care Study Group, Department of Health Services and Costs, Unimed Federação, Rio de Janeiro, Brazil",BR
"Boston University School of Medicine, Boston, MA, USA",US
"University of Colorado College of Nursing, Denver, CO, USA",US
"Deceased | Department of Health Sciences Research, Rochester, MN, USA",US
"Garatia Hospital Hospice, Osaka, Japan",JP
"Heart Lotus palliative ward, Tzu Chi Medical Foundation, Hualien Tzu Chi Hospital, Hualien",
"Department of Medicine, Faculty of Medicine, University Sains Malaysia, Kelantan, Malaysia",MY
"London Regional Cancer Program, London, Ontario, Canada",CA
"Department of Health Services and Costs, End of Life Care Study Group, Unimed Federação Rio de Janeiro, Rio de Janeiro, Brazil",BR
"Loyola University Hospital, Maywood, IL, USA",US
"Analytical Partners Consulting, LLC, Raleigh, NC, USA",US
"Quantworks, Inc, Carrboro, NC, USA",US
"GMX Analytics, Kingsport, TN, USA",US
"Yale School of Public Health and Yale Global Health Leadership Institute, New Haven, CT, USA",US
"Horizon Hospice, Chicago, IL, USA",US
"Aya Healthcare, San Diego, CA, USA",US
"Presence Saint Mary’s and Elizabeth Medical Center, Chicago, IL, USA | Presence Saint Mary's and Elizabeth Medical Center, Chicago, IL, USA",US
"Care Dimensions, Hospice, Danvers, MA, USA",US
"Cebu Institute of Medicine, Cebu City, Philippines",PH
"Department of Medicine, Southern Philippines Medical Center, Davao City, Philippines",PH
"Children’s HeartLink, Edina, MN, USA | Children's HeartLink, Edina, MN, USA",US
"A Division of C-TAC Innovations, Respecting Choices, La Crosse, WI, USA",US
"Inner City Health Associates Toronto, Ontario, Canada",CA
"Equipa Comunitária de Suporte em Cuidados Paliativos de Sintra, Portugal",PT
"Unidad Parapsicológica de Investigación, Difusión y Enseñanza, City of Mexico, Mexico",MX
"EpiStat, Uppsala, Sweden",SE
"Real Isolates LLC, Beverly, MA, USA",US
"Advisory Team Chair, Zion Senior Center, Denver, CO, USA | President and CEO, Global Collaborations, LLC, Denver, CO, USA",US
"Western Sussex Hospitals NHS Foundation Trust, United Kingdom",GB
"Scholarly Activity Solutions, LLC–Grand Rapids, Grand Rapids, MI, USA",US
"Family and Community Medicine, Peach Tree Health, Sacramento, CA, USA",US
"Special Care Consultants, Duncansville, PA, USA",US
"Department of Operational Excellence, DHMC, Lebanon, NH, USA",US
"Home Care Association of New York State (HCA), Albany, NY, USA",US
"Hospice of Northwest Ohio, Perrysburg, OH, USA",US
"MD Anderson Cancer Center at Cooper, Camden, NJ, USA",US
"Department of Psychology, Tulane Cancer Center, New Orleans, LA, USA",US
"La Clinica de Familia, Las Cruces, NM, USA",US
"Hospice of Michigan, Detroit, MI, USA",US
"Division of Gynecologic Oncology, California Pacific-Palo Alto Medical Foundation, Sutter Research Institute, San Francisco, CA, USA",US
"Division of Palliative Care, Department of Medicine, Gainesville, FL, USA",US
"Department of Health Policy and Management, Yale School of Public Health, New Haven, CT, USA | Yale Global Health Leadership Institute, New Haven, CT, USA",US
"The Connecticut Hospital-Hospice, Branford, CT, USA",US
"Independent researcher, Hong Kong",HK
"Health Quality Partners, Doylestown, PA, USA",US
"Department of Internal Medicine, Mountain View Hospital, Las Vegas, NV, USA",US
"Department of Physical Medicine and Rehabilitation, Mountain View Hospital, Las Vegas, NV, USA",US
"Special Programs, Seniors Health North Zone, Onoway, Alberta, Canada",CA
"CEO & Co-founder, Neolth Inc, Walnut Creek, CA, USA",US
"University of Texas at Houston, Houston, TX, USA",US
"Palliative Care Unit, Tachibana Medical Corporation Higashisumiyoshimorimoto Hospital, Osaka, Japan",JP
"Department of Palliative Care, Tachibana Medical Corporation Higashisumiyoshimorimoto Hospital, Osaka, Japan",JP
"Shifa college of Medicine, Islamabad, Pakistan",PK
"Palliative Care Center, Kuwait, Kuwait",KW
"Princess Norah Oncology Center, Jeddah, Saudi Arabia",SA
"West German Cancer Center, DAGGIST Consortium, University Hospital Essen, Essen, Germany",DE
"Sands-Constellation Heart Institute, Rochester Regional health, Rochester, NY, USA",US
"Independent Researcher, Baltimore, MD",US
"ACTS of FAITH, Chicago, IL, USA | Christ Universal Temple, Chicago, IL, USA",US
"ACTS of FAITH, Chicago, IL, USA",US
"ACTS of FAITH, Chicago, IL, USA | Saint Luke Missionary Baptist Church, Chicago, IL, USA",US
"Center for Cancer Registries, National Cancer Center Institute for Cancer Control, National Cancer Center, Tokyo, Japan",JP
"Transitions LifeCare, Raleigh, NC, USA",US
"MERI Center for Education in Palliative Care, UCSF/Mt. Zion, San Francisco, CA, USA",US
"Oregon POLST Registry, Department of Emergency Medicine, Portland, OR, USA",US
"Department of Pulmonary Medicine, Nishisaitama-Chuo National Hospital, Wakasa, Tokorozawa city, Saitama, Japan",JP
"Luminis Health Research Institute, Luminis Health, Annapolis, MD, USA",US
Independent Consultant (retired physician),
"Care Dimensions Hospice, Danvers, MA, USA",US
"VNS Health, New York, NY, USA",US
"Greater Illinois Pediatric Palliative Care Coalition, Evanston, IL, USA",US
"Pediatric Palliative Care Coalition, Pittsburgh, PA, USA",US
"Home Palliative Care Committee, Takaoka Medical Service Region, Toyama, Japan",JP
"Self-employed, Browning, MT, USA",US
"Hospice Division, Seirei Mikatahara Genaral Hospital, Tsu, Japan",JP
"Department of Catholic Theology, Ludwig-Maximilians-University, Muenchen, Germany",DE
"Midlands and Lancashire Clinical Support Unit, West Bromwich, UK",GB
"Department of Medicine and Geriatrics, Pok Oi Hospital, Tin Shui Wai Hospital, New Territories, Hong Kong SAR",HK
"Palliative Home Care Team, NTWC, Hong Kong SAR",HK
"VITAS Healthcare, Miami, FL, USA",US
"Department of Pharmacy, The Connecticut Hospice, Inc., Branford, CT, USA | The John D. Thompson Hospice Institute for Education, Training, and Research, Inc, Branford, CT, USA",US
"Department of Medicine, The Connecticut Hospice, Branford, CT, USA | The John D. Thompson Hospice Institute for Education, Training, and Research, Inc, Branford, CT, USA",US
"Hospital das Clínicas de Bauru | Hospital das Clínicas de Bauru, Bauru, São Paulo, Brasil",BR
"Project HOME Street Medicine Team in Philadelphia, PA",US
"California Correctional Health Care Services | San Quentin Rehabilitation Center, California Correctional Health Care Services, San Quentin, CA, USA",US
"Regional Ombudsman, Long-Term Care Ombudsman Program, Shawnee Alliance, Carterville, IL, USA",US
"Palliative Care Center of Kuwait, Kuwait",KW
"Wasora Home Nursing Service, Tokyo, Japan",JP
"Department of Medicine, Washington DC Veterans Affairs Medical Center, Washington, DC, USA",US
"Kenya Hospices and Palliative Care Association, Nairobi, Kenya",KE
"Pastoral Counselor, Wissahickon Hospice, Philadelphia, PA, USA",US
"Temmy Latner Centre for Palliative Care, Toronto, ON, Canada",CA
"Health Psychology Section, Denver Veterans Affairs Medical Center, Denver, CO, USA",US
"St. Luke’s Rehabilitation Institute, Spokane, WA, USA | St. Luke's Rehabilitation Institute, Spokane, WA, USA",US
"Division of Gynecologic Oncology, Sutter Research Institute, California Pacific-Palo Alto Medical Foundation, San Francisco, CA, USA",US
"Mizonokuchi Family Clinic, Kanagawa, Japan",JP
"Sharp Healthcare, La Mesa, CA, USA",US
"The Psychology Atelier, Singapore",SG
"Care Dimensions, Inc., Wellesley, MA, USA",US
"U.G.C. Palliative Care, Hospital “Vázquez Díaz”, Huelva, Spain",ES
"Department of Palliative Care Unit, Adventist Medical Center, Okinawa, Japan",JP
"Department of Palliative and Supportive Care, Seirei Mikatahara Genral Hospital, Hamamatsu, Japan",JP
"Department of Hospice Palliative Care, Eikoh Hospital, Shimen, Japan",JP
"Respecting Choices, A Division of C-TAC Innovations, La Crosse, WI, USA",US
"Hospice of Central Switzerland, Lucerne, Switzerland",CH
"University of Maryland, School of Social Work, MD, USA",US
"Hospital Santa Rita, Irmandade da Santa Casa de Misericórdia de Porto Alegre, Porto Alegre, Brasil",PT
"Medical Readiness Command, Fort Belvoir, VA, USA",US
"Hospital Santa Rita, Irmandade da Santa Casa de Misericórdia de Porto Alegre, Porto Alegre, Brazil",BR
"Vice President, Population Health The HAP Foundation, Oakbrook Terrace, IL, USA",US
"ETSU Quillen College of Medicine | ETSU Quillen College of Medicine, Johnson City, TN, USA",US
"Medical Support and Partnership Division, Center for Cancer Control and Information Services, National Cancer Center, Tokyo, Japan",JP
"NPO JORTC (Japanese Organization for Research and Treatment of Cancer), Tokyo, Japan",JP
"Facultad de Medicina y Psicología, Universidad Autónoma de Baja California, Tijuana, México",
"Foundation Surgical Hospital of Houston, Houston, TX, USA",US
"Connecticut Hospice, Branford, CT, USA",US
"Center for Cancer Control and Information Service, National Cancer Center, Tokyo, Japan",JP
"LifeCourse Strategies, Occidental, CA, USA",US
"Schoen Consulting, Oakland, CA, USA",US
"Kennerly Montgomery, Knoxville, TN, USA",US
"Forja home care IPS, Bogotá DC, Colombia",CO
"Catholic Health System, Buffalo, NY, USA",US
"Excellus Health Plan, Buffalo, NY, USA",US
"Advocate BroMenn Medical Center/Advocate Eureka Hospital, Normal, IL, USA",US
"Ministry Health Care, Rhinelander, WI, USA",US
"St Joseph Health Southwest Washington Region, Olympia, WA, USA",US
"St. Luke’s Rehabilitation Institute, Spokane, WA, USA",US
"Private Practice of Nancy Weisman, Bethesda, MD, USA",US
"Deparment of General Internal Medicine, Center for Ethics in Health Care, OHSU, Portland, OR, USA",US
"St Ann’s Hospice, Heald Green, Cheadle SK8 3SZ, UK | St Ann's Hospice, Heald Green, Cheadle SK8 3SZ, UK",GB
"Quillen College of Medicine, Johnson City, TN, USA",US
"Quillen College of Medicine, ETSU, Johnson City, TN, USA",US
"Independent Researcher, Cleveland, OH, USA",US
"Temerty Faculty of Medicine, University of Toronot, Toronto, ON, Canada",CA
"Department of Family Medicine, ETSU Quillen College of Medicine, Bristol, TN, USA",US
"UAB Arts in Medicine, UAB, Birmingham, AL, USA",US
"VITAS Healthcare | VITAS Healthcare, Miami, FL, USA",US
"SE Research Centre | SE Research Centre, SE Health, Markham, ON, Canada",CA
"Ophirex, Inc | Ophirex, Inc, Corte Madera, CA, USA",US
Advocate Children’s Hospital,US
"Independent Researcher, Chicago, IL, USA",US
Ministry of Health,
King Salman Hospital,
Catholic Health Services,
Sacred Heart University,
"Ruth Vrobel Foundation, Herzelya, Israel",IL
"Independent Practitioner, London, ON, Canada",CA
"Training & Development, JoCO Learning & Development Ltd. United Kingdom, Nottingham, UK",GB
"Department of Mental Health, UOSD CSM Vulture-Melfese, ASP Basilicata, Potenza, Italy",IT
"Wisdom of the Whole Coaching Academy, Asheville, NC, USA",US
"Home Care Support Center,Hanwa Daiichi Senboku Hospital,Sakai,Osaka,Japan | Home Care Support Center, Hanwa Daiichi Senboku Hospital, Sakai, Osaka, Japan",JP
"Department of Internal Medicine,Hanwa Daini Senboku Hospital,Sakai,Osaka,Japan | Department of Internal Medicine, Hanwa Daini Senboku Hospital, Sakai, Osaka, Japan",JP
"Mercy Palliative Care, VIC, Australia",AU
"Palliative Care Department, Fuenfria Hospital, Cercedilla, Madrid, Spain",ES
"Faculty of Psychology, University of Córdoba, Córdoba, Argentina",AR
"Victoria Hospice, Education and Research, Victoria, BC, Canada",CA
"Faculty of Psychology, University of Economics and Human Sciences in Warsaw, Warsaw, Poland",PL
"Department of Child and Adolescent Psychiatry, Hassenfeld Children's Hospital at NYU Langone and NYU School of Medicine, New York, NY, USA",US
"Goldsmith Research Group, Winston-Salem, NC",US
"SIES SALUD, Medellín, Colombia",CO
"Public Service College of Tianjin Technician Institute of Mechanical & Electrical Technology, Tianjin, China",CN
"Department of Palliative Care, Senri Chuo Hospital, Osaka, Japan",JP
"Mana Health, Parnell, Auckland, New Zealand",NZ
"HammondCare, Sydney, New South Wales, Australia",AU
"CanSpeak, Sydney, New South Wales, Australia",AU
"Clerk International University, Kampala, Uganda",UG
"APHSW-C Organization, Louisville, KY, USA",US
"Department of Palliative Care, Port Kembla Hospital, Port Kembla, NSW, Australia",AU
"Johannes-Hospiz, Münster, Germany",DE
"Lady Davis Research Institute, Montréal, QC, Canada",CA
"Portuguese Nurses Association for Long-Term and Palliative Care, Lisbon, Portugal",PT
"Division of Supportive Care, Survivorship and Translational Research, National Cancer Center Institute for Cancer Control, Tokyo, Japan",JP
"Palliative Care Unit, Cognacq-Jay Hospital, Paris, France",FR
"Research Department Palliative Care Unit, Jeanne Garnier Institution, Paris, France",FR
"Palliative Care Unit, University Teaching Hospital, Nantes, France",FR
"Palliative Care Unit, University Teaching Hospital, Lille, France",FR
"Palliative Care Unit, University Teaching Hospital, Clermont Ferrand, France",FR
"Palliative Care Unit, General Hospital, Salon-de-Provence, France",FR
"Palliative Care Unit, University Teaching Hospital, Angers, France",FR
"Palliative Care Unit, General Hospital, Périgueux, France",FR
"Biostatistical Department, ICURESEARCH, Paris, France",FR
"JDC-Israel-Eshel, Jerusalem, Israel",IL
"Palliative Care Department, Mercy Health, Melbourne, VIC, Australia",AU
"Mary's House for Older Adults, Inc., Washington, DC, USA",US
"People's Dental College and General Hospital, Kathmandu, Nepal",NP
"HammondCare, Braeside Hospital,Wetherill Park,New South Wales,Australia | HammondCare, Braeside Hospital, Wetherill Park, New South Wales, Australia",AU
"Department of General Medicine, Ogano Town Central Hospital, Saitama, Japan",JP
"Equipa Comunitária de Suporte em Cuidados Paliativos de Sintra, Sintra, Portugal | Equipa Comunitária de Suporte em Cuidados Paliativos de Sintra",PT
"Department of Palliative Care, Hospital de la Fuenfria, Cercedilla, Madrid, Spain",ES
"Gippsland Primary Health Network, Traralgon, Victoria, Australia",AU
"Gippsland Palliative Care Consortium, Warragul, Victoria, Australia",AU
"Outcome Health, Blackburn, Victoria, Australia",AU
"Division of Supportive Care and Translational Research Group, Institute for Cancer Control, National Cancer Center, Tokyo, Japan",JP
"NPO PanCAN Japan, Japan",JP
"Department of Psychiatry, National Center for Mental Health, Seoul, South Korea",KR
"Hong Kong Society for Rehabilitation, Hong Kong",HK
"Nethical S.r.l., Bologna, Italy",IT
"Fingeret Psychology Services, Houston, TX, USA",US
"End-of-Life Care Research Group, Free University of Brussels (VUB), Brussels, Belgium",BE
"Department of General Medicine, Ogano Town Central Hospital, Chichibu-gun, Saitama, Japan",JP
"Department of Medicine, Faculty of Medicine of Itajubá, Itajubá, Minas Gerais, Brazil",BR
"Department of Psychology, Palo Alto VA, Palo Alto, CA, USA",US
"Department of Clinical Operation, SK Bioscience, Sungnam, Republic of Korea",KR
"Centro di Eccellenza Oncologia Radioterapica, Medica e Diagnostica per Immagini, Ospedale Isola Tiberina-Gemelli Isola, Rome, Italy",IT
"Department of General Medicine, Ogano Town Central Hospital, Hidaka, Saitama, Japan",JP
"Hospital Virgen de la Poveda (SERMAS), Carretera del Hospital km. 5, Villa del Prado, Madrid28630, Spain",ES
"Research Department, Shoham Geriatric Medical Center, Pardes Hanna, Israel",IL
"Gippsland Region Palliative Care Consortium, Victoria, Australia",AU
"Department of Internal Medicine, Hatsukaichi Memorial Hospital, Hiroshima, Japan",JP
"St. Mary's Research Centre, Montreal, QC, Canada",CA
"Georgia Cancer Center for Excellence, Atlanta, GA, USA",US
"Cancer Support Services & Compassion, Providence Cancer Institute, Portland, OR, USA",US
"Unit of Palliative Care, Instituto Nacional de Cancerología, Tlalpan, Ciudad de México, México",
"Education Unit, Antea Palliative Care Centre, Rome, Italy",IT
"Journalist, self-employed",
"Center for Cancer Control and Information Services, National Cancer Center, Tokyo, Japan",JP
"VITAS Healthcare Corp Hospice, Miami, FL",US
"Suncrest Hospice Freemont, Fremont, CA",US
"Pediatric Intensive Care Unit (PICU), Makassed Hospital, East Jerusalem, Palestine, Israel",IL
"Radiation Oncology Department, Samson Assuta Ashdod University Hospital, Ashdod, Israel",IL
"Nursing Department, Fatima College of Health Science, Abu Dhabi, United Arab Emirates",AE
"Lelie Care Group, Pniël Rehabiliation Center, Rotterdam, The Netherlands",NL
"Equipa Comunitária de Suporte em Cuidados Paliativos de Sintra, Sintra, Portugal | Inválidos do Comércio IPSS, Lisboa, Portugal",PT
"Inválidos do Comércio IPSS, Lisboa, Portugal",PT
"USF Travessa da Saúde, ACES Loures Odivelas, Sacavém, Portugal",PT
"Department Geronto- and Neuropsychiatry, Psychiatry Services Aargau AG (PDAG), Husmatt 1, 5405Dättwil, Switzerland",CH
"Department of Psychiatry, CHUM, and Psychosocial Oncology Research Team, CRCHUM, Montreal, Quebec, Canada",CA
"Department of Palliative Medicine, Sri Aurobindo Medical College and PG Institute, Sri Aurobindo University, Indore, Madhya Pradesh, India",IN
Universidad Int. Cataluna,
"Institute for Cancer Research, Prevention and Clinical Network, Florence, Italy",IT
"Nursing, Centro Universitario de Ciencias de la Salud San Rafael-Nebrija, Madrid, Spain",ES
"Health Services & Outcome Research, National Healthcare Group, Singapore, Singapore",SG
"Wiskott-Aldrich Foundation, Smyma, GA",US
"SCID, Angels for Life Foundation, Lakeland, FL",US
"Department of Internal Medicine, Palliative Care and Clinical Oncology, Peace Home Care Clinic, Otsu, Japan",JP
"Department of Oncology, Cantonal Hospital Glarus AG, Glarus, Switzerland",CH
"Department of General Medicine, Anzu Clinic, Saitama, Japan",JP
"Tokyo Kagurazaka Law Firm, Tokyo, Japan",JP
"Tokyo Kagurazaka Law Office, Tokyo, Japan",JP
"Palliative Care, Charleston, SC",US
"Two Worlds Cancer Collaboration Foundation, North Vancouver, BC, Canada",CA
"Department of Pediatrics, Central Regional Referral Hospital, Gelephu, Bhutan",BT
Instituto Nacional de Cancerología,
Local Health Authority Bari,
National Cancer Center Institute for Cancer Control,
"Aspire Counseling, Columbia, MO",US
College of Nursing,
"Children and Adolescent Mental Health Research Group, Department of Child and Adolescent Psychiatry and Psychology, Sant Joan de Déu Hospital, Barcelona, Spain",ES
"St Lazarus Hospice, Krakow, Poland",PL
"First Regional Asset Recovery Coordination, Brazilian Federal Attorney General's Office, Belo Horizonte, MG, Brazil",BR
"Parents in Gajusz Foundation, Pediatric Palliative Care Center, Lodz, Poland",PL
"Gajusz Foundation, Pediatric Palliative Care Center, Lodz, Poland",PL
"Department of General Medicine, Anz clinic, Saitama, Japan",JP
Hospital Virgen de la Poveda (SERMAS). Carretera del Hospital km5 Villa del Prado 28630 Madrid,ES
"CMU College of the Arts and Media, Mount Pleasant, MI",US
"ACeS Loures-Odivelas, USF Travessa da Saúde, Lisboa, Portugal",PT
"Clinical Epidemiology Unit, Oncological Network Research and Prevention Institute-ISPRO, Firenze, Italy",IT
"Department of Breast Surgery, Sagamihara Kyodo Hospital, Kanagawa, Japan",JP
"Universitas PGRI Mahadewa | Department of Guidance & Counseling, Universitas PGRI Mahadewa, Denpasar, Indonesia",ID
"Karunashraya Bangalore Hospice Trust, Bangalore, India",IN
"National University of Mexico, Mexico City, Mexico",MX
"National Cancer Center | Division of Quality Assurance Programs, Institute for Cancer Control, National Cancer Center, Tokyo, Japan",JP
"Department of Palliative Medicine, Equipa Comunitária de Suporte em Cuidados Paliativos de Sintra, Rio de Mouro, Sintra, Portugal",PT
"Department of Palliative Medicine, Equipa Comunitária de Suporte em Cuidados Paliativos de Sintra, Rio de Mouro, Portugal | Inválidos do Comércio IPSS, Lisboa, Portugal",PT
"Department of Biology Education, Yayasan Potret Indonesia Sejahtera, Langsa, Indonesia",ID
"Palliative Care Unit, Rives de Seine Hospital, Puteaux, France",FR
"Biostatistical department, ICURESEARCH SAS, Paris, France",FR
"NPO Pancreatic Cancer Action Network, Chiba, Japan",JP
"Mobile Medical Care Inc.,Bethesda,Maryland",US
"Pain and Palliative Care Service, Davidoff Cancer Center, Petach Tikvah, Israel",IL
"General Office, Shanghai Jue Qun Cultural & Educational Foundation, Shanghai, China",CN
"Division of Cohort Consortium Research, Epidemiology and Prevention Group, Center for Public Health Sciences, National Cancer Center, Tokyo, Japan | Division of Health Care Research, QOL Research Group, Center for Public Health Sciences, National Cancer Center, Tokyo, Japan",JP
"Taiyo Hills Hospital, Okayama, Japan",JP
"Innovation Center for Supportive, Palliative and Psychosocial Care, National Cancer Center Hospital, and QOL Research Group, Center for Public Health Sciences, National Cancer Center, Tokyo, Japan",JP
"Internal Medicine and Infectious Diseases Department, University Hospital Center of Bordeaux, Pessac, France",FR
"Specialty Registrar in Palliative Medicine, East of England",
"Palliative & Supportive Care Chairman, Jimmie C. Holland Chair in Psychiatric Oncology Department of Psychiatry and",
"Cuidados Paliativos, Equipa Comunitária de Suporte em Cuidados Paliativos Sintra, Lisbon, Portugal",PT
"Equipa Comunitária de Suporte em Cuidados Paliativos de Sintra, 2635-364 Rio de Mouro, Sintra, Portugal",PT
"Pain and Palliative Care, Davidoff Cancer Center, Petach Tikvah, Israel",IL
"Palliative Care, Davidoff Cancer Center, Petach Tikvah, Israel",IL
"General Practice, Edenderry, Co. Offaly, Ireland",IE
"Independent Scholar, Indianapolis, IN 46254",US
"Pain and Palliative Care Service, Davidoff Cancer Center, Petach Tikva, Israel",IL
"1531 Wakendaw Road, Mount Pleasant, SC 29464",US
"Patient Priority Department, European Market Maintenance Assessment, Fontenay-sous-Bois, France",FR
"Clinical Psychologist, Palliative Care, Fuenfria Hospital, Madrid, Spain",ES
"Equipa Comunitária de Suporte em Cuidados Paliativos de Sintra | Cuidados Paliativos, Equipa Comunitária de Suporte em Cuidados Paliativos de Sintra, ULS Amadora/Sintra, Portugal",PT
"Orange Home-Care Clinic, Fukui, Japan",JP
Institute of Epidemiology,
University of Newcastle,AU
Hospital Card. G. Panico,
Amity University,
LJMU,
Southeast University,
Patient-Partner,
China Medical University,
University of São Paulo,BR
AUSL di Bologna,IT
Palliative Care Unit,
Southlake Hospital,
Palliative Medicine,
Universitas Persatuan Guru Republik Indonesia Semarang,
Shanghai DeltaHealth Hospital,CN
Tribunal de Cuentas,
Health Sciences,
Muhammadiyah Surabaya University,
"Jessica Keim-Malpass, PhD, RN, is assistant professor, School of Nursing, University of Virginia, Charlottesville.; Michael Boyiadzis, MD, MHSc, is associate professor, director, Clinical and Translational Research Programs, Division of Hematology/Oncology, Department of Medicine, University of Pittsburgh, Pennsylvania.; Tara A. Albrecht, PhD, ACNP-BC, is assistant professor and Susan White Holsworth Palliative Care scholar, Division of Hematology, Oncology and Palliative Care and Massey Cancer Center, School of Medicine, Virginia Commonwealth University, Richmond.; The authors have no conflicts of interest to disclose.; This study was supported by funding provided by Sigma Theta Tau Small Grants and the National Institute of Nursing Research Postdoctoral Training Grant, The Interdisciplinary Training of Nurse Scientists in Cancer Survivorship (T32NRO11092 at the University of Pittsburgh School of Nursing)",US
"Michael Boyiadzis, MD, MHSc, is associate professor, director, Clinical and Translational Research Programs, Division of Hematology/Oncology, Department of Medicine, University of Pittsburgh, Pennsylvania | Jessica Keim-Malpass, PhD, RN, is assistant professor, School of Nursing, University of Virginia, Charlottesville.; Michael Boyiadzis, MD, MHSc, is associate professor, director, Clinical and Translational Research Programs, Division of Hematology/Oncology, Department of Medicine, University of Pittsburgh, Pennsylvania.; Tara A. Albrecht, PhD, ACNP-BC, is assistant professor and Susan White Holsworth Palliative Care scholar, Division of Hematology, Oncology and Palliative Care and Massey Cancer Center, School of Medicine, Virginia Commonwealth University, Richmond.; The authors have no conflicts of interest to disclose.; This study was supported by funding provided by Sigma Theta Tau Small Grants and the National Institute of Nursing Research Postdoctoral Training Grant, The Interdisciplinary Training of Nurse Scientists in Cancer Survivorship (T32NRO11092 at the University of Pittsburgh School of Nursing)",US
"Kelley Kathleen Scott, BSN, RN, CHPN, is executive director, Clarehouse, Tulsa, Oklahoma",US
"and ordained lay Buddhist chaplain, Upaya Zen Center, Santa Fe, New Mexico | Mexico",US
"Brenda Swanson-Biearman, DNP, MPH, RN, is assistant professor, Duquesne University, Pittsburgh, Pennsylvania.; Melissa B. Miner, DNP, RN, CNE, is a graduate, Waynesburg University, Pennsylvania.; The authors have no conflicts of interest to disclose.; Vickie Leone, DNP, RN, is vice president, Fayette Home Care & Hospice, Lemont Furnace, Pennsylvania",US
"Srinjoy Hazra, M. Arch,is Well AP, LEED green associate urban designer, NBBJ, Columbus, OH | Srinjoy Hazra, M. Arch, is Well AP, LEED green associate urban designer, NBBJ, Columbus, OH",US
"Stavroula Myrto Trianti, MD, is specialist for internal medicine / pneumology with specialist qualification in palliative medicine, LE Leipziger Palliativgesellschaft, Leipzig, Germany | Germany",DE
Germany,DE
"Jiyoun Song, PhD, AGACNP-BC, APRN, is lecturer, Department of Biobehavioral Health Sciences, University of Pennsylvania School of Nursing, Philadelphia, PA",US
"Sue Moran, BA, RGN, is clinical nurse manager, Milford Care Centre, Milford, Castletroy, Limerick, Ireland",IE
Chief,
2022 HPNA President | 2022 HPNF President,
Journal of Hospice and Palliative Nursing,
"UCLA/VA Hospice and Palliative Medicine Program, UCLA School of Medicine, 11301 Wilshire Blvd., Bldg. 500, Room 2064A, Los Angeles, CA 90073, USA",US
"Independent Social Researcher and Death Studies Scholar, Nottigham, UK",GB
"Fundación Cudeca, Malaga, Spain",ES
"Compassionate Communities UK Trewoon Farm, TR12 6DT",
"Frome Medical Practice, Frome, UK",GB
"Director, Compassionate Communities, UK",GB
"Pôle recherche et enseignement universitaire ‘Soins palliatifs en société’ (SPES), Maison Médicale Jeanne Garnier, Paris, France",FR
"Pôle recherche et enseignement universitaire ‘Soins palliatifs en société’ (SPES), Maison Médicale Jeanne Garnier, Paris 75015, France",FR
"Compassionate Communities UK, Llanelli, UK",GB
"National Rehabilitation Center for Neuromuscular Diseases (RCFM), Aarhus, Denmark",DK
"Statistics By Design, Blackwater, UK",GB
"Department of Oncology, National Center for Cancer Immune Therapy, Herlev, Denmark",DK
"Medical Officer, Sanjeevan, Puducherry, India",IN
"UZ Ghent, Ghent, Belgium",BE
"Exact Sciences, Baar, Switzerland",CH
"St Luke’s Hospice, Winsford, UK | St Luke's Hospice, Winsford, UK",GB
"Compassion Montréal Centre-Sud, Montréal, QC, Canada",CA
"Association Québécoise Pour la Promotion de la Santé des Personnes Utilisatrices de Drogues (AQPSUD), Montréal, QC, Canada",CA
"Montreal Institute for Palliative Care, Kirkland, QC, Canada",CA
"Sorgenetz – Association for the Promotion of Societal Care Culture. Life/Ageing/Dementia/Dying, Vienna, Austria",AT
"IDEWE, External Service for Prevention and Protection at Work, Leuven, Belgium",BE
"Eurocarers, Brussels, Belgium",BE
"Department of Gerontology, University of Nebraska Omaha, 312 Nebraska Hall, 901 North 17 Street, Lincoln, NE 68588-0562, USA",US
"Central West Local Health Integration Network, Brampton, ON, Canada",CA
"Victoria Hospice Society, Victoria, BC, Canada",CA
"St Columba’s Hospice, Edinburgh, UK | St Columba's Hospice, Edinburgh, UK",GB
"Consumer advocate and Thomas MND Research Group, Adelaide, SA, Australia",AU
Patient and Public Involvement Representative,
"Rowcroft Hospice, Torquay, UK",GB
"Torbay Community Development Trust, Torquay, UK",GB
"Department of Rural Health (UONDRH), The University of Newcastle, 114 - 148 Johnston Street, Tamworth, NSW 2340, Australia",AU
"Independent, London",GB
"The Dementia Centre, HammondCare, Osborne Park, WA, Australia",AU
"Faculty of Medicine, La Sabana University, Bogotá, ColombiaNational Institute of Cancer, Bogotá, Colombia",CO
"Western Clinical Research and Education Group (GIECDO), Cali, Valle del Cauca, Colombia",CO
"Asociación Ecuatoriana de Cuidados Paliativos (ASECUP), Quito, Ecuador",EC
"Haute École Arc Santé, Delémont, Switzerland",CH
"St David’s Hospice, Llandudno, UK | St David's Hospice, Llandudno, UK",GB
"Département Recherche Enseignement Formation, Etablissements Jeanne Garnier, 106 avenue Émile Zola, Paris 75015, France",FR
"Département Recherche Enseignement Formation, Etablissements Jeanne Garnier, Paris, France",FR
"Wild Thing Productions Ltd, Bristol, UK",GB
"St Columba’s Hospice, Edinburgh, UK",GB
"The Peaceful Presence Project, Bend, OR, USA",US
"Geneva University Hospitals, Hôpital de Bellerive, 11 chemin de la Savonnière, Collonge-Bellerive 1245, Switzerland",CH
"Affiliation during the study: REHPA – Danish Knowledge Centre for Rehabilitation and Palliative Care, Nyborg, Denmark | Independent Researcher, Berlin, Germany",DK
"Dutch Centre of Expertise in Children’s Palliative Care, Utrecht, The Netherlands",NL
"Social Welfare Corporation Yotsubakai, Kurashiki, Okayama, Japan",JP
"Wabisabi Home Care Support Office, Chita, Aichi, Japan",JP
"Magokoro Home Care Support Office, Chita, Aichi, Japan",JP
"Yorozu Soudanjyo Co. Ltd, Konan, Aichi, Japan",JP
"Care Plan Tsuyukusa Home Care Support Office, Nagoya, Aichi, Japan",JP
"Kagayaki Home Care Support Office, Ichinomiya, Aichi, Japan",JP
"Suito Home Care Support Office, Kuwana, Mie, Japan",JP
"Nichii Care Center Koudunomori Home Care Support Office, Narita, Chiba, Japan",JP
"Social Medical Corporation Dohoku Kinsho Soya Clinic Designated Home Care Support Office, Wakkanai, Hokkaido, Japan",JP
"A&amp;R Gestión Ltda, Villavicencio, Colombia",CO
"Institute of Health Management Research, Bangalore, India",IN
"Research Unit for General Practice, Bartholins Allé 2, Aarhus C 8000, Denmark",DK
"Epidemiology Unit, Local Health Unit TO3, Grugliasco, Italy",IT
"Yamao Visiting Nurse Station, Nishio, Aichi, Japan",JP
"Nasu South Hospital, Nasukarasuyama, Tochigi, Japan",JP
"Compassionate Communities UK, TR12 6DT, Helston, UK",GB
"Sawayaka-no Sato Special Nursing Home for the Elderly, Aichi, Japan",JP
"Wabisabi Home Care Support Office, Aichi, Japan",JP
"Caring Community Cologne, Cologne, Germany",DE
"Division of Health Planning and Promotion, Public Health Department Cologne, Cologne, Germany",DE
"Last Aid Research Group International (LARGI); Department of Anesthesiology, Intensive Care, Palliative Medicine and Pain Therapy, HELIOS Klinikum Schleswig, Schleswig, Germany | Last Aid Research Group International (LARGI)",DE
"End of Life Doula UK, Derby, UK",GB
"MF Research Consultancy, Newcastle-upon-Tyne, UK",GB
"Pontifical Academy for Life, Rome, Italy",IT
"New Health Foundation, Sevilla, España",
"Independent Nursing Writer and Educator, London, UK",GB
Consumer representative,
"General Internal Medicine specialist FMH, Palliative care practice, Geneva, Switzerland",CH
"Corso di Laurea in Infermieristica, A.S.L. “Città di Torino,” Turin, Italy",IT
"Palliative Care, Pain Therapy and Rehabilitation Unit, National Tumor Institute (INT) IRCCS Foundation, Milano, Italy",IT
"Domus Salutis Hospice, Teresa Camplani Foundation, Brescia, Italy",IT
"Quartu Sant’Elena Hospice, Cagliari, Italy | Quartu Sant'Elena Hospice, Cagliari, Italy",IT
"Maria Teresa Chiantore Seragnoli Hospice ONLUS Foundation, Bentivoglio, Italy",IT
"Department of Anaesthesiology and Critical Care Medicine, Tettnang Hospital, Tettnang, Germany",DE
"Austrian Centre for Documentation and Quality Assurance in Intensive Care Medicine, Vienna, Austria",AT
"Clinic Susenberg, Zurich, Switzerland",CH
"Emily’s House Children’s Hospice, Toronto, Canada",CA
"De Zorggroep, Region Venlo (EBC), P.O. Box 694, 5900 AR Venlo, Netherlands;",
"Hospice de Duinsche Hoeve, Rosmalen, Netherlands",NL
"Department of Nursing, St. Mary's Junior College of Medicine, Nursing and Management, Yilan, Taiwan",TW
"Home Clinic Dulan, Taitung, Taiwan",TW
"Ethics, Law and Humanities, Amsterdam, the Netherlands",NL
"Klinik Kesihatan Simpang Kuala, Alor Setar, Kedah, Malaysia",MY
"Oncology and Palliative Care Unit, Hope Insititute Hospital, Jamaica",JM
"Department of Internal Medicine, Thomas Hospital Infirmary Health, Fairhope, Alabama, USA",US
"Community Support Team in Palliative Care - Sintra, Portugal",PT
"Department of Palliative Care, Hospital Santa Luzia, Elvas, Portugal",PT
"Community Team of Palliative Care, Maia/Valongo, Portugal",PT
"Department of Medicine, Piedmont Eastside Medical Center, Snellville, GA, USA",US
"Photographer, Moment by Moment Photography, Alamo, California, USA",US
"Founder, Moment by Moment Photography, Alamo, California, USA",US
"Orillia Soldiers Memorial Hospital, Orillia, Ontario, Canada",CA
"Carevive Systems, Inc, North Miami, FL, USA",US
"Genentech Inc, South San Francisco, CA, USA",US
"Wissahickon Hospice, Philadelphia, PA, USA",US
"Mt. Zion Church, Philadelphia, PA, USA",US
"Salem Baptist Church, Jenkintown, PA, USA",US
"Henrietta Szold Hadassah-Hebrew, University School of Nursing, Hashmonaim, Israel",IL
"Medical Service Research Division, Naval Medical Center of PLA, Shanghai, China",CN
"L Chong: Salvation Army Toronto Grace Health Centre, Toronto, Ontario, Canada",CA
"Bioethics Committee, SARQuavitae, Barcelona, Spain",ES
"Ascension Saint Michael’s Hospital, Stevens Point, WI, USA | Medical Director Primary and Specialty Care Ascension North Region, Ascension Medical Group, Stevens Point, WI, USA | Ascension Saint Michael's Hospital, Stevens Point, WI, USA",US
"Ascension Saint Michael’s Hospital, Stevens Point, WI, USA | Ascension Saint Michael's Hospital, Stevens Point, WI, USA",US
"Applied Research Centre, Li Ka Shing Knowledge Institute, Canada",CA
"Salvation Army Toronto Grace Health Centre, Palliative Care Unit, Toronto, ON, Canada",CA
"Department of Family Medicine, Dalin Tzu Chi Hospital, Buddhist Tzu Chi Medical Foundation, Chiayi, Taiwan",TW
"Integrated Traditional Chinese and Western Medicine Medical Care Ward, ZheJiang Hospital, Hangzhou, PR China",CN
"Military patient management section, The 926th Hospital of the joint logistics support force of the Chinese people's Liberation Army, Kaiyuan, China",CN
"Department of Urology; NYU Langone Health, NYU Grossman School of Medicine, New York, NY, USA | Department of Urology",US
Santa Maria Local Health Unit,
"Epidemiology, SA Department for Health and Ageing, South Australia, Australia",AU
"Health Statistics Unit, SA Department for Health and Ageing, South Australia, Australia",AU
"Health Statistics Unit, Epidemiology, SA Department for Health and Ageing, South Australia, Australia",AU
"Palliative Care Unit, Port Kembla Hospital, 89–91 Cowper Street, Warrawong, New South Wales 2505, Australia;",
"Department of Urology, North West Anglia NHS Foundation Trust, Huntingdon, United Kingdom",GB
"Medecins Sans Frontieres, New Delhi, India",IN
"Brookdale Department of Geriatrics and Palliative Medicine, Icahn School of Medicine, New York, NY, USA",US
"Mary Potter Palliative Care Clinic, Korçe, Albania",AL
"Department of Health Administration and Management, Soon Chun Hyang University, Asan, Chungcheongnam-do, Korea",KR
"Palliative Medicine, Sunderland, United Kingdom",GB
"Department of Anesthesiology and Critical Care, Puducherry, India",IN
"Strive Health Management Consulting Inc., Halifax, Nova Scotia, Canada",CA
"John Aylen Communications, Montréal, Quebec, Canada",CA
"Pollara Strategic Insights, Toronto, Ontario, Canada",CA
"Pfercos Co, Inc, Suzunaga Bldg, Tokyo, Japan",JP
"Visiting Nursing Station Move, Yokohama, Japan",JP
"Department of Palliative Care, Miyazaki City Country Medical Association Hospital, Miyazaki, Japan",JP
"Department of Palliative and Supportive Care, Palliative Care Team, Hamamatsu, Japan",JP
"Northern Ireland Hospice, Belfast, Northern Ireland and Belfast Health and Social Care Trust",GB
"United States Citizenship and Immigration Services, USA",US
"Mental Health, Addiction and Intellectual Disability Service, Te Whatu Ora, New Zealand",NZ
"Department of Family Medicine, NV, USA",US
"Home Care Städteregion Aachen, Aachen, Germany",DE
"Department of Medical Oncology, Flevo Hospital, Almere, the Netherlands",NL
"Specialist Palliative Care Service North, Launceston, Tasmania, Australia",AU
"Sung-Tzu Nursing Home, Taiwan (ROC)",
"Interdisciplinary Center for Palliative Medicine, University Hospital Wuerzburg, Wuerzburg, Germany",DE
"Freelance, Rome, Italy",IT
"Provincia della Natività B.M.V. - O.SS.T., Gagliano del Capo, Italy",IT
"Neurologist, Florence, Italy",IT
"BC Centre for Palliative Care, New Westminster, British Columbia, Canada",CA
"AHN Healthcare@Home, Pittsburgh, PA, USA",US
"Johns Hopkins Community Physicians, Frederick, MD, USA",US
"Strathcarron Hospice, Stirlingshire, United Kingdom",GB
"Department of Pharmacology, Shri Venkateshwara College of Pharmacy, Pondicherry, India",IN
"ICES, Toronto,Canada",CA
Nordic Healthcare Group,
University of Osaka,JP
"Department of Radiotherapy, Cancer Research Institute, SRHU, Dehradun, Uttarakhand, India",IN
"Palliative Care Specialist, Karunashraya Hospice, Bangalore, Karnataka, India",IN
"Department of Internal Medicine, General Hospital of Komotini, Komotini, Greece",GR
"Department of Social Work, Amity University Haryana, Gurugram, Haryana, India",IN
"Independent Consultant, Delhi, India",IN
"Department of Mental Health, EviSyn Health, Khulna, Bangladesh,",BD
"Department of Oral Medicine and Radiology, Karpaga Vinayaga Institute of Dental Sciences, Kanchipuram, Tamil Nadu, India",IN
"Department of Oral and Maxillofacial Surgery, Karpaga Vinayaga Institute of Dental Sciences, Kanchipuram, Tamil Nadu, India",IN
"Department of Medical Surgical Nursing, Faculty of Nursing, King Abdul Aziz University, Jeddah, Saudi Arabia,",SA
"Department of Anaesthesia and Pain and Palliative Care, Chennai, Tamil Nadu, India",IN
"Roger Neilson House, Ottawa, Canada",CA
"Department of Pulmonary and Critical Care, Saint Elizabeth Medical Center, Chicago, Illinois, United States",US
"Department of Pain and Palliative Care, Aster Hospitals, Bengaluru, Karnataka, India,",IN
"Department of Anaesthesia, Critical Care and Pain Management, CK Birla Hospital for Women, Gurugram, Haryana, India",IN
"National District Hospital Bloemfontein, ICPCN Global Ambassador for Children’s Palliative Care, Palliative Care in Humanitarian Aid Situations and Emergencies PallCHASE, Bloemfontein, South Africa,",ZA
"WHOCC for Long-term Care and Palliative Care, Institute of Palliative Medicine, Kozhikode, India,",IN
"Department of Periodontology, School of Dental Sciences, Karad, Maharashtra, India",IN
"National Information Officer, Indian Association of Palliative Care (IAPC), Guwahati, Assam, India",IN
"Center for Healthcare Ethics, 301A Fisher Hall, 600 Forbes Avenue, Pittsburgh, Pennsylvania 15282, USA",US
"Vikas Anvesh Foundation, Pune, Maharashtra, India",IN
"Department of Community Health Nursing, SIMET College of Nursing, Palakkad, Kerala, India,",IN
"MGM Health Care, Chennai, Tamil Nadu, India",IN
"Department of Nephrology, Nanjappa Hospital, Shivamogga, Karnataka, India",IN
"Health Policy and Management, Medicine and Oncology, Johns Hopkins, Mumbai, Maharashtra, India,",IN
"Department of Research and Statistics, JDC Hospital and Research Center, Trivandrum, Kerala, India",IN
"Department of Department of Community Medicine, GMERS Medical College, Himmatnagar, Gujarat, India,",IN
"Department of Pain and Palliative Medicine, SRJ CBCC Cancer Hospital, Indore, Madhya Pradesh, India",IN
"Chennai School of Music Therapy, Chennai, Tamil Nadu, India, | Chennai School of Music Therapy, Chennai, Tamil Nadu, India",IN
"Office of the CMO, Suite 1199 , Palo Alto, CA 94304, USA,",US
"Border Security Force, Sector Hospital, BSF Campus, North Tripura, Tripura, India",IN
"School of Public Health, SRM Medical College Hospital and Research Centre, Chennai, Tamil Nadu, India,",IN
"Department of Pain and Palliative Medicine, Narayana Super Speciality Hospital, Andul Road, Howrah, West Bengal, India",IN
"Società Italiana di Cure Palliative (Italian Society of Palliative Care), MI, Italy",IT
"Coastal Students Cultural Forum, Thiruvananthapuram, Kerala, India,",IN
"Department of Pediatrics, Pediatric Intensive Care Unit, Chennai, Tamil Nadu, India,",IN
"Department of Anesthesiology and Unit Head Pain and Palliative Care, LN Medical College and JK Hospital, Bhopal, Madhya Pradesh, India",IN
"Department of Anesthesiology, LN Medical College and JK Hospital, Bhopal, Madhya Pradesh, India",IN
"Department of Palliative Medicine Homi Bhabha Cancer Hospital and Research Centre, India,",IN
"Department of Gynaecologic Oncology, Homi Bhabha Cancer Hospital and Research Centre, India,",IN
"Department of Palliative and Geriatric Care, Sneha Sandhya Age Care Foundation, India,",IN
"Office of the Chief Medical Officer of Health, Tamluk, Purba Medinipur district, West Bengal, India,",IN
"Department of Health Education, Health Information Management, Eastern College, Centre for Disease Education, Sydney, Canada,",CA
"National Faculty, Indian Association of Palliative Care, Kozhikode, Kerala, India,",IN
"Department of Obstetrics and Gynaecology, Jigme Dorji Wangchuck National Referral Hospital, Thimphu, Bhutan",BT
"Palliative Care Unit, Jigme Dorji Wangchuck National Referral Hospital, Thimphu, Bhutan",BT
"Asia Pacific Hospice Palliative Care Network, Singapore,",SG
"Department of Palliative Care, Launceston Specialist Palliative Care Service, Tasmania, Australia,",AU
"Department of Palliative Medicine, CanSupport, New Delhi, India,",IN
"Department of Data Science, Prasanna School of Public Health, Manipal, Karnataka, India,",IN
"Department of Palliative Medicine, Sri Aurobindo Medical College and PG Institute, Sri Aurobindo University, Indore, Madhya Pradesh, India,",IN
"Department of Palliative Care and Pain, Bahrain Oncology Centre, Busaiteen, Bahrain",BH
"Department of Sexual and Reproductive Health, Regional Institute of Public Health - Comlan Alfred Quenum, Abomey-Calavi, Benin,",BJ
"Department of Palliative Medicine, Tohoku University School of Medicine, Sendai, United States",US
"Department of Clinical Oncology, Institute of Development, Aging and Cancer, Tohoku University, Sendai, United States",US
"Department of Palliative Nursing, Tohoku University School of Medicine, Sendai, United States",US
"Department of Palliative and Supportive Care, Palliative Care Team, Seirei Hospice, Seirei Mikatahara General Hospital, Hamamatsu, United States",US
"Department of Otorhinolaryngology and Head and Neck Surgery, Bhaikaka University, Karamsad, Gujarat, India",IN
"Department of Community Medicine and Community Medicine, Bhaikaka University, Karamsad, Gujarat, India",IN
"Department of Onco-Anesthesiology and Palliative Medicine, New Delhi, India,",IN
"Department of Adult Health Nursing, College of Nursing and Midwifery, Isfahan, Iran,",IR
"Department of Adult Health Nursing, Nursing and Midwifery Care Research Center, Isfahan, Iran,",IR
"Border Security Force, Gwalior, Madhya Pradesh, India,",IN
"Centre for Medical Education, Cardiff university, Wales, United kingdom,",GB
"Department of Community Medicine, Seth G.S. Medical College and K.E.M Hospital, Mumbai, Maharashtra, India,",IN
"Pôle Recherche et Enseignement Universitaire, Soins Palliatifs en Société, Maison MédicaleJeanne-Garnier, Paris, France,",FR
"CanSupport, New Delhi, India,",IN
"VA Palliative Care Quality Improvement Resource Center, Stanford School of Medicine, Stanford Palliative Care Programs, Stanford, United States,",US
"Department of Medicine and Oncology, Health Policy and Management, Primary Care for Cancer Survivors Program, Green Spring Station, Broadway, Baltimore, United States,",US
"Palliative Care Division, National Cancer Grid - India, Tata memorial Centre, Mumbai, Maharashtra, India,",IN
"Fenivi Research Solutions, Madras School of Social Work, Chennai, Tamil Nadu, India,",IN
"Department of Social Work, Madras School of Social Work, Chennai, Tamil Nadu, India,",IN
"Medical Officer, Director Health Services Kashmir, Sub District Hospital Nagam, Jammu and Kashmir, India,",IN
"Department of Clinical Oncology and Nuclear Medicine, Faculty of Medicine Suez Canal, Suez, Egypt,",EG
"Department of Hematology and Medical Oncology, University Medical Center Goettingen, Goettingen, Germany,",DE
"Former Trustee, Golden Butterflies Children’s Palliative Care Foundation, Chennai, Tamil Nadu, India | Former Trustee, Golden Butterflies Children's Palliative Care Foundation, Chennai, Tamil Nadu, India",IN
"Border Security Force, Composite Hospital, Border Security Force Campus, Jalandhar Cantonmentt, Punjab, India",IN
"Department of Medical Science, Medical Center, Shantou, China",CN
"Amader Gram Cancer Care and Research Center, Rampal, Bagerhat, Bangladesh",BD
"Department of Anaesthesia and Pain, Health World Hospitals, Durgapur, West Bengal, India",IN
"Ashirvad Institute for Pain Management and Research, Mumbai, Maharashtra, India",IN
"Department of Palliative Care, Konan Medical Center, Hyogo, Japan,",JP
"Department of Pediatric Hematology Oncology, Super Speciality Pediatric Hospital and Post Graduate Teaching Institute, Noida, Uttar Pradesh, India",IN
"Department of Anaesthesiology, Combined Military Hospital, Dhaka, Bangladesh",BD
"4 International Society of Nephrology, Brussels, Belgium",BE
"Department of Anaesthesiology, Ibra Hospital, Ibra, Muḩāfaz̧at Janūb ash Sharqīyah, Oman,",OM
"Medical Director, CanSupport, New Delhi, India,",IN
"Founder, CanSupport, New Delhi, India,",IN
"Palliative Care Physician and Researcher, Bengaluru, Karnataka, India,",IN
"Department of Anesthesiology, Ibra Hospital, Ibra, North Sharqiya, Oman,",OM
"Department of Nursing, Tagore College of Nursing, Chennai, Tamil Nadu, India,",IN
"Department of Medical Oncology, GVN Institute of Oncology, Tiruchirappalli, Tamil Nadu, India",IN
"Department of Medicine, Blekinge Hospital, Karlskrona, Sweden",SE
"Department of Palliative Care and Advanced Home Health Care, Primary Health Care Skåne, Region Skåne, Lund, Sweden,",SE
"Department of Oncology Physiotherapy, Karnataka Lingayat Education Society Academy of Higher Education and Research Institute of Physiotherapy, Belagavi, Karnataka, India",IN
Department of Anatomy and Cell Biology,
"Nirakara Institute, Madrid",ES
Department of Medical Psychology,
"Department of Surgery, Faculdade de Medicina, Cancer Metabolism Research Group",
Cancer Research Institute,
Department of Oncology,
"Andrea Warnick Consulting, Toronto, Ontario Canada | to Andrea L. Warnick, BScN, MA, Andrea Warnick Consulting, 585 Dundas St. East, 3rd Floor, Toronto, ON, M5A 2B7, Canada. E-mail: [email protected]",CA
Department of Hematology,
The Louis Dundas Centre for Children's | Faculty Of Life & Health Sciences,
"General Practice and Primary Care, Institute of Health and Wellbeing",
Breathlessness and chronic respiratory failure,
Department of Geriatric Medicine,
The Cancer Cachexia Society,
"Bottomley Consulting Group, Brussels, Belgium",BE
"General Directorate for Research and Knowledge of the Andalusian Public Health Government, Seville, Spain",ES
Department of Anesthesiology,
"Department of Cardiology and Pneumology, University Medical Center Goettingen, Goettingen, Germany",DE
Department of Clinical Medicine,
Department of Radiation Oncology,
Department of Kinesiology and Physical Education,
"Department of Internal Medicine, Division of Hematology, Oncology & Palliative Care, Richmond, Virginia, USA",US
Department of Hematology and Oncology,
"Department of Primary Care, Cambridge Institute of Public Health",
"Duke Homecare and Hospice, Durham, North Carolina, USA",US
Department of Medical Microbiology,
"Department of Radiology and Nuclear Medicine and Cancer Research Center | Division of Nuclear Medicine, Department of Medical Imaging and Oncology Branch of Research Center, CHU de Québec",
"Upper Canada College, Toronto, Ontario, Canada",CA
John Richards Centre for Rural Ageing Research,
"IVF Centers, Shaare Zedek and Bikur Cholim Medical Centers, Affiliated with the Hebrew University School of Medicine, Jerusalem, Israel",IL
"Division of Radiation Oncology, Department of Oncology",
"Department of Radiation Oncology | Department of Radiation Therapy, Odette Cancer Centre",
"Department of Kinesiology and Physical Education, Clinical Exercise & Respiratory Physiology Laboratory | fax: +1 514 398 4186",
"Department of Medical Oncology, Northern Beaches Hospital, Sydney, New South Wales",AU
Department of Psychological Medicine,
"St Columba’s Hospice, Boswall Road, Edinburgh, UK",GB
"Department of Radiation Oncology, BC Cancer – Vancouver, Vancouver, British Columbia, Canada",CA
Department of Urology,
"Habilita, Hospitals & Research, Department of Advanced Technology Rehabilitation & Pain Rehabilitation Units, Zingonia di Ciserano (Bg), Italy",IT
"Department of Radiation Oncology, BC Cancer – Vancouver, Vancouver, Canada",CA
Postbaccalaureate Program,
"Habilita, Hospitals & Research Neurorehabilitation Unit and Department of Advanced Technology Rehabilitation & Pain Rehabilitation Units, di Ciserano (BG)",
"Habilita, Hospitals & Research Neurorehabilitation Unit, Department of Rehabilitation, Zingonia di Ciserano (BG)",
"Faccanoni Hospital, Habilita Hospitals & Research, Sarnico, Bergamo, Italy",IT
"St Luke’s Eldercare Private Limited | St Luke's Eldercare Private Limited | to Edward Poon, St Luke's Eldercare Private Limited, 2 Ang Mo Kio Street 23, Singapore 569341, Singapore. Tel.: +65 9675 1876",SG
St Luke’s Eldercare Private Limited | St Luke's Eldercare Private Limited,
Discipline of Anatomy and Pathology,
"Montreal University Hospital Center (CHUM), Montreal, Quebec, Canada | e-mail: [email protected] | fax: +1 514 412 7620",CA
"Department of Medicine, Division of Medical Oncology & Hematology | to Dr Ines B. Menjak, 2075 Bayview Avenue, T2, Toronto, Ontario, M4N 3M5, Canada. Tel: +1 416 480 5248",CA
Department of Biomedical Science,
"Department of Radiation Oncology, BC Cancer, Vancouver, British Columbia, Canada",CA
"Association of Clinical Pastoral Education, Atlanta, GA, USA",US
"Platform MS3 – Medicine, Spirituality, Healthcare and Society, CHUV, Lausanne, Switzerland;",CH
"George Washington Institute for Spirituality and Health (GWish), Washington, DC, USA",US
"Association for Clinical Pastoral Education (ACPE), Atlanta, GA, USA",US
"Christ Community Behavioral Health, Memphis, Tennessee, USA",US
"St Joseph's Hospital | St Joseph's Hospital, Australia",AU
"Spiritual Health Association, Melbourne, Australia",AU
"The Unit for Research and Analysis, Church of Sweden, Uppsala, Sweden",SE
"Association for Clinical Pastoral Education, Atlanta, GA, USA",US
"Rocky Mountain Regional Veterans Affairs Medical Center, Aurora, CO, USA",US
"Veterans Affairs North Texas Healthcare System, Fort Worth, TX, USA",US
"Spiritual Care, Canadian Association for Spiritual Care/Association canadienne de soins spirituels, Newmarket, ON, Canada",CA
"Fellowship Training Program, MJHS Institute for Innovation in Palliative Care, New York City, NY, USA",US
"Spiritual Care, Ascension, Indianapolis, IN, USA",US
"Mission Integration, CommonSpirit Health, Las Vegas, NV, USA",US
"Nagaoka-Nishi Hospital, Nagaoka, Japan",JP
"Church of Sweden, The Church of Sweden, Uppsala, Sweden",SE
"Spiritual Health Association, Melbourne, Victoria, Australia",AU
"North Dakota Air National Guard, Fargo, ND, USA",US
"HammondCare, St. Leonards, NSW, Australia",AU
"The Dementia Centre, HammondCare, St. Leonards, NSW, Australia",AU
"Research and Policy, Spiritual Health Association Australia, Melbourne, Australia",AU
"Professional and Community Education, Spiritual Care Association, New York, NY, USA",US
"Integrative Mental Health, Department of Veterans Affairs, USA",US
"Military Analytics, Fors Marsh Group, Arlington, VA, USA",US
"VA Center of Excellence for Suicide Prevention, Washington, DC, USA",US
"Center for Healthcare Organization and Implementation Research, Bedford, MA, USA",US
"ACPE Certified Educator, McMinnville, OR, USA",US
"Division of General Internal Medicine and Health Services Research, David Geffen School of Medicine at UCLA",US
"FISPPA Department, Univesity of Padova",
"Grand Pacific Health, Wollongong, Australia",AU
"Mental Health, SPG Therapy and Education, Walnut Creek, CA, USA",US
"Avenue Media Solutions, Wrexham, Wales, UK",GB
"Cast UK Ltd, Manchester, UK",GB
"Centro de Atención al Duelo Alaia, Madrid, Spain",ES
"Oncology Clinique, Humanite Psychiatry, Istanbul, Turkey",TR
"Dirección de investigación y desarrollo, Centro de biociencias, Ayudas diagnosticas Sura SAS, Medellín, Colombia",CO
"Psychodynamic Counsellor and BEAD Project Peer Volunteer, AL, USA",US
"Instituto Alfred Adler, Centro de Estudios Adlerianos, IAIP Uruguay, Montevideo, Uruguay",UY
"Asociación Panameña de Psicólogos, Ciudad de Panamá, Panamá",
"St. Francis Institute of Management and Research, Mumbai, Maharashtra, India",IN
"Sweden Ghana Medical Centre, Accra, Ghana",GH
"Humanite Psychiatry, Istanbul, Turkey",TR
"The i’Mpossible Project, Beverly Hills, CA, USA | The i'Mpossible Project, Beverly Hills, CA, USA",US
"Investigado Independiente, Lima, Peru",PE
"University Health | University Health, Kansas City, MO, USA",US
"Jackson County Prosecutor's Office, Kansas City, MO, USA",US
"Everymind | Everymind, Newcastle, Australia",AU
"National Center on Homelessness Among Veterans, Philadelphia, PA, USA",US
The Hong Kong Society for Rehabilitation,
"Swedish Agency for Work Environment Knowledge, Gävle, Sweden",SE
"National College of Business and Arts, Quezon City, Philippines",PH
"Pukar Disability Resource Centre, Preston, Lancashire, UK",GB
"Avenue Consulting Ltd, Wrexham, Wales, UK",GB
"Psychiatry Department, Ya’an Fourth People's Hospital, Sichuan, China | Psychiatry Department, Ya'an Fourth People's Hospital, Sichuan, China",CN
"Connecting Trust, Pune, Maharashtra, India",IN
"Instituto IPIR Duelo, pérdidas y trauma, Barcelona, Spain",ES
"Instituto IPIRMEX Duelo, pérdidas y trauma, Guadalajara, México",MX
"JSSA Hospice, Rockville, Maryland, USA",US
"Volunteer Palliative Care Doula, Greenwood, SC, USA",US
"Ecole Supérieure de la Sécurité Sociale, Algiers, Algeria",DZ
"Western Regional School of Nursing, Corner Brook, Canada",CA
"Avenue Consulting Ltd, Wrexham, Wales, United Kingdom of Great Britain and Northern Ireland",GB
"Crossroads Hospice, Memphis, TN, USA",US
"LFQ, Australia",AU
"Avenue Consulting Limited, Wales, UK",GB
"Division of Psychiatry, Finnmark Hospital Trust, Norway",NO
"The i'Mpossible Project, Beverly Hills, CA, USA",US
"The Joshua Tree, Northwich, UK",GB
Voices Editor,
"A.R.N.A.S. Civico - Di Cristina - Benfratelli, Palermo, Italy",IT
"Voice of the World Mozambique, Maputo, Mozambique",MZ
"Learning in Retirement, Palm Springs, CA, USA",US
"Independent Social Researcher, Nottingham, UK",GB
"PhD Student, Hospital Centro de Cuidados Laguna. Fundación Vianorte-Laguna. Madrid, Spain",ES
"Hospital Centro de Cuidados Laguna. Fundación Vianorte-Laguna. Madrid, Spain",ES
"Lecturer Practitioner, Hospice of St Francis, Berkhamsted, UK",GB
"Regional Palliative Care Coordinator, Prairie Mountain Health, Brandon, Manitoba",CA
"Lead Consultant, Severn Hospice, Telford",
"Professor of Primary Care Psychiatry, Division of Psychiatry, Faculty of Brain Sciences, UCL",
"Director of Nursing, Hospice Waikato, New Zealand",NZ
"Director of Education and Training Welsh Wound Innovation Centre, Rhondda Cynon Taff, Wales",GB
"Director, Mothering & Life Management Research Institute, Tokyo, Japan",JP
"Clinical Nurse Manager, Milford Care Centre, Limerick, Ireland",IE
Consultant Dietitian,
"Family Physician, practicing in Palliative Medicine on the Palliative Care Consult Team",BR
"Specialty trainees, Palliative Medicine, Health Education North East, UK",GB
"Manager, Tu Kotahi Services, Kokiri Marae",
"Chief Executive, Mary Potter Hospice, Wellington",NZ
"Clinical Nurse Specialist Educator, Te Omanga Hospice, Lower Hutt",
"Senior Physiotherapist, at Milford Care Centre, Limerick, Ireland",IE
"Physiotherapy Manager, at Milford Care Centre, Limerick, Ireland",IE
"Library and Information Service, Milford Care Centre, Limerick, Republic of Ireland",IE
"Speech and Language Therapist, Chelsea Children's Therapy, London, UK",GB
"Principal, Capstone Healthcare and Palliative Care Essentials, Phoenix, Arizona, US",US
"Librarian, Irish Nurses and Midwives Organisation",
"City Hospital of Viseu de Sus, Romania",RO
"Research Officer, NZ Institute of Community Health Care, Christchurch NZ",NZ
"GSF Nurse Lead for Hospitals and Primary Care, GSF Centre CIC for End of Life Care, UK",GB
"Specialised nurse, Professor in palliative care",
"Research Fellow-Rural Health, Broken Hill University Department of Rural Health, University of Sydney",AU
"Turkish-Palestinian Friendship Hospital, Palestine",PS
Lecturer and Programme Director for the Postgraduate Diploma in Nursing (Palliative Care),
Post-doctoral Research fellow,
"Macmillan Clinical Nurse Specialist in Palliative Care, Macmillan Day care Unit, Roxburghe House, Royal Victoria Hospital, Jedburghe Road, Dundee",
Nurse Educator Mercy Hospice Auckland,NZ
"Research Co-ordinator at The District Nurses hospice@HOME, Moonah, Tasmania, Australia",AU
"Director of State Operations at The District Nurses hospice@HOME, Moonah, Tasmania, Australia",AU
"Clinical Project Manager at The District Nurses hospice@HOME, Moonah, Tasmania, Australia",AU
"Clinical Nurse Specialist, Arohanui Hospice Palmerston, North New Zealand",
"Pivot nurse in oncology Montreal-West Intergrated University Health and Social Services Center, Montréal, Canada",CA
"Palliative care clinical nurse specialist Montreal-West-Central Integrated University Health and Social Services Centre, Montréal, Canada",CA
Lecturer and Research Officer (CareSearch),
"Associate Professor, Associate Dean (Research), School of Health Sciences CareSearch Director",
"Sue Ryder, Leckhampton Court Hospice, Cheltenham, UK",GB
Consultant in Gastroenterology (Hepatology),
"IBM Certified Specialist Chief Executive Office INFOi9 – Information Systems Lda, Vila Nova de Gaia, Portugal",PT
"Registered Nurse, King Abduallah University Hospital",
"Clinical Nurse Specialist, Community Palliative Care Team. St. Francis Hospice Dublin",IE
"Lecturer in Palliative Care, Saint Francis Hospice, Romford, UK",GB
Senior Research Fellow,
"Lecturer, Practitioner, Hospice of St Francis, Berkhamsted",
"Resident Experience Care Specialist, Four Seasons Health Care, Northern Ireland",GB
"Deputy Nurse Manager, Silver Birch Lodge Nursing Home",
"Student, Postgraduate Nursing Program, Campus Universitário Darcy Ribeiro, Brazil",BR
"Nurse Consultant Children's Palliative Care, East Anglia's Children's Hospices, Milton, Cambridge, UK",GB
"Clinical Nurse Specialist, East Anglia's Children's Hospices, Milton, Cambridge",
"Senior Lecturer in Children's Nursing, School of Nursing and Midwifery, Queen's University Belfast, Northern Ireland",GB
"Registered Nurse, at the Inpatient Unit, Mary Potter Hospice, Wellington, New Zealand",NZ
"Occupational Therapist, at the Inpatient Unit, Mary Potter Hospice, Wellington, New Zealand",NZ
"Kenya Red Cross, Nairobi",KE
"Professor Equipa Comunitária de Suporte em Cuidados Paliativos de Sintra, Portugal",PT
"Physician Equipa Comunitária de Suporte em Cuidados Paliativos de Sintra, Portugal",PT
"Nurse Equipa Comunitária de Suporte em Cuidados Paliativos de Sintra, Portugal",PT
Head of Research and Clinical Innovation,
"PhD student, Cathoclic University of Portugal, Institute of Health Sciences, Centre for Interdisciplinary Research in Health, Portugal",PT
"Associate Professor, Cathoclic University of Portugal, Institute of Health Sciences, Centre for Interdisciplinary Research in Health Portugal",
"Assistant Professor, Cathoclic University of Portugal, Institute of Health Sciences, Centre for Interdisciplinary Research in Health, Portugal",PT
"Group of study on perinatal palliative care of the Obstetric Clinic and Children's Institute; Department of Obstetrics and Gynaecology. University of São Paulo, Brazil",BR
"Group of study on perinatal palliative care of the Obstetric Clinic and Children's Institute; Department of Paediatrics, University of São Paulo, Brazil",BR
"Doctor of Medicine, Department of Home-based Palliative Care, ALA Cancer Prevention and Control Center (MACSA), Iran; President of French Institute of International Research and High Education, France",FR
"Medical Social Services, Yishun Community Hospital, Singapore",SG
"Aga Khan University, School of Nursing and Midwifery, Karachi",PK
"Director of Education and Research, Victoria Hospice, Canada",CA
"Nurse Consultant and Palliative Care Link Nurse Coordinator, Northern Adelaide Local Health Network, South Australia, Australia",AU
"Nursing graduate, João de Barros Barreto University Hospital, Brazil",BR
"Director, Ban La Wa, Health PromotingHospital, Nakhonnayok, Thailand",TH
"Assistant professor, Nursing Department, Patras City, Greece",GR
Registered Nurse at Department of Health Promotion,
Assistant Professor at Department of Health Promotion,
"Professor of Respiratory Medicine, Department of Respiratory Medicine",
"Deputy Lead Professional and Practice Development Facilitator, APSCSG",
"Professor and Honorary Consultant in Palliative Medicine, APSCSG",
"Clinical Nurse Specialist Care Home Education, St Michael's Hospice (North Hampshire), Basingstoke, UK",GB
"Lecturer in Organisational Behaviour, Norwich Business School, UK",GB
"Registered Nurse, Mary Potter Hospice, Wellington, New Zealand",NZ
"Occupational Therapist, Mary Potter Hospice, Wellington, New Zealand",NZ
"Health Researcher, Mary Potter Hospice, Wellington, New Zealand",NZ
"Head of Education, Research and Practice Development, Strathcarron Hospice, Denny, Stirlingshire, Scotland, UK",GB
"Director, Department of Education and Research, St Columba's Hospice, Edinburgh, Scotland, UK",GB
"Education Officer, International Children's Palliative Care Network, Durban, South Africa",ZA
"Specialist Trainee in Palliative Medicine, Health Education North East, England, UK",GB
"Advanced Nurse Practitioner, Winchcombe Medical Centre, Cheltenham; Independent Clinical Supervisor",
"Consultant in Palliative Medicine, Sue Ryder, Leckhampton Court Hospice, Cheltenham",
"Ms in Nursing, Palliative Care, Lund, Sweden",SE
"Board Secretary, Dongen, the Netherlands",NL
Department of Nursing,
"Department of Statistics and Data Analysis, Center for Cerebral and Cardiovascular Disease Information",
"Division of Medical Support and Partnership, Center for Cancer Control and Information Services, National Cancer Center, Tokyo",JP
"National Lymphoedema Education and Research Lead, Lymphoedema Network Wales, Cimla Health and Social Care Centre, Neath, Wales, UK",GB
"National Lymphoedema Clinical Lead, Lymphoedema Network Wales, Cimla Health and Social Care Centre, Neath, Wales, UK",GB
"Student Alupe University College, Alupe, Kenya",KE
"Senior Palliative Care Nurse, Mobile Hospice Mbarara, Hospice Africa, Uganda",UG
"Faculty Member, Neto Ceuma University",
"Medical Tutor, at Claudiana College of Health-Care Professions, Bolzano/Bozen, Italy",IT
"Pyschologist, at Claudiana College of Health-Care Professions, Bolzano/Bozen, Italy",IT
"Senior Nurse Clinician, Advance Practice Nurse, Division of Palliative Medicine, NCCS, Singapore",SG
"Senior Research Coordinator, Division of Palliative Medicine, NCCS, Singapore",SG
"Senior Consultant, Division of Palliative Medicine, NCCS, Singapore",SG
"Leadership Fellow for Extension of Community Health Outcomes, St Luke's Hospice, Sheffield",GB
"President, Kazakhstan Association for Palliative Care Board of Directors, International Association for Hospice and Palliative Care; Executive Director, Together Against Cancer, Kazakhstan",KZ
"PhD (Psychologist) AMARA-Associação pela Dignidade na Vida e na Morte, Lisbon, Portugal",PT
"Nurse, Milford Care, Centre Limerick",IE
"Clinical Nurse Manager, Milford care Centre",
"Physiotherapist, Milford Care Centre",
"Head of Education and Research, Milford Care Centre",
"Registered nurse, Maha Vajiralongkorn Thanyaburi Hospital, Thailand",TH
"College of Nursing and Healthcare Innovation, Arlington, Texas",US
"Head of Education and Research, Farleigh Hospice, Chelmsford, Essex",
"Head of Learning and Development, St Luke's Hospice, Basildon, Essex",
"Department of Monitoring, Evaluation and Dissemination of Strategic Health Data and Information, Brazil",BR
"Consultant, Department of Pain and Palliative MedicineBanjara Hills, Hyderabad",IN
"Consultant, Department of Pain and Palliative Medicine, BIACH&RI, Banjara Hills, Hyderabad",IN
"Staff nurse, Department of Pain and Palliative Medicine, Banjara Hills, Hyderabad",IN
"Health psychologist, Department of Pain and Palliative Medicine, Banjara Hills, Hyderabad",IN
"Registered nurse, ASST Rhodense, Garbagnate Milanese, Milan, Italy",IT
"Independent researcher, Leghorn, Italy",IT
"Medical Director, at Palliative Care Services, Calvary Mater Newcastle, Australia",AU
"Clinical Nurse Educator, Palliative Care Services, Calvary Mater Newcastle, Australia",AU
"Research Coordiantor, at Palliative Care Services, Calvary Mater Newcastle, Australia",AU
"Assistant Clinical Professor, Medical Oncology, Cross Cancer Institute, Edmonton, Canada",CA
"Dementia Care Advisor, Four Seasons Health Care, Northern Ireland",GB
"Staff Nurse, Marymount University Hospital and Hospice, Cork, Ireland",IE
"Clinical Nurse Specialist in Palliative Care, Marymount University Hospital and Hospice, Curraheen, Co Cork, Ireland",IE
"Clinical Nurse Specialist in Palliative Care, Marymount University, Hospital and Hospice, Curraheen, Co Cork, Ireland",IE
"Consultant Physician in Palliative Medicine, Marymount University Hospital and Hospice, Curraheen, Co Cork, Ireland",IE
"Senior Lecturer, School of Nursing, Midwifery, Medicine, Dentistry and Biomedical Sciences, Queen's University Belfast, Belfast, Northern Ireland",GB
"Clinical Psychologist, East Anglia's Children's Hospices (EACH) Cambridge, UK",GB
"Nurse Consultant, EACH, Cambridge, UK",GB
"Lead Acupuncturist, St Joseph's Hospice, Mare Street, London",GB
"Assistant Manager, Infection Control Team, Korea Workers' Compensation and Welfare Service, Ansan Hospital, Gyeonggi-do, South Korea",KR
"Assistant Professor, College of Nursing, University of isconsin-Milwaukee, Milwaukee, US",US
"Registered Dietitian, Never Ending Food, Lilongwe, Malawi",MW
"Founder and Coordinator, K2 Tigwirane Manja AIDS Support Organization (K2TASO), Kasungu, Malawi",MW
"Founder and Doctor, Hospice Africa Uganda, Kampala, Uganda",UG
"Founder and Nurse, Ndi Moyo Palliative Care Centre, Salima, Malawi",MW
"Director Cardiac Anesthesia, Newport Harbor Anesthesia Consultants",
"Chief Executive Officer, Peninsula Home Hospice, Mornington Manager, Palliative Care Service, Melbourne City Mission (formerly)",AU
"International Children's Palliative Care Network, UK",GB
"Hall and Prior Health and Aged Care Group, WA",US
"Curtin University, WA",US
"Head of Research, LauraLynn, Ireland's Children's Hospice, Dublin",IE
"Executive Vice President at Neshama: Association of Jewish Chaplains, Paramus, New Jersey, US",US
"President at Neshama: Association of Jewish Chaplains, Paramus, New Jersey, US",US
"Macmillan Nurse Facilitators, Greater Glasgow and Clyde Primary Care Palliative Care Team, Glasgow",GB
"Co-owner, Groundwork Communication, Denver, CO, USA",US
"Senior Consultant, Medical Services, Yishun Community Hospital, Singapore",SG
"Palliative Care Specialist and Consultant, Center to Advance Palliative Care, USA",US
"Editor, International Journal of Palliative Nursing",
"Consultant Editor, International Journal of Palliative Nursing",
"Librarian, Milford Care Centre, Limerick, Ireland",IE
"Palliative Care Doctor, BCUHB",
"Palliative care doctor, Nightingale House Hospice, Specialist Palliative Care, Wrexham",
"Palliative care consultant, BIHMR, Bangor University; Nightingale House Hospice, Specialist Palliative Care, Wrexham",
"Clinical Case, Coordinator, Silver Chain Organization, Australia",AU
"Medical Doctor, specialist in anesthesiology",
"Chief Medical Officer, Archimedes Development Ltd, Nottingham, UK",GB
"Practice Development Clinical Nurse Specialist, Care Home Project Team, London",GB
"Audit Lead, Care Home Project Team, London",GB
"Nurse Practitioner (palliative care), HammondCare, Greenwich, Australia",AU
"Head of Adult Hospice Services, Northern Ireland Hospice, Belfast, Northern Ireland",GB
"Consultant in Palliative Medicine, Northern Ireland Hospice, Belfast, Northern Ireland",GB
"Himawari Home Clinic, Tokyo, Japan",JP
"Education Department, Farleigh Hospice, Chelmsford, Essex, UK",GB
"Palliative Care Specialist, University Hospitals of Geneva, Department of Readaptation and Palliative Medicine; Hopital de Bellerive, Collonge-Bellerive, Switzerland",CH
"Hanoi French Hospital, Vietnam",VN
"Occupational Therapist, Icaria Health, Australia",AU
Project Manager; Brisbane South Palliative Care Collaborative,AU
"Department of Health Technology Assessment and Public Policy, Graduate School of Public Policy, University of Tokyo",JP
"General practitioner, Toussus-Le-Noble, France",FR
"Associate Professor, University of Science and Technology, India",IN
"PhD student, Health Scıences Unıversıty; İzmir Tepecik Educatıon And Research Hospıtal",
"Nursing managing director, Graduate student, Paediatric Haematology and Oncology, Medical Centre, University of Essen, Essen, Germany; Betreuungsnetz, Section of Specialised Outpatient Palliative Care for Children and Adolescents; Network for the Care of Seriously Ill Children, Adolescents and Young Adults, Hannover, Germany",DE
"Betreuungsnetz Project Management, Westphalian Wilhelms University to Münster, Westphalia; Betreuungsnetz, Section of Specialised Outpatient Palliative Care for Children and Adolescents; Network for the Care of Seriously Ill Children, Adolescents and Young Adults, Hannover, Germany",DE
"Psychologist paediatric palliative care; Betreuungsnetz, Section of Specialised Outpatient Palliative Care for Children and Adolescents; Network for the Care of Seriously Ill Children, Adolescents and Young Adults, Hannover, Germany",DE
"Coordinator paediatric palliative care; Betreuungsnetz, Section of Specialised Outpatient Palliative Care for Children and Adolescents; Network for the Care of Seriously Ill Children, Adolescents and Young Adults, Hannover, Germany",DE
"Betreuungsnetz project management; Betreuungsnetz, Section of Specialised Outpatient Palliative Care for Children and Adolescents; Network for the Care of Seriously Ill Children, Adolescents and Young Adults, Hannover, Germany",DE
"Palliative Care Unit, Solna Sundbyberg, Stockholm, Sweden",SE
"Academic Manager Bachelor of Nursing Course Leader, Faculty of Life Science and Education",
"Academic Subject Manager Professional Practice and Development, Faculty of Life Science and Education",
"Matron, East Anglia's Children's Hospices",
"Consultant Nurse, Children's Palliative Care East Anglia's Children's Hospices",
"Pregnancy Loss Research Group, Irish Centre for Maternal and Child Health Research, Cork University Maternity Hospital",IE
"Medical Doctor, Süreyyapaşa Chest Diseases and Surgery Training and Research Hospital, Palliative Care Unit, Turkey",TR
"Principal Specialist, Department of Family Medicine, Faculty of Health Sciences",BR
"Team Leader, at Helen and Douglas House Hospice, Oxford",
"Research Co-ordinator, at Helen and Douglas House Hospice, Oxford",
"Specialist Nurse Practitioner, St Barnabas Hospice, Lincolnshire",
Lecturer-practitioner in Cancer and Palliative Care,
"Clinical Nurse Specialist-Continence, Continence Promotion Unit, Dr. Steeven's Hospital, Dublin",IE
"Editor, IJPN",
"Palliative Care Consultant, Bethesda Health Care, Claremont, Australia",AU
"Consultant in Palliative Medicine, Milford Hospice, Ireland",IE
"Professor, Adult Health Nursing, University of North Carolina, North Carolina, US",US
"Community Specialist Palliative Care Clinical Nurse Specialist Team Lead, University Hospitals Dorset NHS Trust",US
"Head of Department, Institute of Palliative Medicine, Sri Lanka",LK
"Clinical Network Manager, Wessex Clinical Senate and Strategic Clinical Networks, Southampton, UK",GB
"Clinical Nurses Consultant Manager, Mid North Coast NSW, NSW Palliative Service, Silver Chain Group, Australia",AU
"Director of Nursing, St Fionnan's Community Nursing Unit, Achill, County Mayo, Ireland",IE
Independent Lecturer and Author in Palliative Care,
Adult Nursing,
Editor International Journal of Palliative Nursing,
"Clinical Lead, Marnel Lodge, Barchester Healthcare, Basingstoke, UK",GB
"Chief Executive, International Children's Palliative Care Network",
"Lymphoedema Clinical Nurse Specialist, Glasgow Lymphoedema Service West Glasgow, Yorkhill Hospital",GB
"Editor-in-Chief of the British Journal of Nursing, examines the enduring legacy of Victorian nursing pioneer Florence Nightingale",IT
Editor,
"MD, Hospital Centro de Cuidados Laguna, Fundación Vianorte-Laguna, Madrid, Spain",ES
"MD, Residencia Orpea Aravaca, Madrid, España",US
"Registered nurse, Rakuwakai Rehabilitation Hospital",
"Chief Executive International Children's Palliative Care Network (ICPCN), Board Member of the Worldwide Hospice Palliative Care Alliance (WHPCA), Board Member of the International Society of Nurses in Cancer Care (ISNCC)",
"Honorary Consultant in Palliative Care Medicine, St Oswald's Hospice, Newcastle upon Tyne",GB
Clinical Nurse Specialist and Visiting Lecturer in Palliative Care,
"Retired Senior Paediatric Palliative Care Nurse, Orkney",
"Consultant in Palliative Medicine; Chair of the Association for Palliative Medicine, London",GB
"Lecturer in Adult Nursing Division of Nursing, Midwifery and Social Work, School of Health Sciences",
"Clinical Nurse Specialist, East Anglia's Children's Hospices",
General Practitioner Specialty Registrar,
"Consultant Nurse Children's Palliative Care, East Anglia's Children's Hospices",
"Clinical Nurse Specialist, Milford Care Centre, Castletroy, Limerick, Ireland",IE
"Nurse Tutor, Milford Care Centre, Castletroy, Limerick, Ireland",IE
"Head of Education, Quality and Research, Milford Care Centre, Castletroy, Limerick, Ireland",IE
"Consultant in Palliative Medicine, Milford Care Centre, Castletroy, Limerick, Ireland",IE
"Department of Nursing, Botucatu Medical School, Paulista State University, São Paulo, Brazil",BR
"Discipline of Occupational Therapy, School of Health Sciences",
Chief Executive International Children's Palliative Care Network,
" | Clinical director; specialist doctor, Treat-it Clinic, Kanabo, UK",GB
"Clinical director; specialist doctor, Treat-it Clinic, Kanabo, UK | Head of Research and Development, Treat-it Clinic, Kanabo, UK",GB
"Head of Research and Development, Treat-it Clinic, Kanabo, UK | Head of Clinical Governance, Treat-it Clinic, Kanabo, UK",GB
"Head of Clinical Governance, Treat-it Clinic, Kanabo, UK | General practitioner, Treat-it Clinic, Kanabo, UK",GB
"General practitioner, Treat-it Clinic, Kanabo, UK | Head of Clinical Governance, Treat-it Clinic, Kanabo, UK",GB
"Head of Clinical Governance, Treat-it Clinic, Kanabo, UK",GB
IJPN Consultant Editor (2017–2024),
"Vice President, Lar de Cuidados de Ká Hó da Federação",
"Head of Discipline (Adult Nursing) College of Health, Psychology and Social Care",
"Palliative medicine specialist, Victoria",AU
"Palliative care physician, Asociación Colombiana para estudio del Dolor",
"Professor, Kristian Gerhard Jebsen Chair of Palliative Nursing Care, Lausanne",CH
"Clinical nurse consultant palliative care, Hastings Macleay Clinical Network, Mid North Coast Local Health District",
"Supportive and Palliative Care Team QUT, L7, Institute of Health and Biomedical Innovation, 60 Musk Ave, Kelvin Grove, QLD 4059",AU
"WHO Collaborating Centre for Community Participation in Palliative Care and Long-Term Care, Institute of Palliative Medicine, Calicut, Kerala, India",IN
"Social Worker, Psychotherapist and Independent Scholar, Queensland, Australia",AU
"Fondazione Assistenza e Ricerca in Oncologia (FARO) onlus, Turin, Italy",IT
"Dover Park Hospice, Singapore | The Palliative Centre for Excellence in Research and Education, Singapore",SG
"British Columbia Emergency Health Services, Clinical and Medical Programs, Vancouver, Canada | Justice Institute of British Columbia, Paramedic Academy, Vancouver, Canada | 3 Justice Institute of British Columbia, Paramedic Academy, Vancouver, Canada",CA
"CiMaS Home Nursing Service, Newtown, Australia",AU
"Village Mosaic, Fontbonne Ministries, Sisters of St. Joseph, Toronto, Canada",CA
"JASCAP (JEET ASSOCIATION FOR SUPPORT TO CANCER PATIENTS), Mumbai, India",IN
"THE INN Between, Salt Lake City, UT, USA",US
"Milford Care Centre, Castletroy, Limerick, Ireland",IE
"Glorach Community Theatre, Limerick, Ireland",IE
"Mount Carmel Nursing Home, Roscrea, Co. Tipperary, Ireland",IE
"Glass Half Full Projects, PO Box 4197, Kingston, ACT 2604, Australia",AU
"Glass Half Full Projects, PO Box 4197, Kingston, ACT 2604, Australia | Glass Half Full Projects",AU
"Strathcarron Hospice, Randolph Hill, Denny, Stirlingshire, UK",GB
"Department of Education and Research, St Columba’s Hospice, Edinburgh, UK | Department of Education and Research, St Columba's Hospice, Edinburgh, UK",GB
"South Australian Ambulance Service, Eastwood, Australia",AU
"County of Renfrew Paramedic Service, Ontario, Canada | McNally Project for Paramedic Research, Ontario, Canada | 2 McNally Project for Paramedic Research, Ontario, Canada;4 County of Renfrew Paramedic Service, Ontario, Canada",CA
"Sacred Heart Supportive &amp; Palliative Care, Sacred Heart Health Service, Darlinghurst, Australia",AU
"Department of Psychiatry, Iqraa International Hospital and Research Centre, Kozhikode, India",IN
"Rachel House Foundation, Jakarta, Indonesia",ID
"College of Psychology, School of Health, Medical and Applied Sciences, CQU, Adelaide, South Australia, Australia",AU
"Independent Scholar, Melbourne, Australia",AU
"Coach House Sports Physiotherapy Clinic, Leeds, UK",GB
"Hospice of St Francis, Berkhamsted, UK",GB
"The Hospice of St Francis, Berkhamsted, Hertfordshire, UK",GB
"Garden House Hospice, Letchworth Garden City, UK",GB
"Psychologist, Psychotherapist, Researcher at Hospice “Le Rose”, Latina, Italy",IT
"Palliative Medicine, Fondazione F.A.R.O.onlus, Turin, Italy",IT
"Medical Oncology, Cross Cancer Institute, Edmonton, AB, Canada",CA
"Palliative Care Medicine, Department of Oncology, Edmonton, AB, Canada",CA
"Systems Improvement, Clinical Excellence Commission, Sydney, Australia",AU
"Department of Health Services Research, Lee Kong Chian School of Medicine, Singapore",SG
"VITAS Healthcare®, Miami, FL, USA",US
Compassionate Communities UK,
"Totara Hospice, South Auckland, New Zealand",NZ
"Community Palliative Care Clinical Nurse Specialist, Independent Scholar, Grafton, Australia",AU
"Emergency Department, Sanatorio Las Lomas, Buenos Aires, Argentina",AR
"The Danish Knowledge Centre for Rehabilitation and Palliative Care, Nyborg, Denmark",DK
"Australasian Palliative Link International, Camden Park, Australia",AU
"North and West Melbourne Metropolitan Region Palliative Care Consortium, Thornbury, Australia",AU
"Independent researcher, West Yorkshire, UK",GB
"Together for Short Lives, UK",GB
"International Children’s Palliative Care Network, UK/South Africa | International Children's Palliative Care Network, UK/South Africa",
"Expert by Experience, UK",GB
"Independent researcher, UK",GB
"Neo Clinic, London, UK",GB
Homi Bhabha Cancer Hospital & Research Centre,
"UCSF/SFSU Graduate Program in Physical Therapy | UCSF/SFSU Graduate Program in Physical Therapy, San Francisco, CA, USA",US
Curaleaf Clinic,
Faculty of Health Science,
National Forensic Sciences University,IN
Hassan First University,MA
"Clinical Lead Proactive Care, South Worcestershire CCG; Clinical Associate Frail Elderly and Complex Care Worcestershire H&CT",GB
"Practice Development Nurse, The Hospice of St Francis, Berkhamsted, Hertfordhsire",GB
Lymphoedema Macmillan Lymphoedema Clinical Nurse Specialist/ANP,GB
